booking_id,maintenance_id,acknowledged_at
1025530,1000000,2024-05-29T09:28:00
1002504,1000001,2025-06-09T10:53:00
1012698,1000001,2025-05-23T05:06:00
1024918,1000002,2024-08-29T11:15:00
1092054,1000003,2023-07-08T07:22:00
1050151,1000004,2023-09-21T07:37:00
1065081,1000005,2022-09-03T10:03:00
1092481,1000006,2023-04-08T22:47:00
1005653,1000006,2023-06-02T23:58:00
1032313,1000007,2023-02-14T10:16:00
1055762,1000007,2023-04-03T06:00:00
1006710,1000008,2023-02-01T07:35:00
1057092,1000008,2023-01-17T08:40:00
1006926,1000009,2022-08-21T06:54:00
1046489,1000010,2025-03-18T08:15:00
1029856,1000011,2025-06-28T09:14:00
1030489,1000012,2022-09-09T12:59:00
1022454,1000013,2025-03-24T14:45:00
1089842,1000014,2023-01-24T03:22:00
1024470,1000015,2024-04-05T11:57:00
1015136,1000015,2024-03-06T10:38:00
1012746,1000016,2024-04-12T06:13:00
1085039,1000017,2023-06-02T08:42:00
1094863,1000018,2022-09-16T13:35:00
1017276,1000019,2024-06-28T05:13:00
1030464,1000019,2024-07-06T04:24:00
1037529,1000019,2024-05-29T03:09:00
1061914,1000020,2025-05-21T23:49:00
1001833,1000020,2025-06-02T01:08:00
1040953,1000021,2023-08-15T11:28:00
1065632,1000022,2022-10-13T06:06:00
1003103,1000023,2023-05-28T08:28:00
1065787,1000024,2024-03-27T13:15:00
1081285,1000024,2024-03-16T08:44:00
1024712,1000025,2022-08-26T23:02:00
1078701,1000025,2022-09-16T00:10:00
1022466,1000026,2022-11-03T01:51:00
1044464,1000027,2022-11-17T09:55:00
1019815,1000027,2022-11-01T06:15:00
1081066,1000028,2022-09-02T09:11:00
1082722,1000029,2024-01-24T08:41:00
1070299,1000030,2024-07-03T11:20:00
1059331,1000031,2023-03-06T11:02:00
1088345,1000032,2025-06-29T07:32:00
1050311,1000033,2022-12-18T14:44:00
1080932,1000034,2023-11-03T02:49:00
1063145,1000034,2023-12-22T07:40:00
1093368,1000034,2023-12-26T07:46:00
1078715,1000035,2025-05-31T07:47:00
1026531,1000035,2025-05-24T09:16:00
1097545,1000036,2024-09-16T08:24:00
1087442,1000037,2024-06-14T01:55:00
1066367,1000038,2024-02-29T03:00:00
1097646,1000038,2024-03-16T06:49:00
1062541,1000039,2024-02-12T01:49:00
1030309,1000040,2023-04-09T03:05:00
1012360,1000040,2023-04-08T08:18:00
1083176,1000041,2025-06-08T08:50:00
1081252,1000042,2023-07-29T13:53:00
1044846,1000043,2022-12-23T10:40:00
1054625,1000044,2024-01-15T06:12:00
1005532,1000045,2023-12-01T02:10:00
1056536,1000046,2024-11-15T03:37:00
1022713,1000047,2022-10-22T07:06:00
1034289,1000048,2025-03-15T05:51:00
1097520,1000049,2024-06-25T07:29:00
1007315,1000049,2024-07-18T05:46:00
1083783,1000050,2024-12-09T01:56:00
1083483,1000051,2024-07-02T07:44:00
1072114,1000052,2022-10-19T07:37:00
1092161,1000053,2025-06-08T12:18:00
1091723,1000054,2023-07-12T04:46:00
1061263,1000055,2023-01-15T04:20:00
1045376,1000056,2025-06-21T05:06:00
1031139,1000057,2025-03-07T06:01:00
1016523,1000058,2024-02-08T06:29:00
1094400,1000059,2023-01-01T06:37:00
1092673,1000060,2024-08-29T06:47:00
1084912,1000061,2024-10-12T02:58:00
1097770,1000062,2024-03-06T08:28:00
1003665,1000063,2024-04-04T22:42:00
1043599,1000064,2023-11-19T04:25:00
1009358,1000065,2023-12-09T05:03:00
1078089,1000065,2023-10-21T06:31:00
1056971,1000066,2023-03-04T09:15:00
1035404,1000067,2025-06-16T10:05:00
1090065,1000067,2025-05-16T16:45:00
1093751,1000068,2023-11-23T06:04:00
1016100,1000068,2023-12-18T00:23:00
1071712,1000069,2025-02-09T03:12:00
1006373,1000070,2025-04-21T02:25:00
1051902,1000070,2025-04-09T00:57:00
1081093,1000071,2024-12-20T06:58:00
1022388,1000072,2023-05-09T06:51:00
1046790,1000072,2023-05-22T01:45:00
1033874,1000073,2023-02-14T06:47:00
1090553,1000074,2024-02-05T05:51:00
1046486,1000074,2023-12-27T03:27:00
1085600,1000075,2024-08-08T10:20:00
1039158,1000076,2023-04-03T00:35:00
1063749,1000076,2023-03-11T23:14:00
1024460,1000077,2022-10-29T01:47:00
1038955,1000078,2025-01-21T08:14:00
1081009,1000079,2025-08-26T06:07:00
1025384,1000080,2024-07-28T05:19:00
1012355,1000081,2022-09-19T00:18:00
1081063,1000081,2022-10-23T06:55:00
1010778,1000082,2025-04-05T05:52:00
1005837,1000083,2025-05-02T06:29:00
1098028,1000084,2025-07-11T09:23:00
1000874,1000085,2024-06-20T04:29:00
1085565,1000086,2025-07-03T01:33:00
1096788,1000086,2025-06-26T05:15:00
1094167,1000087,2025-06-13T04:37:00
1033650,1000087,2025-07-06T23:53:00
1036214,1000088,2025-02-28T09:27:00
1037667,1000088,2025-02-05T11:35:00
1075421,1000089,2024-04-11T03:29:00
1022750,1000089,2024-04-03T10:12:00
1028067,1000090,2024-01-08T05:04:00
1095897,1000090,2024-01-04T07:11:00
1016176,1000090,2024-01-18T11:53:00
1035326,1000091,2023-10-28T11:13:00
1056380,1000091,2023-12-06T10:13:00
1049123,1000092,2024-06-10T12:37:00
1044533,1000092,2024-05-02T08:49:00
1077261,1000093,2024-06-27T02:53:00
1060511,1000094,2023-07-18T06:13:00
1007080,1000094,2023-07-14T00:35:00
1094534,1000095,2022-09-27T02:30:00
1046995,1000096,2023-03-07T08:50:00
1015626,1000097,2024-06-21T02:16:00
1086047,1000097,2024-07-08T05:47:00
1040351,1000098,2024-08-23T13:19:00
1044454,1000099,2022-11-08T09:27:00
1068470,1000100,2024-04-27T11:45:00
1082605,1000100,2024-05-05T16:20:00
1000830,1000101,2022-08-02T09:42:00
1017550,1000102,2025-05-20T09:04:00
1098829,1000103,2022-12-19T04:21:00
1073945,1000104,2024-03-10T23:20:00
1058833,1000104,2024-04-25T02:09:00
1063743,1000105,2025-05-19T09:17:00
1068009,1000105,2025-04-25T12:56:00
1007512,1000106,2022-07-25T13:22:00
1077274,1000107,2024-10-15T07:49:00
1035271,1000108,2022-09-13T10:57:00
1017409,1000109,2024-07-31T11:16:00
1023841,1000109,2024-08-08T06:43:00
1080268,1000110,2022-12-17T06:05:00
1066298,1000111,2022-12-18T00:34:00
1029371,1000112,2023-12-23T14:35:00
1010274,1000113,2024-09-25T13:40:00
1094461,1000113,2024-10-17T09:45:00
1024593,1000114,2023-09-25T04:42:00
1019808,1000115,2023-08-31T11:30:00
1072224,1000115,2023-08-20T14:33:00
1091509,1000116,2025-02-06T02:45:00
1033552,1000117,2024-07-28T08:12:00
1016544,1000117,2024-07-30T07:32:00
1060835,1000118,2025-04-19T06:52:00
1046842,1000118,2025-04-05T09:41:00
1057424,1000119,2025-04-29T07:05:00
1096463,1000120,2024-03-12T01:06:00
1092349,1000121,2022-12-10T04:41:00
1069460,1000121,2022-12-19T08:43:00
1050176,1000122,2025-01-21T11:26:00
1009125,1000122,2025-02-01T05:28:00
1018754,1000122,2025-02-22T14:54:00
1046068,1000122,2025-01-30T08:06:00
1011710,1000123,2022-12-07T02:50:00
1011656,1000124,2024-12-26T04:53:00
1003402,1000124,2024-12-25T03:35:00
1047784,1000125,2022-12-21T00:35:00
1095189,1000126,2022-12-31T23:58:00
1011813,1000127,2023-12-05T07:33:00
1004892,1000128,2024-04-06T13:16:00
1021602,1000129,2022-08-31T07:12:00
1016321,1000130,2025-04-23T15:16:00
1044465,1000131,2023-02-24T08:56:00
1007305,1000131,2023-02-17T03:19:00
1041141,1000132,2024-12-25T04:17:00
1021434,1000133,2024-05-04T06:54:00
1005614,1000134,2024-11-24T06:55:00
1066248,1000134,2024-11-05T11:00:00
1061245,1000135,2025-01-09T03:30:00
1026150,1000136,2024-06-27T03:33:00
1094419,1000137,2023-11-12T03:11:00
1049286,1000137,2023-11-13T11:17:00
1008993,1000138,2024-10-09T04:34:00
1026018,1000139,2023-02-13T01:51:00
1086258,1000139,2023-02-06T23:54:00
1066043,1000140,2024-02-06T03:37:00
1037796,1000141,2025-03-20T06:45:00
1038873,1000141,2025-04-30T12:32:00
1034185,1000142,2025-02-11T06:37:00
1069443,1000142,2024-12-27T05:34:00
1006101,1000142,2025-01-07T08:17:00
1019689,1000143,2025-07-03T06:21:00
1077502,1000144,2024-07-23T09:04:00
1080212,1000145,2024-05-16T12:38:00
1061013,1000146,2025-04-11T03:32:00
1009948,1000146,2025-05-15T07:03:00
1077789,1000146,2025-05-04T14:47:00
1055586,1000147,2024-01-21T03:05:00
1057874,1000148,2024-11-04T05:30:00
1075118,1000148,2024-12-02T10:15:00
1069144,1000149,2024-11-14T09:40:00
1048181,1000149,2024-09-23T02:46:00
1077662,1000149,2024-10-08T06:34:00
1024666,1000150,2025-04-26T14:45:00
1030764,1000151,2024-09-29T02:51:00
1005314,1000152,2024-10-09T12:15:00
1092108,1000153,2024-12-04T05:29:00
1041995,1000153,2025-01-06T06:50:00
1099466,1000154,2025-05-30T05:52:00
1074119,1000155,2023-09-13T04:11:00
1037513,1000156,2023-09-18T11:12:00
1073761,1000157,2022-12-26T09:55:00
1084643,1000157,2023-01-21T10:54:00
1058162,1000158,2024-02-18T05:49:00
1092328,1000158,2024-02-19T16:12:00
1014008,1000159,2023-01-26T08:24:00
1099806,1000159,2023-01-04T12:44:00
1089954,1000160,2022-10-20T03:20:00
1067551,1000161,2023-10-09T06:47:00
1021957,1000161,2023-11-03T12:02:00
1019172,1000162,2023-06-18T12:38:00
1049154,1000162,2023-05-15T10:44:00
1092848,1000163,2022-10-09T00:01:00
1093504,1000164,2025-07-13T05:12:00
1063242,1000164,2025-08-14T05:48:00
1095475,1000164,2025-07-10T02:39:00
1032878,1000165,2022-11-05T07:48:00
1049958,1000165,2022-12-23T02:20:00
1006574,1000166,2024-10-13T08:10:00
1022978,1000167,2023-06-04T05:48:00
1077195,1000167,2023-07-13T02:20:00
1069718,1000168,2024-10-03T03:27:00
1038436,1000169,2025-08-23T08:06:00
1044849,1000170,2022-07-30T07:52:00
1020500,1000171,2023-12-05T11:07:00
1035144,1000172,2024-12-11T03:36:00
1063065,1000172,2024-11-25T08:16:00
1070372,1000173,2024-05-30T09:34:00
1013044,1000173,2024-05-16T13:40:00
1010464,1000174,2023-02-26T08:17:00
1001696,1000175,2024-08-27T05:23:00
1017490,1000175,2024-10-12T08:34:00
1073235,1000176,2023-07-05T13:56:00
1036093,1000177,2024-10-20T04:40:00
1052162,1000177,2024-10-09T10:54:00
1051978,1000178,2023-11-04T07:30:00
1029728,1000179,2025-03-23T03:45:00
1047021,1000180,2023-12-12T07:25:00
1051728,1000180,2023-12-09T11:30:00
1094305,1000181,2024-05-06T02:45:00
1044118,1000181,2024-05-27T23:49:00
1011670,1000181,2024-05-15T03:14:00
1022391,1000182,2023-05-04T08:29:00
1089038,1000182,2023-06-14T05:04:00
1072816,1000183,2022-07-31T07:42:00
1064522,1000184,2023-04-07T12:45:00
1054221,1000185,2023-07-08T03:47:00
1039819,1000186,2024-04-30T05:03:00
1087711,1000186,2024-04-12T03:55:00
1006764,1000186,2024-04-20T08:02:00
1096828,1000187,2023-06-04T08:30:00
1052512,1000188,2025-06-10T05:05:00
1030608,1000189,2025-07-01T12:27:00
1044018,1000190,2023-06-28T23:41:00
1099468,1000191,2022-10-12T13:12:00
1094625,1000192,2023-01-29T10:29:00
1097483,1000193,2022-12-23T09:44:00
1043097,1000194,2024-01-27T01:14:00
1029423,1000195,2024-03-30T07:58:00
1040270,1000195,2024-04-08T23:32:00
1087214,1000196,2023-09-28T00:29:00
1086253,1000197,2023-05-15T13:09:00
1069988,1000198,2025-05-18T08:45:00
1063682,1000198,2025-04-22T07:37:00
1009162,1000199,2023-12-09T06:40:00
1044517,1000200,2024-05-22T22:59:00
1061092,1000201,2022-10-12T07:17:00
1047390,1000202,2024-03-18T01:17:00
1007412,1000203,2024-01-10T07:16:00
1018424,1000204,2025-03-04T10:42:00
1049859,1000204,2025-02-14T08:19:00
1025400,1000205,2024-07-30T06:29:00
1072450,1000206,2023-12-03T03:53:00
1092420,1000206,2023-11-22T11:01:00
1027986,1000207,2023-09-28T01:05:00
1082485,1000207,2023-09-19T01:23:00
1039504,1000208,2024-07-17T23:27:00
1019548,1000209,2024-05-31T04:38:00
1023390,1000209,2024-05-25T00:06:00
1080557,1000209,2024-06-22T07:34:00
1099204,1000210,2023-03-22T03:24:00
1072501,1000211,2022-11-08T05:54:00
1070189,1000212,2022-09-17T00:25:00
1035007,1000213,2023-10-14T12:58:00
1026592,1000213,2023-09-26T13:44:00
1022646,1000214,2023-11-29T14:25:00
1098118,1000215,2025-07-15T12:42:00
1069921,1000216,2023-08-27T11:07:00
1068895,1000217,2024-04-23T08:15:00
1062075,1000218,2024-01-15T05:07:00
1099528,1000219,2024-06-08T06:39:00
1092811,1000220,2023-03-14T08:05:00
1011730,1000221,2022-11-04T09:51:00
1016935,1000222,2024-02-24T10:05:00
1065790,1000223,2025-06-12T11:41:00
1089595,1000223,2025-05-05T09:11:00
1042799,1000224,2025-05-25T06:46:00
1034493,1000225,2023-05-30T06:07:00
1016202,1000225,2023-05-13T15:15:00
1069688,1000226,2024-05-09T04:48:00
1021399,1000227,2024-06-23T23:23:00
1011096,1000227,2024-06-19T01:33:00
1052561,1000228,2024-02-24T12:26:00
1009623,1000228,2024-03-26T10:08:00
1039264,1000229,2023-04-15T11:36:00
1090568,1000230,2023-11-09T06:37:00
1028148,1000231,2024-03-09T06:56:00
1045527,1000232,2025-08-05T09:43:00
1029049,1000232,2025-07-23T08:35:00
1075208,1000233,2023-05-20T12:53:00
1037646,1000234,2023-06-15T09:18:00
1059834,1000235,2024-02-25T03:43:00
1061392,1000235,2024-02-20T05:15:00
1065194,1000236,2023-11-15T09:15:00
1005836,1000236,2023-10-20T03:16:00
1059300,1000237,2024-10-29T00:09:00
1094918,1000237,2024-10-18T09:24:00
1090809,1000238,2022-10-31T11:56:00
1058591,1000238,2022-12-09T12:46:00
1031954,1000239,2024-08-05T07:40:00
1088415,1000240,2024-10-02T10:36:00
1047564,1000241,2024-10-16T12:19:00
1054897,1000242,2024-10-05T12:09:00
1084179,1000243,2023-04-16T06:49:00
1071926,1000244,2023-10-07T13:28:00
1065415,1000245,2025-06-15T03:57:00
1043866,1000245,2025-06-05T03:12:00
1060495,1000246,2022-09-13T01:37:00
1063549,1000246,2022-11-07T03:21:00
1090754,1000247,2024-06-14T12:28:00
1083466,1000248,2022-12-20T04:09:00
1084094,1000248,2023-01-04T23:50:00
1057472,1000249,2023-06-12T11:13:00
1042760,1000249,2023-05-28T10:02:00
1003698,1000250,2025-06-15T01:19:00
1015901,1000250,2025-08-07T09:57:00
1011342,1000251,2024-08-12T03:08:00
1008008,1000252,2024-09-21T03:36:00
1024293,1000252,2024-09-15T08:45:00
1035395,1000253,2025-06-20T05:41:00
1086794,1000254,2024-06-17T01:45:00
1094271,1000255,2023-03-14T02:36:00
1028537,1000256,2023-07-26T07:55:00
1056211,1000257,2024-02-07T04:25:00
1083260,1000257,2024-03-06T23:18:00
1016315,1000258,2023-08-17T09:37:00
1014227,1000259,2023-12-27T08:18:00
1062454,1000259,2023-12-09T10:11:00
1005755,1000260,2023-01-15T05:00:00
1020826,1000261,2025-03-08T01:43:00
1045246,1000261,2025-03-11T08:11:00
1060042,1000262,2025-02-14T05:55:00
1038338,1000262,2025-02-09T08:48:00
1026817,1000263,2025-02-25T06:09:00
1005868,1000264,2024-09-12T05:43:00
1050834,1000265,2024-11-26T04:30:00
1023721,1000266,2025-01-03T00:53:00
1031331,1000266,2025-01-19T00:20:00
1062364,1000266,2025-01-26T05:49:00
1043761,1000267,2024-05-09T04:18:00
1074628,1000268,2023-04-13T09:43:00
1013083,1000269,2023-11-28T11:55:00
1034911,1000269,2024-01-07T12:40:00
1055078,1000270,2024-04-12T11:58:00
1027289,1000271,2024-07-03T02:46:00
1076702,1000271,2024-08-01T02:01:00
1025873,1000272,2024-06-17T07:49:00
1080247,1000273,2022-08-13T05:54:00
1095099,1000274,2023-07-11T05:02:00
1034594,1000274,2023-07-03T06:21:00
1037284,1000275,2025-03-04T08:45:00
1010878,1000276,2023-09-23T09:14:00
1073206,1000277,2024-01-04T08:02:00
1031198,1000278,2022-09-07T02:37:00
1063968,1000278,2022-08-10T03:11:00
1052171,1000279,2024-06-19T08:43:00
1018929,1000280,2022-08-02T05:02:00
1046154,1000281,2025-06-26T12:40:00
1016993,1000281,2025-06-30T05:50:00
1030632,1000282,2024-08-01T06:49:00
1071623,1000283,2023-09-02T02:43:00
1042616,1000284,2022-12-13T05:50:00
1047596,1000285,2024-10-15T14:24:00
1095900,1000286,2023-06-30T05:53:00
1025996,1000286,2023-07-15T04:52:00
1046612,1000287,2024-12-15T07:54:00
1060246,1000288,2024-10-17T09:06:00
1072712,1000288,2024-09-27T04:07:00
1022902,1000288,2024-09-24T05:34:00
1026518,1000288,2024-10-13T06:10:00
1020913,1000289,2022-08-23T04:45:00
1058151,1000290,2024-06-23T02:42:00
1021679,1000290,2024-06-21T07:38:00
1086414,1000291,2024-03-16T07:04:00
1069781,1000292,2025-08-02T07:44:00
1047280,1000292,2025-06-25T09:46:00
1016817,1000293,2025-03-27T02:36:00
1088210,1000294,2023-05-31T11:26:00
1055513,1000295,2022-10-26T01:21:00
1034600,1000296,2024-11-27T04:13:00
1077549,1000297,2024-06-24T05:34:00
1026326,1000297,2024-07-03T14:34:00
1060782,1000298,2024-09-03T06:30:00
1002566,1000299,2024-03-31T06:47:00
1037950,1000299,2024-03-05T11:52:00
1043550,1000299,2024-02-13T04:40:00
1061249,1000300,2025-04-01T05:44:00
1006426,1000301,2024-09-26T10:48:00
1059252,1000302,2024-05-28T10:12:00
1008146,1000303,2024-03-19T09:54:00
1016986,1000304,2025-05-13T09:44:00
1067442,1000305,2024-03-04T08:42:00
1030942,1000306,2024-03-15T05:28:00
1000877,1000306,2024-02-16T07:55:00
1057554,1000307,2022-12-14T04:06:00
1013938,1000308,2024-12-06T10:26:00
1061410,1000309,2022-11-25T09:16:00
1052631,1000310,2022-12-17T10:05:00
1061130,1000310,2022-11-28T03:53:00
1019961,1000311,2025-06-22T05:43:00
1025081,1000312,2024-08-05T10:30:00
1033007,1000313,2023-08-19T02:08:00
1014168,1000313,2023-08-01T09:23:00
1089983,1000314,2025-07-16T12:34:00
1046893,1000315,2025-01-12T06:03:00
1035537,1000316,2024-12-29T11:22:00
1033221,1000317,2023-04-22T04:21:00
1055206,1000318,2023-06-23T08:39:00
1094445,1000318,2023-06-16T09:10:00
1084398,1000319,2023-05-11T15:16:00
1097091,1000320,2024-05-17T07:59:00
1068294,1000320,2024-06-12T09:23:00
1092869,1000321,2025-05-24T09:45:00
1071987,1000321,2025-05-12T10:21:00
1063686,1000322,2024-05-16T03:35:00
1019474,1000323,2024-10-12T04:20:00
1009426,1000324,2023-12-22T11:26:00
1090133,1000324,2023-12-16T13:23:00
1009509,1000325,2023-07-28T08:45:00
1047672,1000326,2022-12-09T14:23:00
1080488,1000326,2022-11-26T08:14:00
1092381,1000327,2024-03-01T07:17:00
1022182,1000328,2022-08-09T08:05:00
1076326,1000329,2025-06-19T02:15:00
1094493,1000329,2025-07-12T06:04:00
1091740,1000330,2024-07-26T10:25:00
1055947,1000330,2024-07-25T12:48:00
1010515,1000331,2025-04-06T12:10:00
1061481,1000332,2023-10-20T15:53:00
1099459,1000333,2025-05-20T05:53:00
1018182,1000334,2025-07-24T04:40:00
1044264,1000335,2023-02-03T04:39:00
1026553,1000336,2023-01-20T14:14:00
1065145,1000337,2024-04-17T07:08:00
1094716,1000337,2024-03-12T05:53:00
1020492,1000338,2023-02-13T02:02:00
1088357,1000338,2023-03-11T05:41:00
1015328,1000339,2023-07-20T06:30:00
1078071,1000339,2023-08-30T04:27:00
1058698,1000340,2024-07-27T12:29:00
1005603,1000341,2025-01-27T08:42:00
1041153,1000342,2024-10-15T08:25:00
1037397,1000343,2025-03-20T09:24:00
1077021,1000344,2024-04-25T14:44:00
1091202,1000344,2024-06-17T07:24:00
1064422,1000345,2025-01-09T03:54:00
1069523,1000345,2024-11-18T03:07:00
1041895,1000346,2023-10-31T15:28:00
1027412,1000347,2023-02-05T12:28:00
1001932,1000348,2022-11-30T06:35:00
1086977,1000349,2024-05-12T06:07:00
1046413,1000349,2024-05-19T07:16:00
1050631,1000350,2023-02-17T11:33:00
1037813,1000351,2024-06-20T16:17:00
1043193,1000352,2024-09-23T10:17:00
1074854,1000353,2023-05-18T02:42:00
1085844,1000354,2023-12-13T07:33:00
1069055,1000354,2023-11-11T09:05:00
1099439,1000355,2024-02-29T08:01:00
1069617,1000355,2024-03-02T10:46:00
1014150,1000356,2024-07-09T11:31:00
1037488,1000357,2024-08-16T05:52:00
1050527,1000358,2024-05-19T06:34:00
1004516,1000359,2022-10-14T07:28:00
1021901,1000360,2023-03-08T06:11:00
1008739,1000361,2025-02-16T06:02:00
1064857,1000362,2024-12-07T03:54:00
1026103,1000363,2025-05-19T01:24:00
1010486,1000364,2024-01-12T05:17:00
1077663,1000364,2024-02-29T06:35:00
1058733,1000365,2024-10-18T12:11:00
1022054,1000366,2025-06-28T12:42:00
1030368,1000366,2025-06-07T05:48:00
1018831,1000367,2024-11-23T13:21:00
1013276,1000367,2024-11-23T11:19:00
1059425,1000368,2024-12-04T07:28:00
1074519,1000369,2023-05-19T08:10:00
1044102,1000370,2022-11-07T05:00:00
1046605,1000371,2025-04-16T08:08:00
1042040,1000372,2023-03-05T11:44:00
1052104,1000373,2025-07-21T06:45:00
1042149,1000374,2024-07-11T13:44:00
1032201,1000375,2024-12-21T04:08:00
1097651,1000375,2025-01-19T05:06:00
1021394,1000376,2023-08-27T05:21:00
1066990,1000377,2024-08-23T00:17:00
1019759,1000378,2024-10-13T06:50:00
1083283,1000379,2025-05-25T12:04:00
1072990,1000380,2024-06-16T14:09:00
1095565,1000381,2022-08-13T06:17:00
1075495,1000382,2025-03-27T08:43:00
1008903,1000383,2023-12-10T23:19:00
1029826,1000384,2024-01-10T13:13:00
1070017,1000385,2023-01-25T08:15:00
1087604,1000385,2023-03-02T10:42:00
1072446,1000386,2025-05-19T12:54:00
1077915,1000386,2025-05-07T13:17:00
1052699,1000386,2025-04-06T09:45:00
1015946,1000387,2024-06-01T07:13:00
1018331,1000388,2024-02-17T02:55:00
1029068,1000389,2024-05-01T11:52:00
1059943,1000390,2023-10-15T01:23:00
1033510,1000391,2022-09-08T06:52:00
1001993,1000392,2024-02-20T11:16:00
1061108,1000393,2024-11-29T08:57:00
1027288,1000394,2024-12-11T06:19:00
1077240,1000394,2024-12-04T03:26:00
1010825,1000395,2023-07-31T07:56:00
1048360,1000395,2023-07-25T07:31:00
1073856,1000396,2024-12-07T09:56:00
1080173,1000397,2024-08-30T05:40:00
1099978,1000397,2024-08-29T07:24:00
1094810,1000398,2022-10-27T00:25:00
1056005,1000398,2022-11-13T02:44:00
1009511,1000399,2023-01-29T11:39:00
1014459,1000399,2023-02-24T06:01:00
1097802,1000400,2024-08-31T06:54:00
1088459,1000401,2023-10-16T08:50:00
1051181,1000402,2023-04-26T07:59:00
1066582,1000403,2024-09-04T08:48:00
1085148,1000404,2022-09-26T10:55:00
1042490,1000405,2022-10-29T12:49:00
1008364,1000406,2022-11-26T07:49:00
1095359,1000407,2024-08-30T06:23:00
1077438,1000408,2024-09-20T07:19:00
1059437,1000409,2024-04-25T08:27:00
1084462,1000409,2024-05-07T10:41:00
1076151,1000410,2024-02-10T03:36:00
1073092,1000410,2024-02-09T06:52:00
1026762,1000411,2022-10-25T05:07:00
1084239,1000411,2022-11-09T01:51:00
1005757,1000412,2024-11-25T01:27:00
1015704,1000413,2022-08-19T11:25:00
1062639,1000413,2022-07-13T05:08:00
1085596,1000414,2023-11-11T05:24:00
1050021,1000415,2025-05-02T11:50:00
1052632,1000415,2025-05-09T09:11:00
1021897,1000415,2025-04-03T11:17:00
1016440,1000416,2023-08-12T11:29:00
1062221,1000416,2023-08-21T08:06:00
1087644,1000416,2023-07-12T05:31:00
1016944,1000416,2023-06-26T09:45:00
1082999,1000417,2023-05-09T11:36:00
1011432,1000417,2023-05-08T07:48:00
1055922,1000418,2024-10-25T12:51:00
1049799,1000419,2022-08-22T10:01:00
1021531,1000420,2025-02-20T10:53:00
1044399,1000420,2025-02-25T11:19:00
1035971,1000421,2023-04-01T09:45:00
1081081,1000422,2024-03-06T07:25:00
1031378,1000423,2025-08-17T11:01:00
1086362,1000423,2025-07-06T11:21:00
1080312,1000424,2025-07-01T06:46:00
1085389,1000425,2025-07-17T09:58:00
1061453,1000426,2024-02-15T00:55:00
1037362,1000426,2024-02-08T01:55:00
1086809,1000427,2023-07-29T02:20:00
1072162,1000428,2024-07-14T07:07:00
1030694,1000429,2024-03-10T23:43:00
1009083,1000430,2024-02-14T11:17:00
1049465,1000430,2024-02-23T13:58:00
1034116,1000431,2023-06-17T00:51:00
1012050,1000432,2024-08-18T03:28:00
1015504,1000433,2023-12-12T00:28:00
1074665,1000433,2023-12-15T06:14:00
1025054,1000434,2024-08-05T01:54:00
1071758,1000434,2024-07-15T03:05:00
1067684,1000435,2023-11-24T23:47:00
1041808,1000436,2022-09-25T02:25:00
1083291,1000437,2023-10-08T08:49:00
1030866,1000438,2022-11-21T10:43:00
1050919,1000439,2023-06-11T07:03:00
1063591,1000440,2024-11-13T03:57:00
1002578,1000440,2024-11-08T06:39:00
1095043,1000441,2022-12-20T02:36:00
1060072,1000442,2025-06-30T07:19:00
1020865,1000442,2025-07-13T07:24:00
1038018,1000442,2025-08-04T08:50:00
1052360,1000443,2023-12-11T11:56:00
1080567,1000443,2023-10-21T11:58:00
1083271,1000444,2024-06-13T02:03:00
1069214,1000444,2024-07-06T08:17:00
1049398,1000445,2023-11-05T00:29:00
1083877,1000445,2023-10-25T07:26:00
1079215,1000446,2024-03-20T07:00:00
1024287,1000446,2024-03-27T11:37:00
1072364,1000447,2024-07-14T00:39:00
1041694,1000448,2023-05-11T07:46:00
1040336,1000448,2023-05-23T07:52:00
1075894,1000449,2024-03-14T02:39:00
1005606,1000450,2025-06-21T11:00:00
1057404,1000450,2025-07-14T14:23:00
1044101,1000451,2023-07-23T00:06:00
1031319,1000451,2023-06-25T03:50:00
1047651,1000452,2024-12-09T08:32:00
1086996,1000453,2024-10-09T04:24:00
1032195,1000454,2023-06-22T09:53:00
1037598,1000455,2025-06-01T06:23:00
1076313,1000456,2023-06-19T05:04:00
1077075,1000456,2023-06-20T07:17:00
1096990,1000457,2024-08-30T12:10:00
1075158,1000458,2025-02-22T07:51:00
1009636,1000459,2025-01-22T08:57:00
1037077,1000459,2025-02-11T08:39:00
1055412,1000460,2023-10-01T11:55:00
1077391,1000461,2023-10-22T08:43:00
1037965,1000462,2023-12-05T22:15:00
1064821,1000463,2024-06-28T02:10:00
1022996,1000463,2024-06-04T09:15:00
1002217,1000464,2023-06-24T22:35:00
1056915,1000465,2024-06-23T10:17:00
1016312,1000466,2023-10-17T03:56:00
1065240,1000467,2022-10-24T07:28:00
1078997,1000467,2022-10-14T05:06:00
1036382,1000468,2023-05-18T08:19:00
1083209,1000469,2023-04-20T13:03:00
1088731,1000469,2023-04-18T14:37:00
1056286,1000470,2024-10-05T03:55:00
1039786,1000470,2024-11-01T08:08:00
1039424,1000471,2023-08-10T07:41:00
1075846,1000472,2024-03-07T05:37:00
1074070,1000473,2022-10-08T04:49:00
1009728,1000474,2024-10-20T23:02:00
1027731,1000475,2023-05-21T06:44:00
1091432,1000476,2024-11-06T04:37:00
1023459,1000476,2024-12-14T06:14:00
1013808,1000477,2024-06-30T07:14:00
1026229,1000478,2024-04-18T06:00:00
1098442,1000478,2024-03-22T05:15:00
1057767,1000479,2024-05-04T10:46:00
1023239,1000480,2023-11-06T03:31:00
1019312,1000480,2023-10-10T06:57:00
1030359,1000481,2025-03-19T06:47:00
1077027,1000482,2024-10-17T08:50:00
1010157,1000482,2024-09-27T11:47:00
1049066,1000483,2024-06-12T06:40:00
1048924,1000483,2024-07-12T08:39:00
1098848,1000484,2025-03-22T13:10:00
1026224,1000485,2023-02-28T10:49:00
1048728,1000486,2024-02-10T00:44:00
1080815,1000487,2024-01-05T06:49:00
1031304,1000488,2023-02-17T15:54:00
1059675,1000489,2022-07-25T05:03:00
1092459,1000489,2022-08-11T23:45:00
1035221,1000490,2024-05-06T05:14:00
1065554,1000491,2024-08-05T02:19:00
1002104,1000491,2024-08-07T11:49:00
1037349,1000492,2024-02-06T08:32:00
1052583,1000493,2025-07-14T08:49:00
1009238,1000493,2025-06-23T05:25:00
1011337,1000494,2023-02-07T10:20:00
1042667,1000495,2025-07-24T06:55:00
1032719,1000495,2025-07-18T11:32:00
1005438,1000496,2025-05-13T22:33:00
1050742,1000496,2025-04-17T08:11:00
1077642,1000497,2023-04-10T01:13:00
1012617,1000498,2023-03-09T03:42:00
1060504,1000499,2024-07-25T05:14:00
1063322,1000500,2024-09-22T00:49:00
1044933,1000500,2024-09-05T09:28:00
1011738,1000501,2023-09-27T12:15:00
1098955,1000501,2023-08-17T09:41:00
1097966,1000502,2022-10-24T09:15:00
1071632,1000503,2024-09-07T10:37:00
1022999,1000503,2024-08-29T09:22:00
1086296,1000504,2024-03-27T05:37:00
1027432,1000505,2024-05-14T04:51:00
1084726,1000505,2024-06-16T00:02:00
1071212,1000506,2023-07-30T08:28:00
1046370,1000506,2023-08-10T11:03:00
1035665,1000507,2023-07-17T05:15:00
1088039,1000508,2023-09-22T05:07:00
1031656,1000508,2023-08-17T04:52:00
1007422,1000509,2024-10-05T13:15:00
1096317,1000510,2023-09-16T00:43:00
1025159,1000510,2023-08-20T03:32:00
1049942,1000511,2023-05-10T05:30:00
1033143,1000512,2022-12-01T10:55:00
1040866,1000513,2024-12-24T06:24:00
1065338,1000513,2025-01-21T12:21:00
1016567,1000514,2025-05-23T05:36:00
1053166,1000514,2025-05-15T04:54:00
1059563,1000515,2024-03-31T09:22:00
1078943,1000515,2024-04-01T11:23:00
1079063,1000516,2022-12-21T07:45:00
1051955,1000517,2025-02-25T10:34:00
1077936,1000518,2023-03-22T01:56:00
1007420,1000519,2024-01-30T02:17:00
1093882,1000520,2025-01-17T12:39:00
1007457,1000521,2023-05-12T06:22:00
1075074,1000521,2023-03-21T05:55:00
1062487,1000522,2025-03-14T04:27:00
1035275,1000522,2025-04-22T00:34:00
1093795,1000522,2025-05-03T00:39:00
1026498,1000523,2022-08-13T01:50:00
1072750,1000524,2024-10-13T07:58:00
1069456,1000525,2024-12-02T14:09:00
1067484,1000526,2024-08-16T07:28:00
1091408,1000526,2024-06-27T15:34:00
1048266,1000527,2025-02-25T00:40:00
1054119,1000528,2023-08-11T04:20:00
1000196,1000528,2023-08-21T08:35:00
1064329,1000529,2023-09-20T23:10:00
1032899,1000530,2023-07-21T00:23:00
1091999,1000530,2023-09-01T07:56:00
1045391,1000531,2022-12-18T04:30:00
1084704,1000532,2025-06-15T03:35:00
1074195,1000533,2025-02-12T12:29:00
1067783,1000533,2025-01-30T06:24:00
1055604,1000534,2023-04-30T01:39:00
1054369,1000534,2023-05-25T04:22:00
1096727,1000535,2025-05-13T06:59:00
1028933,1000535,2025-05-04T06:02:00
1090016,1000536,2024-05-30T01:26:00
1001091,1000536,2024-06-21T03:43:00
1019840,1000537,2023-02-15T08:15:00
1057431,1000538,2024-12-14T04:59:00
1032098,1000539,2023-01-27T06:23:00
1081952,1000540,2024-12-15T05:03:00
1080693,1000541,2024-09-26T08:20:00
1032537,1000541,2024-11-01T07:59:00
1088359,1000542,2022-12-04T02:15:00
1063963,1000543,2025-03-11T09:26:00
1028371,1000543,2025-03-19T01:26:00
1097495,1000544,2024-04-29T13:15:00
1080728,1000545,2023-07-19T05:08:00
1072447,1000546,2024-03-04T11:40:00
1082518,1000546,2024-03-10T14:06:00
1062800,1000547,2023-11-09T04:59:00
1065466,1000547,2023-10-04T10:09:00
1086284,1000548,2025-04-30T04:32:00
1047802,1000548,2025-04-04T08:32:00
1054420,1000549,2025-08-22T03:58:00
1002979,1000550,2023-12-24T06:34:00
1028434,1000550,2023-12-06T15:59:00
1067033,1000551,2024-04-06T16:49:00
1069059,1000552,2024-09-04T05:13:00
1052619,1000553,2025-04-13T04:14:00
1014709,1000553,2025-04-19T03:15:00
1051361,1000553,2025-04-28T07:16:00
1017665,1000554,2024-10-20T02:36:00
1065801,1000554,2024-10-29T05:35:00
1063843,1000555,2024-01-10T06:45:00
1092926,1000556,2024-01-03T03:41:00
1090224,1000557,2025-03-26T08:45:00
1096473,1000558,2024-08-01T03:22:00
1032074,1000559,2024-03-07T10:44:00
1081620,1000560,2024-04-08T08:17:00
1082916,1000561,2023-09-08T08:01:00
1035963,1000561,2023-08-10T09:54:00
1044005,1000562,2024-06-27T11:35:00
1059972,1000562,2024-07-02T12:21:00
1040230,1000563,2024-11-25T05:27:00
1097659,1000564,2023-05-08T08:56:00
1012202,1000565,2025-08-11T07:02:00
1064248,1000566,2024-01-12T05:42:00
1063677,1000567,2022-08-22T06:35:00
1000946,1000567,2022-09-04T04:38:00
1076523,1000568,2024-01-21T02:02:00
1089123,1000568,2024-02-05T04:56:00
1053810,1000569,2022-09-02T07:37:00
1060970,1000569,2022-09-05T13:40:00
1086063,1000569,2022-10-01T16:14:00
1015328,1000570,2023-07-20T06:30:00
1078071,1000570,2023-08-30T04:27:00
1067068,1000571,2023-10-02T22:43:00
1085903,1000571,2023-09-09T07:11:00
1075521,1000572,2024-06-16T09:24:00
1008830,1000573,2025-04-16T23:31:00
1001834,1000574,2023-12-08T04:54:00
1030679,1000574,2023-12-08T13:11:00
1021024,1000575,2023-10-16T05:54:00
1076595,1000576,2022-09-28T09:02:00
1013231,1000576,2022-09-23T11:37:00
1092747,1000577,2025-05-10T07:15:00
1066396,1000578,2024-01-03T03:53:00
1016739,1000578,2023-12-11T03:40:00
1050515,1000579,2022-10-24T15:04:00
1070276,1000580,2023-04-06T10:04:00
1097986,1000580,2023-03-15T03:38:00
1037321,1000580,2023-03-14T06:57:00
1026084,1000580,2023-04-15T10:55:00
1072929,1000581,2025-06-12T07:57:00
1009310,1000581,2025-06-05T07:39:00
1099908,1000581,2025-04-19T07:18:00
1045547,1000582,2022-08-20T03:28:00
1051489,1000583,2023-04-11T03:13:00
1032242,1000584,2025-02-18T02:05:00
1053767,1000585,2024-05-29T05:23:00
1078488,1000585,2024-06-21T01:03:00
1052501,1000586,2024-05-25T05:32:00
1023439,1000587,2023-09-11T07:40:00
1036146,1000588,2025-06-07T01:23:00
1034889,1000589,2022-09-28T08:33:00
1004166,1000590,2025-03-18T10:28:00
1083869,1000590,2025-03-24T05:04:00
1050490,1000591,2023-08-22T08:32:00
1079924,1000592,2023-02-18T13:49:00
1049967,1000593,2022-09-26T07:48:00
1021748,1000593,2022-09-17T05:15:00
1093302,1000594,2024-03-10T11:54:00
1097599,1000595,2023-03-22T10:00:00
1004908,1000595,2023-03-26T09:46:00
1046146,1000596,2025-03-25T13:49:00
1004885,1000597,2024-11-10T09:46:00
1053611,1000598,2022-12-18T15:18:00
1083767,1000599,2024-02-14T11:19:00
1094422,1001100,2025-06-15T05:22:00
1026733,1001100,2025-06-21T09:29:00
1006040,1001100,2025-07-12T07:47:00
1057160,1001100,2025-07-19T01:20:00
1073075,1001100,2025-06-08T14:08:00
1006659,1001100,2025-06-18T12:27:00
1047870,1001100,2025-07-12T02:41:00
1081635,1001100,2025-06-11T09:43:00
1042217,1001100,2025-07-18T09:05:00
1052462,1001100,2025-07-29T09:21:00
1075664,1001100,2025-07-01T02:46:00
1016844,1001100,2025-07-23T07:53:00
1067973,1001100,2025-06-12T23:27:00
1065853,1001100,2025-06-14T22:23:00
1088115,1001100,2025-07-16T12:41:00
1010389,1001100,2025-06-16T02:25:00
1081794,1001100,2025-06-30T07:03:00
1093756,1001100,2025-07-25T06:49:00
1033604,1001100,2025-07-07T01:05:00
1086417,1001100,2025-06-18T04:44:00
1097425,1001100,2025-06-24T00:45:00
1035049,1001100,2025-08-06T07:49:00
1058884,1001100,2025-06-24T00:08:00
1046596,1001100,2025-07-04T02:32:00
1019717,1001100,2025-07-16T06:36:00
1056703,1001100,2025-07-23T03:31:00
1031764,1001100,2025-07-28T07:11:00
1050460,1001100,2025-06-28T10:36:00
1062718,1001100,2025-07-05T11:36:00
1076646,1001100,2025-08-12T07:03:00
1056395,1001100,2025-08-10T04:19:00
1007953,1001100,2025-08-07T13:12:00
1047858,1001100,2025-07-21T08:53:00
1006381,1001100,2025-07-15T06:26:00
1045036,1001100,2025-07-11T12:06:00
1046172,1001100,2025-07-01T00:02:00
1078497,1001100,2025-06-30T03:55:00
1039933,1001100,2025-08-07T11:48:00
1038928,1001100,2025-08-05T02:56:00
1074332,1001100,2025-07-14T05:09:00
1019346,1001100,2025-07-29T05:54:00
1019533,1001100,2025-08-26T03:42:00
1024649,1001100,2025-07-01T05:02:00
1073823,1001100,2025-07-10T05:37:00
1060304,1001100,2025-08-27T03:50:00
1004090,1001100,2025-08-01T10:25:00
1061560,1001100,2025-07-11T16:39:00
1065307,1001101,2025-08-13T08:28:00
1050088,1001101,2025-07-22T06:18:00
1013479,1001101,2025-08-01T14:24:00
1038502,1001101,2025-08-04T03:49:00
1094511,1001101,2025-07-13T04:35:00
1092469,1001101,2025-06-23T11:44:00
1031628,1001101,2025-06-26T12:56:00
1091897,1001101,2025-07-09T02:19:00
1062951,1001101,2025-07-30T01:50:00
1094380,1001101,2025-07-15T13:54:00
1057763,1001101,2025-06-29T12:14:00
1016891,1001101,2025-06-23T22:45:00
1024764,1001101,2025-08-11T08:47:00
1039733,1001101,2025-08-16T12:17:00
1008603,1001101,2025-07-30T06:43:00
1018479,1001101,2025-07-18T07:10:00
1094258,1001101,2025-07-23T08:02:00
1089935,1001101,2025-08-18T08:02:00
1025765,1001101,2025-07-11T23:12:00
1047895,1001101,2025-07-10T08:26:00
1040106,1001101,2025-07-18T07:06:00
1013603,1001101,2025-07-22T14:10:00
1027588,1001102,2025-07-08T04:33:00
1060377,1001102,2025-07-30T04:42:00
1063307,1001102,2025-07-02T09:14:00
1020360,1001102,2025-06-20T07:49:00
1065004,1001102,2025-07-25T09:26:00
1093312,1001102,2025-07-18T01:25:00
1024246,1001102,2025-06-30T11:54:00
1027793,1001102,2025-07-01T06:48:00
1085716,1001102,2025-08-11T22:34:00
1056189,1001102,2025-07-16T12:11:00
1028157,1001102,2025-08-07T02:08:00
1074623,1001102,2025-07-13T10:50:00
1044975,1001102,2025-08-06T08:35:00
1055995,1001102,2025-07-13T01:10:00
1089575,1001102,2025-06-23T12:58:00
1074839,1001102,2025-08-09T00:11:00
1098065,1001102,2025-06-29T01:14:00
1066225,1001102,2025-07-20T09:40:00
1075337,1001102,2025-07-11T06:04:00
1086871,1001102,2025-08-11T02:57:00
1093896,1001102,2025-07-27T04:12:00
1063019,1001102,2025-08-13T12:08:00
1042867,1001102,2025-07-08T05:52:00
1064708,1001102,2025-07-30T10:22:00
1004657,1001102,2025-07-09T10:51:00
1038774,1001102,2025-07-30T22:55:00
1007790,1001102,2025-07-13T05:53:00
1074223,1001102,2025-07-25T09:01:00
1043472,1001102,2025-08-05T01:21:00
1038921,1001102,2025-08-19T03:44:00
1050651,1001102,2025-07-08T07:32:00
1038561,1001102,2025-08-09T09:23:00
1056199,1001102,2025-07-10T08:26:00
1089477,1001102,2025-08-11T08:44:00
1066069,1001102,2025-07-22T22:26:00
1095325,1001102,2025-07-18T00:40:00
1004844,1001102,2025-07-29T07:39:00
1005895,1001102,2025-07-04T12:10:00
1038436,1001102,2025-08-23T08:06:00
1090556,1001102,2025-07-02T23:56:00
1050133,1001103,2025-06-23T03:35:00
1073659,1001103,2025-07-08T09:00:00
1053191,1001103,2025-07-28T01:06:00
1054672,1001103,2025-06-22T11:04:00
1043452,1001103,2025-08-12T01:26:00
1058867,1001103,2025-08-06T03:16:00
1058471,1001103,2025-07-08T08:31:00
1049455,1001103,2025-07-25T13:55:00
1038572,1001103,2025-08-18T12:53:00
1038985,1001103,2025-07-30T07:26:00
1067672,1001103,2025-06-23T02:13:00
1056997,1001103,2025-07-30T10:08:00
1002413,1001103,2025-07-14T09:08:00
1059105,1001103,2025-07-11T07:50:00
1001749,1001103,2025-07-10T08:37:00
1066262,1001103,2025-06-30T05:08:00
1026124,1001103,2025-08-15T04:01:00
1045120,1001103,2025-08-09T13:23:00
1023336,1001103,2025-07-30T06:30:00
1021729,1001103,2025-08-08T07:24:00
1074927,1001104,2025-07-25T01:22:00
1046325,1001104,2025-06-22T07:30:00
1015396,1001104,2025-07-18T08:27:00
1007657,1001104,2025-07-30T01:40:00
1072067,1001104,2025-07-29T09:30:00
1070610,1001104,2025-08-03T10:16:00
1050482,1001104,2025-08-03T13:54:00
1046154,1001104,2025-06-26T12:40:00
1016993,1001104,2025-06-30T05:50:00
1020523,1001104,2025-08-09T23:59:00
1011004,1001104,2025-07-12T06:44:00
1049606,1001104,2025-06-29T10:49:00
1040549,1001104,2025-06-19T04:48:00
1033548,1001104,2025-07-14T05:09:00
1059605,1001104,2025-08-04T01:31:00
1093152,1001104,2025-07-31T09:41:00
1083277,1001104,2025-08-13T09:59:00
1007286,1001104,2025-08-08T01:27:00
1085490,1001104,2025-08-05T08:06:00
1062503,1001104,2025-08-16T05:49:00
1067169,1001104,2025-07-15T06:12:00
1059734,1001104,2025-08-18T12:32:00
1083452,1001104,2025-07-30T05:58:00
1087735,1001104,2025-07-13T22:09:00
1029219,1001104,2025-07-09T12:16:00
1068288,1001104,2025-08-25T08:25:00
1067296,1001104,2025-07-04T03:15:00
1046596,1001105,2025-07-04T02:32:00
1019717,1001105,2025-07-16T06:36:00
1056703,1001105,2025-07-23T03:31:00
1031764,1001105,2025-07-28T07:11:00
1050460,1001105,2025-06-28T10:36:00
1062718,1001105,2025-07-05T11:36:00
1076646,1001105,2025-08-12T07:03:00
1056395,1001105,2025-08-10T04:19:00
1007953,1001105,2025-08-07T13:12:00
1047858,1001105,2025-07-21T08:53:00
1006381,1001105,2025-07-15T06:26:00
1045036,1001105,2025-07-11T12:06:00
1046172,1001105,2025-07-01T00:02:00
1078497,1001105,2025-06-30T03:55:00
1039933,1001105,2025-08-07T11:48:00
1038928,1001105,2025-08-05T02:56:00
1074332,1001105,2025-07-14T05:09:00
1019346,1001105,2025-07-29T05:54:00
1019533,1001105,2025-08-26T03:42:00
1024649,1001105,2025-07-01T05:02:00
1073823,1001105,2025-07-10T05:37:00
1060304,1001105,2025-08-27T03:50:00
1004090,1001105,2025-08-01T10:25:00
1061560,1001105,2025-07-11T16:39:00
1079814,1001106,2025-07-27T10:51:00
1063910,1001106,2025-06-13T11:44:00
1022683,1001106,2025-06-02T23:04:00
1013770,1001106,2025-06-26T11:12:00
1091725,1001106,2025-06-23T11:41:00
1011640,1001106,2025-06-25T16:36:00
1023214,1001106,2025-07-03T01:48:00
1025677,1001106,2025-06-17T10:06:00
1039672,1001106,2025-06-08T13:45:00
1077964,1001106,2025-08-02T01:19:00
1060627,1001106,2025-07-22T14:30:00
1057972,1001106,2025-07-29T06:15:00
1024567,1001106,2025-06-10T23:30:00
1069261,1001106,2025-06-12T07:45:00
1017249,1001106,2025-06-29T05:35:00
1067879,1001106,2025-07-15T12:18:00
1054936,1001106,2025-07-31T05:36:00
1006141,1001106,2025-07-09T09:49:00
1069087,1001106,2025-07-25T13:38:00
1027818,1001106,2025-06-24T23:34:00
1057528,1001106,2025-08-05T05:55:00
1058592,1001106,2025-08-06T08:19:00
1035589,1001106,2025-07-28T11:18:00
1039500,1001106,2025-07-30T04:07:00
1027153,1001106,2025-07-26T08:25:00
1026130,1001106,2025-08-05T05:20:00
1060523,1001106,2025-07-11T15:18:00
1044527,1001106,2025-07-12T05:56:00
1084357,1001106,2025-07-08T07:44:00
1026373,1001106,2025-08-03T11:22:00
1075656,1001106,2025-06-28T08:09:00
1014704,1001106,2025-07-24T12:57:00
1034640,1001106,2025-07-20T05:36:00
1065558,1001106,2025-07-02T09:10:00
1030813,1001106,2025-07-17T03:52:00
1003649,1001106,2025-07-26T05:41:00
1067369,1001106,2025-07-13T12:36:00
1013454,1001106,2025-08-03T10:08:00
1029697,1001106,2025-07-16T10:45:00
1024327,1001106,2025-06-24T10:07:00
1090107,1001106,2025-07-26T23:31:00
1064297,1001106,2025-06-28T06:26:00
1035743,1001106,2025-08-04T10:28:00
1034834,1001106,2025-06-25T15:29:00
1028711,1001106,2025-07-09T05:41:00
1053532,1001106,2025-08-01T08:43:00
1000811,1001106,2025-08-12T08:00:00
1057370,1001106,2025-08-12T04:34:00
1059669,1001106,2025-08-16T05:16:00
1015078,1001106,2025-07-01T03:45:00
1023448,1001106,2025-07-19T02:29:00
1019061,1001106,2025-08-05T02:07:00
1034453,1001106,2025-08-26T02:07:00
1079209,1001106,2025-07-08T09:22:00
1092417,1001107,2025-06-16T07:18:00
1010711,1001107,2025-06-28T09:56:00
1076763,1001107,2025-07-31T10:47:00
1064859,1001107,2025-07-16T08:50:00
1017452,1001107,2025-07-01T04:57:00
1009807,1001107,2025-06-12T06:07:00
1002241,1001107,2025-07-15T12:02:00
1010047,1001107,2025-08-05T13:02:00
1087578,1001107,2025-08-04T02:39:00
1010854,1001107,2025-08-02T07:48:00
1096079,1001107,2025-07-09T08:41:00
1069966,1001107,2025-07-25T13:37:00
1067945,1001107,2025-08-04T11:05:00
1033227,1001107,2025-07-12T09:02:00
1067132,1001107,2025-07-14T11:47:00
1030717,1001107,2025-06-29T10:26:00
1068462,1001107,2025-07-15T13:20:00
1083714,1001107,2025-06-30T13:36:00
1016306,1001107,2025-07-05T01:25:00
1061727,1001107,2025-06-20T06:54:00
1023541,1001107,2025-07-21T04:22:00
1090192,1001107,2025-07-25T06:40:00
1034492,1001107,2025-08-01T11:59:00
1026077,1001107,2025-06-25T14:44:00
1080774,1001107,2025-08-03T02:30:00
1021601,1001107,2025-07-01T05:56:00
1042281,1001107,2025-07-18T06:24:00
1067548,1001107,2025-07-27T05:28:00
1019784,1001107,2025-06-28T13:10:00
1098653,1001107,2025-06-22T05:04:00
1067920,1001107,2025-08-16T00:20:00
1005511,1001107,2025-08-09T06:24:00
1097834,1001107,2025-07-06T02:20:00
1026377,1001107,2025-08-10T14:46:00
1052411,1001107,2025-08-03T02:52:00
1028482,1001107,2025-07-16T05:41:00
1040066,1001107,2025-08-11T06:34:00
1062635,1001107,2025-07-20T12:45:00
1055450,1001107,2025-07-15T16:31:00
1044541,1001107,2025-07-01T05:15:00
1057855,1001107,2025-07-30T06:39:00
1058487,1001107,2025-07-21T05:50:00
1049132,1001107,2025-07-02T09:00:00
1013419,1001107,2025-07-12T11:04:00
1005815,1001107,2025-08-12T10:53:00
1044703,1001107,2025-08-13T12:45:00
1081549,1001107,2025-08-24T04:51:00
1079821,1001107,2025-08-23T15:35:00
1052520,1001107,2025-07-20T05:57:00
1049455,1001108,2025-07-25T13:55:00
1038572,1001108,2025-08-18T12:53:00
1038985,1001108,2025-07-30T07:26:00
1067672,1001108,2025-06-23T02:13:00
1056997,1001108,2025-07-30T10:08:00
1002413,1001108,2025-07-14T09:08:00
1059105,1001108,2025-07-11T07:50:00
1001749,1001108,2025-07-10T08:37:00
1066262,1001108,2025-06-30T05:08:00
1026124,1001108,2025-08-15T04:01:00
1045120,1001108,2025-08-09T13:23:00
1023336,1001108,2025-07-30T06:30:00
1021729,1001108,2025-08-08T07:24:00
1082554,1001109,2025-07-01T07:48:00
1050387,1001109,2025-06-29T07:15:00
1010972,1001109,2025-08-07T00:45:00
1073588,1001109,2025-08-11T03:11:00
1049796,1001109,2025-07-31T06:52:00
1085996,1001109,2025-07-21T05:56:00
1057583,1001109,2025-08-13T04:21:00
1007682,1001109,2025-07-15T05:48:00
1077855,1001109,2025-07-29T10:37:00
1018287,1001109,2025-07-14T08:12:00
1037566,1001109,2025-07-15T11:43:00
1094490,1001109,2025-07-31T09:35:00
1012816,1001109,2025-07-17T12:23:00
1044382,1001109,2025-08-14T10:25:00
1027864,1001109,2025-07-23T09:24:00
1017336,1001109,2025-06-23T10:53:00
1065919,1001109,2025-06-25T13:26:00
1042422,1001109,2025-07-30T14:21:00
1005181,1001109,2025-08-12T02:45:00
1008183,1001109,2025-07-04T04:16:00
1063246,1001109,2025-08-14T14:15:00
1003100,1001109,2025-08-10T02:01:00
1082073,1001109,2025-08-18T10:34:00
1072933,1001109,2025-07-10T07:12:00
1020819,1001109,2025-07-11T09:43:00
1058897,1001109,2025-07-13T10:52:00
1098968,1001109,2025-08-18T09:14:00
1001221,1001109,2025-07-05T06:18:00
1042912,1001109,2025-08-10T08:26:00
1053845,1001109,2025-08-15T03:36:00
1070821,1001110,2025-06-30T13:44:00
1041070,1001110,2025-08-06T03:13:00
1037643,1001110,2025-07-09T02:24:00
1075139,1001110,2025-06-25T11:25:00
1073541,1001110,2025-07-27T12:01:00
1071725,1001110,2025-08-07T02:31:00
1007356,1001110,2025-07-10T06:27:00
1088310,1001110,2025-06-23T03:31:00
1021494,1001110,2025-07-18T02:39:00
1000277,1001110,2025-06-17T08:48:00
1052104,1001110,2025-07-21T06:45:00
1098264,1001110,2025-07-12T05:57:00
1049393,1001110,2025-06-19T04:04:00
1010573,1001110,2025-07-04T01:32:00
1014964,1001110,2025-07-16T03:04:00
1056002,1001110,2025-07-26T13:59:00
1070178,1001110,2025-07-18T12:25:00
1050065,1001110,2025-06-22T10:59:00
1063446,1001110,2025-07-05T07:40:00
1053706,1001110,2025-07-23T04:38:00
1070824,1001110,2025-06-26T05:20:00
1011208,1001110,2025-07-12T07:00:00
1011071,1001110,2025-07-12T07:32:00
1042662,1001110,2025-08-20T08:28:00
1099425,1001110,2025-07-26T06:32:00
1007998,1001110,2025-07-30T09:00:00
1039104,1001110,2025-06-29T14:35:00
1080970,1001110,2025-08-17T02:59:00
1054137,1001110,2025-07-25T10:12:00
1070007,1001110,2025-08-05T13:59:00
1079635,1001110,2025-07-31T07:36:00
1008510,1001110,2025-08-14T03:46:00
1090812,1001110,2025-07-31T04:48:00
1038164,1001110,2025-07-06T07:08:00
1012136,1001110,2025-07-23T02:43:00
1002470,1001110,2025-08-11T05:13:00
1029343,1001110,2025-08-13T10:29:00
1009085,1001110,2025-07-05T12:33:00
1091812,1001111,2025-07-23T10:35:00
1017816,1001111,2025-07-02T00:17:00
1026358,1001111,2025-08-19T09:09:00
1067886,1001111,2025-07-08T08:00:00
1050583,1001111,2025-07-16T06:38:00
1025993,1001111,2025-07-12T01:35:00
1049588,1001111,2025-07-18T08:02:00
1073198,1001111,2025-08-11T06:35:00
1039282,1001111,2025-07-13T11:20:00
1017803,1001111,2025-07-07T09:19:00
1074876,1001111,2025-07-08T10:22:00
1068765,1001111,2025-08-01T09:54:00
1089561,1001111,2025-07-09T10:12:00
1036983,1001111,2025-07-25T12:27:00
1050758,1001111,2025-08-11T13:16:00
1032877,1001112,2025-07-28T12:45:00
1095631,1001112,2025-06-20T07:10:00
1029642,1001112,2025-07-01T13:10:00
1049197,1001112,2025-07-02T23:53:00
1076756,1001112,2025-08-12T09:56:00
1026234,1001112,2025-08-06T04:52:00
1083561,1001112,2025-08-04T07:22:00
1022580,1001112,2025-08-05T05:35:00
1001480,1001112,2025-08-01T09:55:00
1010914,1001112,2025-08-03T08:12:00
1006901,1001112,2025-07-09T05:46:00
1062614,1001112,2025-08-12T04:30:00
1049265,1001112,2025-08-17T03:46:00
1039412,1001112,2025-07-11T05:49:00
1060582,1001112,2025-08-10T06:01:00
1058010,1001112,2025-08-19T02:27:00
1045200,1001112,2025-07-25T05:23:00
1023365,1001112,2025-07-14T13:05:00
1031103,1001112,2025-07-08T03:35:00
1006409,1001112,2025-08-02T08:00:00
1093836,1001112,2025-07-29T08:30:00
1016606,1001112,2025-07-28T03:31:00
1030703,1001112,2025-07-31T11:05:00
1031366,1001113,2025-06-11T11:33:00
1019848,1001113,2025-06-14T05:02:00
1069581,1001113,2025-06-20T09:00:00
1041799,1001113,2025-07-23T11:02:00
1036577,1001113,2025-07-14T02:38:00
1069606,1001113,2025-06-19T08:52:00
1057595,1001113,2025-08-07T07:45:00
1020321,1001113,2025-07-22T07:31:00
1063312,1001113,2025-07-03T04:22:00
1026639,1001113,2025-07-09T07:16:00
1014365,1001113,2025-07-04T11:40:00
1043682,1001113,2025-07-08T10:36:00
1079930,1001113,2025-07-09T04:46:00
1001198,1001113,2025-06-17T09:42:00
1088970,1001113,2025-08-09T08:29:00
1010375,1001113,2025-07-09T23:38:00
1025966,1001113,2025-07-26T10:39:00
1034579,1001113,2025-07-18T04:31:00
1029495,1001113,2025-08-11T10:44:00
1082155,1001113,2025-08-03T10:15:00
1075428,1001113,2025-07-29T14:12:00
1068223,1001113,2025-06-27T15:14:00
1051827,1001113,2025-08-05T05:54:00
1010968,1001113,2025-08-14T03:22:00
1095983,1001113,2025-06-30T10:25:00
1055810,1001113,2025-08-12T08:11:00
1085379,1001113,2025-07-19T09:42:00
1020034,1001113,2025-07-24T09:30:00
1076142,1001113,2025-07-12T01:40:00
1073038,1001113,2025-08-14T13:15:00
1032286,1001113,2025-07-18T00:36:00
1030021,1001113,2025-07-05T10:59:00
1098300,1001113,2025-08-20T09:14:00
1039591,1001113,2025-07-03T04:06:00
1054989,1001113,2025-08-02T06:05:00
1077880,1001113,2025-08-02T07:43:00
1010659,1001113,2025-08-24T06:22:00
1019526,1001113,2025-07-01T03:51:00
1033856,1001114,2025-07-23T03:12:00
1042603,1001114,2025-07-16T09:13:00
1028318,1001114,2025-07-06T04:59:00
1061259,1001114,2025-06-14T23:17:00
1084704,1001114,2025-06-15T03:35:00
1039147,1001114,2025-07-03T01:44:00
1044356,1001114,2025-08-06T23:22:00
1026852,1001114,2025-07-14T03:11:00
1087137,1001114,2025-07-21T06:24:00
1083976,1001114,2025-08-04T04:26:00
1085208,1001114,2025-07-08T08:53:00
1072683,1001114,2025-06-24T07:49:00
1057933,1001114,2025-07-13T07:15:00
1009602,1001114,2025-06-23T22:47:00
1070751,1001114,2025-07-31T01:09:00
1032586,1001114,2025-06-19T05:38:00
1066677,1001114,2025-07-28T06:12:00
1057889,1001114,2025-08-09T07:40:00
1015403,1001114,2025-07-26T05:21:00
1064931,1001114,2025-07-18T06:04:00
1099881,1001114,2025-07-07T03:37:00
1089871,1001114,2025-07-26T04:04:00
1021545,1001114,2025-07-18T02:38:00
1002301,1001114,2025-07-13T08:40:00
1082067,1001114,2025-08-07T06:09:00
1072074,1001114,2025-08-19T00:58:00
1004279,1001114,2025-07-06T09:35:00
1091531,1001114,2025-08-11T07:06:00
1079542,1001114,2025-07-19T07:25:00
1032376,1001114,2025-07-23T08:00:00
1042998,1001114,2025-07-27T09:57:00
1054139,1001114,2025-07-23T12:49:00
1095296,1001114,2025-07-25T00:34:00
1045657,1001114,2025-07-10T12:53:00
1099696,1001114,2025-08-18T03:17:00
1097733,1001114,2025-08-03T06:11:00
1019148,1001114,2025-08-16T04:07:00
1012281,1001114,2025-08-17T07:35:00
1041554,1001114,2025-08-25T12:32:00
1020847,1001114,2025-08-03T06:35:00
1051994,1001114,2025-07-17T05:13:00
1023162,1001115,2025-07-29T03:56:00
1056336,1001115,2025-07-28T04:39:00
1065671,1001115,2025-07-14T05:23:00
1011601,1001115,2025-07-16T02:28:00
1069008,1001115,2025-07-20T04:40:00
1098374,1001115,2025-08-01T13:19:00
1062878,1001115,2025-07-01T11:09:00
1017426,1001115,2025-07-19T03:59:00
1056009,1001115,2025-07-13T06:25:00
1003640,1001115,2025-07-22T08:47:00
1038389,1001115,2025-08-03T03:30:00
1044429,1001115,2025-07-17T05:51:00
1008475,1001115,2025-07-20T08:07:00
1010212,1001115,2025-08-26T07:29:00
1050322,1001115,2025-07-09T11:38:00
1094973,1001115,2025-07-22T08:35:00
1057764,1001115,2025-08-21T15:21:00
1016056,1001116,2025-06-15T04:11:00
1062456,1001116,2025-06-25T12:48:00
1098750,1001116,2025-07-02T06:55:00
1057950,1001116,2025-07-20T03:41:00
1010756,1001116,2025-07-22T23:46:00
1072152,1001116,2025-06-23T02:36:00
1086127,1001116,2025-08-04T08:04:00
1019734,1001116,2025-06-21T12:15:00
1088868,1001116,2025-07-01T02:14:00
1018298,1001116,2025-08-08T03:49:00
1076394,1001116,2025-07-16T00:39:00
1027031,1001116,2025-07-24T03:26:00
1018501,1001116,2025-06-22T08:34:00
1028236,1001116,2025-06-23T08:19:00
1023252,1001116,2025-07-22T09:16:00
1047510,1001116,2025-08-14T09:01:00
1087612,1001116,2025-07-03T02:37:00
1034198,1001116,2025-08-12T08:03:00
1084199,1001116,2025-07-26T23:07:00
1028207,1001116,2025-06-26T05:45:00
1097939,1001116,2025-07-25T11:12:00
1018173,1001116,2025-08-04T10:38:00
1072209,1001116,2025-08-06T00:06:00
1067272,1001116,2025-06-26T08:41:00
1017102,1001116,2025-07-27T09:59:00
1091662,1001116,2025-07-26T03:43:00
1034970,1001116,2025-07-06T07:32:00
1091445,1001116,2025-07-29T11:22:00
1075219,1001116,2025-08-19T12:00:00
1004235,1001116,2025-07-08T08:35:00
1093504,1001116,2025-07-13T05:12:00
1063242,1001116,2025-08-14T05:48:00
1095475,1001116,2025-07-10T02:39:00
1003530,1001116,2025-07-21T13:22:00
1000344,1001116,2025-08-15T04:15:00
1038708,1001116,2025-07-12T09:29:00
1002089,1001116,2025-07-08T10:31:00
1004630,1001116,2025-06-30T09:26:00
1087402,1001116,2025-08-20T00:41:00
1003277,1001116,2025-07-22T04:55:00
1005445,1001116,2025-08-04T22:38:00
1031472,1001116,2025-08-19T01:09:00
1012207,1001116,2025-07-17T12:25:00
1050813,1001117,2025-08-01T03:41:00
1019969,1001117,2025-06-09T08:16:00
1014564,1001117,2025-06-12T05:01:00
1001327,1001117,2025-07-31T07:25:00
1034672,1001117,2025-06-17T06:17:00
1039387,1001117,2025-07-29T06:19:00
1074927,1001117,2025-07-25T01:22:00
1046325,1001117,2025-06-22T07:30:00
1015396,1001117,2025-07-18T08:27:00
1007657,1001117,2025-07-30T01:40:00
1072067,1001117,2025-07-29T09:30:00
1070610,1001117,2025-08-03T10:16:00
1050482,1001117,2025-08-03T13:54:00
1046154,1001117,2025-06-26T12:40:00
1016993,1001117,2025-06-30T05:50:00
1020523,1001117,2025-08-09T23:59:00
1011004,1001117,2025-07-12T06:44:00
1049606,1001117,2025-06-29T10:49:00
1040549,1001117,2025-06-19T04:48:00
1033548,1001117,2025-07-14T05:09:00
1059605,1001117,2025-08-04T01:31:00
1093152,1001117,2025-07-31T09:41:00
1083277,1001117,2025-08-13T09:59:00
1007286,1001117,2025-08-08T01:27:00
1085490,1001117,2025-08-05T08:06:00
1062503,1001117,2025-08-16T05:49:00
1067169,1001117,2025-07-15T06:12:00
1059734,1001117,2025-08-18T12:32:00
1083452,1001117,2025-07-30T05:58:00
1087735,1001117,2025-07-13T22:09:00
1029219,1001117,2025-07-09T12:16:00
1068288,1001117,2025-08-25T08:25:00
1067296,1001117,2025-07-04T03:15:00
1083342,1001118,2025-07-09T05:13:00
1039162,1001118,2025-06-13T06:17:00
1009829,1001118,2025-07-28T09:51:00
1010703,1001118,2025-07-29T10:28:00
1056323,1001118,2025-07-25T10:18:00
1066516,1001118,2025-07-05T06:43:00
1044644,1001118,2025-08-01T13:56:00
1021551,1001118,2025-07-10T01:43:00
1077140,1001118,2025-06-30T02:08:00
1086096,1001118,2025-06-19T11:13:00
1001330,1001118,2025-07-06T06:36:00
1071476,1001118,2025-07-01T10:36:00
1081830,1001118,2025-08-08T07:01:00
1042964,1001118,2025-07-26T08:41:00
1019196,1001118,2025-07-17T06:51:00
1005428,1001118,2025-07-23T05:24:00
1056965,1001118,2025-07-28T10:21:00
1057094,1001118,2025-06-30T07:21:00
1062219,1001118,2025-07-21T01:09:00
1087606,1001118,2025-07-29T09:59:00
1035242,1001118,2025-07-20T14:04:00
1073811,1001118,2025-08-05T05:55:00
1083344,1001118,2025-08-15T10:34:00
1033798,1001118,2025-07-14T08:18:00
1075164,1001118,2025-06-30T10:16:00
1018497,1001118,2025-07-29T08:37:00
1075000,1001118,2025-08-09T15:31:00
1051063,1001118,2025-08-19T12:53:00
1061879,1001118,2025-07-19T01:51:00
1028066,1001118,2025-07-20T09:29:00
1039871,1001118,2025-07-10T15:20:00
1010481,1001118,2025-08-09T03:28:00
1004897,1001118,2025-07-24T07:32:00
1000163,1001118,2025-07-18T14:58:00
1033696,1001119,2025-07-19T05:40:00
1050513,1001119,2025-06-27T11:52:00
1093161,1001119,2025-06-28T07:28:00
1099661,1001119,2025-08-13T13:19:00
1054990,1001119,2025-07-03T01:54:00
1069486,1001119,2025-07-28T07:32:00
1048161,1001119,2025-08-03T04:24:00
1073924,1001119,2025-06-28T09:47:00
1027716,1001119,2025-07-24T10:50:00
1018352,1001119,2025-07-04T07:14:00
1075938,1001119,2025-08-05T06:53:00
1041590,1001119,2025-06-24T06:05:00
1090134,1001119,2025-07-08T07:30:00
1019544,1001119,2025-07-29T02:38:00
1060297,1001119,2025-06-30T06:37:00
1007178,1001119,2025-07-17T13:34:00
1027254,1001119,2025-08-16T08:47:00
1070819,1001119,2025-08-16T04:08:00
1056600,1001119,2025-08-12T03:01:00
1057197,1001119,2025-07-28T08:59:00
1066445,1001119,2025-07-12T07:25:00
1034503,1001119,2025-07-25T10:16:00
1096344,1001119,2025-07-07T08:53:00
1017586,1001119,2025-08-16T09:07:00
1002131,1001119,2025-08-28T13:48:00
1013855,1001119,2025-07-31T04:21:00
1060636,1001120,2025-07-28T06:41:00
1087333,1001120,2025-07-01T05:13:00
1014551,1001120,2025-08-08T05:57:00
1077344,1001120,2025-07-31T09:34:00
1012350,1001120,2025-06-17T14:03:00
1056920,1001120,2025-07-14T07:41:00
1010836,1001120,2025-06-20T11:10:00
1003298,1001120,2025-07-25T03:54:00
1050003,1001120,2025-08-02T08:02:00
1029130,1001120,2025-08-05T07:48:00
1064403,1001120,2025-06-19T15:54:00
1000257,1001120,2025-07-12T08:27:00
1017884,1001120,2025-06-20T07:31:00
1088565,1001120,2025-07-27T08:27:00
1066801,1001120,2025-06-25T03:57:00
1002876,1001120,2025-07-08T03:08:00
1007591,1001120,2025-07-04T09:53:00
1063613,1001120,2025-08-05T06:01:00
1007097,1001120,2025-07-15T05:28:00
1004979,1001120,2025-07-30T09:41:00
1025319,1001120,2025-07-10T05:55:00
1093737,1001120,2025-08-20T12:14:00
1037926,1001120,2025-08-22T09:31:00
1078851,1001120,2025-08-11T11:49:00
1070258,1001120,2025-07-14T09:52:00
1008093,1001120,2025-07-15T08:02:00
1059578,1001120,2025-07-25T10:17:00
1055145,1001120,2025-07-17T01:32:00
1094981,1001120,2025-07-19T06:14:00
1089349,1001120,2025-07-03T14:59:00
1085110,1001120,2025-08-08T05:44:00
1097115,1001120,2025-08-23T08:24:00
1041362,1001120,2025-08-28T05:30:00
1021507,1001120,2025-08-13T13:35:00
1059558,1001121,2025-06-28T07:18:00
1093449,1001121,2025-06-11T04:21:00
1003234,1001121,2025-06-14T06:18:00
1075788,1001121,2025-06-14T08:36:00
1089567,1001121,2025-06-20T03:07:00
1098824,1001121,2025-07-08T10:40:00
1033822,1001121,2025-06-13T07:17:00
1058588,1001121,2025-06-26T02:33:00
1030484,1001121,2025-07-03T00:06:00
1068713,1001121,2025-07-18T04:34:00
1034039,1001121,2025-07-16T03:57:00
1036529,1001121,2025-07-23T11:15:00
1017405,1001121,2025-08-10T07:23:00
1014443,1001121,2025-08-06T00:48:00
1094642,1001121,2025-07-31T07:58:00
1017978,1001121,2025-07-14T04:05:00
1042142,1001121,2025-06-18T01:27:00
1050153,1001121,2025-07-04T07:05:00
1038281,1001121,2025-07-30T12:32:00
1086716,1001121,2025-06-22T07:06:00
1075286,1001121,2025-08-01T00:58:00
1018964,1001121,2025-07-24T05:08:00
1006895,1001121,2025-06-24T10:31:00
1005704,1001121,2025-08-19T04:26:00
1025285,1001121,2025-07-02T08:23:00
1002570,1001121,2025-07-24T14:12:00
1021008,1001121,2025-07-11T14:58:00
1024896,1001121,2025-07-09T11:19:00
1032253,1001121,2025-07-24T15:09:00
1064581,1001121,2025-06-30T13:29:00
1023215,1001121,2025-08-14T08:35:00
1076414,1001121,2025-08-24T09:59:00
1025921,1001121,2025-08-27T05:00:00
1020588,1001121,2025-07-21T04:00:00
1081009,1001121,2025-08-26T06:07:00
1083886,1001121,2025-08-01T06:54:00
1047352,1001121,2025-07-15T13:08:00
1017076,1001122,2025-06-29T22:52:00
1013425,1001122,2025-07-18T08:27:00
1041290,1001122,2025-07-17T04:56:00
1031150,1001122,2025-06-26T12:30:00
1056724,1001122,2025-07-25T02:16:00
1000983,1001122,2025-07-24T14:56:00
1021042,1001122,2025-06-17T05:32:00
1008090,1001122,2025-06-14T05:35:00
1032941,1001122,2025-07-03T07:48:00
1074170,1001122,2025-06-17T04:56:00
1025197,1001122,2025-07-07T04:45:00
1038155,1001122,2025-06-22T04:34:00
1002489,1001122,2025-06-14T08:09:00
1047922,1001122,2025-07-03T05:00:00
1006143,1001122,2025-07-23T07:45:00
1017447,1001122,2025-06-27T11:35:00
1057959,1001122,2025-07-17T09:59:00
1007985,1001122,2025-07-23T15:54:00
1038031,1001122,2025-07-11T00:46:00
1062423,1001122,2025-07-24T04:52:00
1003698,1001122,2025-06-15T01:19:00
1015901,1001122,2025-08-07T09:57:00
1084999,1001122,2025-08-12T04:00:00
1038273,1001122,2025-07-14T08:50:00
1026439,1001122,2025-08-08T08:08:00
1099047,1001122,2025-06-29T14:26:00
1056993,1001122,2025-06-25T04:44:00
1017458,1001122,2025-08-12T09:17:00
1067171,1001122,2025-06-29T05:44:00
1074790,1001122,2025-06-26T09:09:00
1022653,1001122,2025-08-19T07:56:00
1018090,1001122,2025-07-02T11:01:00
1056928,1001122,2025-08-11T07:29:00
1079784,1001122,2025-08-10T02:55:00
1003260,1001122,2025-07-24T06:42:00
1027925,1001122,2025-06-29T03:34:00
1060072,1001122,2025-06-30T07:19:00
1020865,1001122,2025-07-13T07:24:00
1038018,1001122,2025-08-04T08:50:00
1056432,1001122,2025-08-19T08:23:00
1018862,1001122,2025-08-09T06:11:00
1018687,1001123,2025-06-12T04:01:00
1022217,1001123,2025-06-18T06:52:00
1055935,1001123,2025-06-11T07:45:00
1076326,1001123,2025-06-19T02:15:00
1094493,1001123,2025-07-12T06:04:00
1059013,1001123,2025-06-17T12:23:00
1056871,1001123,2025-06-14T09:20:00
1065189,1001123,2025-08-06T09:23:00
1065215,1001123,2025-07-08T02:27:00
1032457,1001123,2025-08-07T04:20:00
1089854,1001123,2025-07-11T13:22:00
1035533,1001123,2025-07-06T07:06:00
1035826,1001123,2025-06-26T07:39:00
1092501,1001123,2025-07-27T07:50:00
1033171,1001123,2025-08-09T07:53:00
1062452,1001123,2025-08-02T16:56:00
1084768,1001123,2025-08-01T06:27:00
1092429,1001123,2025-06-27T04:15:00
1065860,1001123,2025-08-06T07:27:00
1010713,1001123,2025-07-30T03:08:00
1021560,1001123,2025-07-01T07:55:00
1044194,1001123,2025-07-06T11:42:00
1066502,1001123,2025-07-19T08:23:00
1063155,1001123,2025-08-05T11:12:00
1005965,1001123,2025-08-01T09:48:00
1076438,1001123,2025-07-16T01:10:00
1082813,1001123,2025-07-16T00:03:00
1083558,1001123,2025-08-22T06:04:00
1072621,1001123,2025-07-08T04:37:00
1096911,1001123,2025-07-22T02:05:00
1016456,1001123,2025-06-29T10:13:00
1012343,1001123,2025-08-18T15:13:00
1075746,1001123,2025-07-09T14:01:00
1073839,1001123,2025-08-28T09:56:00
1021243,1001123,2025-07-08T09:21:00
1073657,1001123,2025-08-25T12:50:00
1079991,1001124,2025-06-29T08:44:00
1018523,1001124,2025-07-06T14:28:00
1053254,1001124,2025-08-02T01:18:00
1037378,1001124,2025-07-09T06:30:00
1099910,1001124,2025-07-13T09:02:00
1065307,1001124,2025-08-13T08:28:00
1050088,1001124,2025-07-22T06:18:00
1013479,1001124,2025-08-01T14:24:00
1038502,1001124,2025-08-04T03:49:00
1094511,1001124,2025-07-13T04:35:00
1092469,1001124,2025-06-23T11:44:00
1031628,1001124,2025-06-26T12:56:00
1091897,1001124,2025-07-09T02:19:00
1062951,1001124,2025-07-30T01:50:00
1094380,1001124,2025-07-15T13:54:00
1057763,1001124,2025-06-29T12:14:00
1016891,1001124,2025-06-23T22:45:00
1024764,1001124,2025-08-11T08:47:00
1039733,1001124,2025-08-16T12:17:00
1008603,1001124,2025-07-30T06:43:00
1018479,1001124,2025-07-18T07:10:00
1094258,1001124,2025-07-23T08:02:00
1089935,1001124,2025-08-18T08:02:00
1025765,1001124,2025-07-11T23:12:00
1047895,1001124,2025-07-10T08:26:00
1040106,1001124,2025-07-18T07:06:00
1013603,1001124,2025-07-22T14:10:00
1083760,1001125,2025-07-19T05:18:00
1047776,1001125,2025-08-05T03:09:00
1006622,1001125,2025-06-19T01:35:00
1015691,1001125,2025-07-22T07:58:00
1025216,1001125,2025-08-10T00:14:00
1061367,1001125,2025-06-19T09:17:00
1058381,1001125,2025-07-07T07:34:00
1049849,1001125,2025-06-20T07:33:00
1075748,1001125,2025-08-03T06:20:00
1042759,1001125,2025-07-20T02:52:00
1002353,1001125,2025-08-10T05:24:00
1053658,1001125,2025-08-09T03:44:00
1039556,1001125,2025-07-17T23:07:00
1092680,1001125,2025-08-04T10:59:00
1099205,1001125,2025-07-17T03:18:00
1061734,1001125,2025-07-19T07:47:00
1061596,1001125,2025-08-05T02:03:00
1041048,1001125,2025-08-21T00:51:00
1078166,1001125,2025-07-03T07:18:00
1003617,1001125,2025-07-08T10:37:00
1013472,1001125,2025-08-23T00:05:00
1086707,1001125,2025-07-06T04:26:00
1094497,1001125,2025-08-06T09:04:00
1062846,1001125,2025-07-23T05:13:00
1060625,1001125,2025-07-06T10:33:00
1016820,1001125,2025-07-25T15:32:00
1047901,1001125,2025-07-04T03:45:00
1082939,1001125,2025-08-18T06:53:00
1076075,1001125,2025-08-18T08:13:00
1020916,1001125,2025-07-10T12:45:00
1093969,1001125,2025-07-24T11:58:00
1072643,1001126,2025-07-22T05:08:00
1038410,1001126,2025-08-04T06:08:00
1080311,1001126,2025-08-01T11:06:00
1023982,1001126,2025-07-17T01:44:00
1062033,1001126,2025-06-18T07:29:00
1078800,1001126,2025-07-18T06:09:00
1056524,1001126,2025-08-05T07:36:00
1016868,1001126,2025-07-25T00:21:00
1007701,1001126,2025-07-30T06:26:00
1068596,1001126,2025-07-10T06:21:00
1043789,1001126,2025-06-18T09:51:00
1091114,1001126,2025-08-15T08:34:00
1015071,1001126,2025-08-09T05:57:00
1063026,1001126,2025-07-22T12:11:00
1068691,1001126,2025-08-07T07:32:00
1098816,1001126,2025-07-12T12:56:00
1022981,1001126,2025-07-18T01:15:00
1082353,1001126,2025-07-26T08:12:00
1011351,1001126,2025-08-07T03:17:00
1024282,1001126,2025-06-25T06:00:00
1078890,1001126,2025-08-10T04:55:00
1012135,1001126,2025-07-14T10:21:00
1034913,1001126,2025-07-06T03:27:00
1038606,1001126,2025-06-27T07:18:00
1073052,1001126,2025-07-26T07:02:00
1079569,1001126,2025-08-20T05:42:00
1087934,1001126,2025-07-08T06:21:00
1085123,1001126,2025-07-09T03:04:00
1017364,1001126,2025-07-25T02:22:00
1082438,1001126,2025-08-06T08:46:00
1015862,1001126,2025-07-15T04:39:00
1022002,1001126,2025-07-03T11:41:00
1043881,1001126,2025-08-26T06:20:00
1040250,1001126,2025-08-06T01:02:00
1012032,1001126,2025-07-13T11:16:00
1028074,1001127,2025-07-11T04:51:00
1039909,1001127,2025-06-30T00:46:00
1058525,1001127,2025-06-28T09:08:00
1017756,1001127,2025-06-14T22:49:00
1093174,1001127,2025-07-03T05:42:00
1053010,1001127,2025-06-25T01:10:00
1087883,1001127,2025-07-23T05:08:00
1082228,1001127,2025-06-18T09:33:00
1021944,1001127,2025-08-01T06:56:00
1086292,1001127,2025-07-18T03:36:00
1093409,1001127,2025-07-01T05:04:00
1087468,1001127,2025-07-27T05:18:00
1049608,1001127,2025-08-05T09:22:00
1083133,1001127,2025-07-25T07:48:00
1041278,1001127,2025-08-06T03:58:00
1053596,1001127,2025-07-04T11:36:00
1052853,1001127,2025-06-30T07:02:00
1055064,1001127,2025-07-12T04:15:00
1085185,1001127,2025-06-26T05:00:00
1059259,1001127,2025-08-02T03:53:00
1081726,1001127,2025-08-04T06:54:00
1001764,1001127,2025-07-24T04:05:00
1075801,1001127,2025-07-10T04:37:00
1071576,1001127,2025-07-16T01:21:00
1045257,1001127,2025-08-18T08:49:00
1026610,1001127,2025-06-27T09:48:00
1073044,1001127,2025-07-24T09:18:00
1088254,1001127,2025-07-15T14:42:00
1022044,1001127,2025-08-17T07:33:00
1018900,1001127,2025-08-06T03:27:00
1023131,1001127,2025-07-26T11:10:00
1092557,1001127,2025-07-27T07:09:00
1042080,1001127,2025-07-26T07:42:00
1033754,1001127,2025-07-19T01:36:00
1062307,1001127,2025-08-27T05:41:00
1090585,1001127,2025-07-21T08:19:00
1014069,1001127,2025-08-17T01:40:00
1057969,1001127,2025-07-07T04:13:00
1013371,1001127,2025-08-03T07:05:00
1006121,1001128,2025-08-11T11:41:00
1074907,1001128,2025-08-09T05:12:00
1052867,1001128,2025-07-19T00:31:00
1057445,1001128,2025-08-04T10:53:00
1043263,1001128,2025-07-26T07:59:00
1088472,1001128,2025-07-19T10:09:00
1021963,1001128,2025-07-24T11:26:00
1027801,1001128,2025-07-23T08:30:00
1083077,1001128,2025-07-26T08:18:00
1048910,1001128,2025-07-01T23:11:00
1035591,1001128,2025-07-15T23:55:00
1063343,1001128,2025-07-17T06:12:00
1007723,1001128,2025-07-25T07:51:00
1043434,1001128,2025-07-02T10:49:00
1076451,1001128,2025-08-21T02:25:00
1045527,1001128,2025-08-05T09:43:00
1029049,1001128,2025-07-23T08:35:00
1074353,1001128,2025-08-10T00:05:00
1070047,1001128,2025-07-16T08:53:00
1055312,1001128,2025-07-11T10:03:00
1089491,1001128,2025-08-10T11:35:00
1011014,1001128,2025-08-19T00:17:00
1044646,1001128,2025-07-23T04:09:00
1023367,1001128,2025-08-04T03:36:00
1078758,1001129,2025-07-21T02:17:00
1036222,1001129,2025-06-27T10:17:00
1046746,1001129,2025-07-24T11:02:00
1086380,1001129,2025-06-30T05:41:00
1071492,1001129,2025-08-02T01:35:00
1096435,1001129,2025-07-17T07:36:00
1033715,1001129,2025-07-25T04:02:00
1051789,1001129,2025-08-14T00:59:00
1088784,1001129,2025-07-06T08:51:00
1005938,1001129,2025-07-21T23:23:00
1014393,1001129,2025-07-15T07:06:00
1034462,1001129,2025-08-24T07:21:00
1066323,1001129,2025-08-02T06:38:00
1018059,1001129,2025-08-25T00:25:00
1015660,1001129,2025-08-14T05:23:00
1044949,1001129,2025-08-13T11:56:00
1027718,1001129,2025-07-04T13:00:00
1009077,1001130,2025-07-13T07:59:00
1067649,1001130,2025-07-31T07:43:00
1013616,1001130,2025-07-27T07:41:00
1093300,1001130,2025-06-17T06:12:00
1029502,1001130,2025-06-27T04:49:00
1039907,1001130,2025-08-11T06:24:00
1018426,1001130,2025-06-21T02:49:00
1032862,1001130,2025-08-03T07:03:00
1031413,1001130,2025-07-03T10:14:00
1078758,1001130,2025-07-21T02:17:00
1036222,1001130,2025-06-27T10:17:00
1046746,1001130,2025-07-24T11:02:00
1086380,1001130,2025-06-30T05:41:00
1071492,1001130,2025-08-02T01:35:00
1096435,1001130,2025-07-17T07:36:00
1033715,1001130,2025-07-25T04:02:00
1051789,1001130,2025-08-14T00:59:00
1088784,1001130,2025-07-06T08:51:00
1005938,1001130,2025-07-21T23:23:00
1014393,1001130,2025-07-15T07:06:00
1034462,1001130,2025-08-24T07:21:00
1066323,1001130,2025-08-02T06:38:00
1018059,1001130,2025-08-25T00:25:00
1015660,1001130,2025-08-14T05:23:00
1044949,1001130,2025-08-13T11:56:00
1027718,1001130,2025-07-04T13:00:00
1007657,1001131,2025-07-30T01:40:00
1072067,1001131,2025-07-29T09:30:00
1070610,1001131,2025-08-03T10:16:00
1050482,1001131,2025-08-03T13:54:00
1046154,1001131,2025-06-26T12:40:00
1016993,1001131,2025-06-30T05:50:00
1020523,1001131,2025-08-09T23:59:00
1011004,1001131,2025-07-12T06:44:00
1049606,1001131,2025-06-29T10:49:00
1040549,1001131,2025-06-19T04:48:00
1033548,1001131,2025-07-14T05:09:00
1059605,1001131,2025-08-04T01:31:00
1093152,1001131,2025-07-31T09:41:00
1083277,1001131,2025-08-13T09:59:00
1007286,1001131,2025-08-08T01:27:00
1085490,1001131,2025-08-05T08:06:00
1062503,1001131,2025-08-16T05:49:00
1067169,1001131,2025-07-15T06:12:00
1059734,1001131,2025-08-18T12:32:00
1083452,1001131,2025-07-30T05:58:00
1087735,1001131,2025-07-13T22:09:00
1029219,1001131,2025-07-09T12:16:00
1068288,1001131,2025-08-25T08:25:00
1067296,1001131,2025-07-04T03:15:00
1026446,1001132,2025-07-08T07:48:00
1016204,1001132,2025-07-26T04:51:00
1088701,1001132,2025-06-29T08:02:00
1002897,1001132,2025-07-22T04:43:00
1058572,1001132,2025-06-27T02:08:00
1084699,1001132,2025-08-10T06:28:00
1013859,1001132,2025-06-16T02:05:00
1029206,1001132,2025-06-30T06:53:00
1022575,1001132,2025-06-16T09:52:00
1084934,1001132,2025-06-21T13:05:00
1022440,1001132,2025-07-21T09:07:00
1037756,1001132,2025-07-12T01:04:00
1019069,1001132,2025-08-05T09:21:00
1034402,1001132,2025-07-20T05:09:00
1016525,1001132,2025-07-06T03:59:00
1030624,1001132,2025-06-18T04:34:00
1037947,1001132,2025-06-26T05:34:00
1036798,1001132,2025-08-12T06:53:00
1012775,1001132,2025-06-23T02:40:00
1070049,1001132,2025-07-11T07:46:00
1097225,1001132,2025-07-10T06:00:00
1032877,1001132,2025-07-28T12:45:00
1095631,1001132,2025-06-20T07:10:00
1029642,1001132,2025-07-01T13:10:00
1049197,1001132,2025-07-02T23:53:00
1076756,1001132,2025-08-12T09:56:00
1026234,1001132,2025-08-06T04:52:00
1083561,1001132,2025-08-04T07:22:00
1022580,1001132,2025-08-05T05:35:00
1001480,1001132,2025-08-01T09:55:00
1010914,1001132,2025-08-03T08:12:00
1006901,1001132,2025-07-09T05:46:00
1062614,1001132,2025-08-12T04:30:00
1049265,1001132,2025-08-17T03:46:00
1039412,1001132,2025-07-11T05:49:00
1060582,1001132,2025-08-10T06:01:00
1058010,1001132,2025-08-19T02:27:00
1045200,1001132,2025-07-25T05:23:00
1023365,1001132,2025-07-14T13:05:00
1031103,1001132,2025-07-08T03:35:00
1006409,1001132,2025-08-02T08:00:00
1093836,1001132,2025-07-29T08:30:00
1016606,1001132,2025-07-28T03:31:00
1030703,1001132,2025-07-31T11:05:00
1070923,1001133,2025-07-29T06:55:00
1023484,1001133,2025-07-21T01:19:00
1004559,1001133,2025-07-23T10:36:00
1075799,1001133,2025-07-18T05:45:00
1085237,1001133,2025-07-17T12:43:00
1083160,1001133,2025-07-03T06:48:00
1010777,1001133,2025-07-18T09:50:00
1058708,1001133,2025-06-12T07:54:00
1029665,1001133,2025-07-21T07:49:00
1005743,1001133,2025-07-22T07:37:00
1066634,1001133,2025-06-18T23:44:00
1060735,1001133,2025-07-20T02:22:00
1030431,1001133,2025-07-23T10:15:00
1000255,1001133,2025-07-27T04:48:00
1009660,1001133,2025-07-06T05:09:00
1022383,1001133,2025-07-18T06:14:00
1035967,1001133,2025-06-20T07:35:00
1047096,1001133,2025-07-27T13:27:00
1087509,1001133,2025-07-20T04:29:00
1050837,1001133,2025-06-27T08:41:00
1053143,1001133,2025-06-24T03:12:00
1016187,1001133,2025-07-05T11:38:00
1073847,1001133,2025-08-03T13:24:00
1019051,1001133,2025-07-01T10:05:00
1000172,1001133,2025-07-21T12:58:00
1095552,1001133,2025-07-21T23:32:00
1044328,1001133,2025-07-27T02:04:00
1041565,1001133,2025-07-26T10:18:00
1017830,1001133,2025-07-29T12:09:00
1053045,1001133,2025-08-16T08:19:00
1027311,1001133,2025-07-05T15:14:00
1052917,1001133,2025-07-06T05:36:00
1053987,1001133,2025-08-14T14:38:00
1044097,1001133,2025-07-16T03:08:00
1066391,1001133,2025-07-30T10:40:00
1089448,1001133,2025-08-21T12:49:00
1072607,1001133,2025-07-16T08:46:00
1027329,1001133,2025-08-01T23:46:00
1033794,1001133,2025-08-20T07:36:00
1040706,1001133,2025-08-20T09:03:00
1020965,1001133,2025-07-16T03:32:00
1098118,1001133,2025-07-15T12:42:00
1054543,1001133,2025-08-13T06:49:00
1020539,1001133,2025-08-05T07:29:00
1009323,1001133,2025-07-04T14:20:00
1035448,1001133,2025-07-06T12:52:00
1055665,1001133,2025-08-12T04:02:00
1005174,1001133,2025-07-29T15:17:00
1057445,1001134,2025-08-04T10:53:00
1043263,1001134,2025-07-26T07:59:00
1088472,1001134,2025-07-19T10:09:00
1021963,1001134,2025-07-24T11:26:00
1027801,1001134,2025-07-23T08:30:00
1083077,1001134,2025-07-26T08:18:00
1048910,1001134,2025-07-01T23:11:00
1035591,1001134,2025-07-15T23:55:00
1063343,1001134,2025-07-17T06:12:00
1007723,1001134,2025-07-25T07:51:00
1043434,1001134,2025-07-02T10:49:00
1076451,1001134,2025-08-21T02:25:00
1045527,1001134,2025-08-05T09:43:00
1029049,1001134,2025-07-23T08:35:00
1074353,1001134,2025-08-10T00:05:00
1070047,1001134,2025-07-16T08:53:00
1055312,1001134,2025-07-11T10:03:00
1089491,1001134,2025-08-10T11:35:00
1011014,1001134,2025-08-19T00:17:00
1044646,1001134,2025-07-23T04:09:00
1023367,1001134,2025-08-04T03:36:00
1009660,1001135,2025-07-06T05:09:00
1022383,1001135,2025-07-18T06:14:00
1035967,1001135,2025-06-20T07:35:00
1047096,1001135,2025-07-27T13:27:00
1087509,1001135,2025-07-20T04:29:00
1050837,1001135,2025-06-27T08:41:00
1053143,1001135,2025-06-24T03:12:00
1016187,1001135,2025-07-05T11:38:00
1073847,1001135,2025-08-03T13:24:00
1019051,1001135,2025-07-01T10:05:00
1000172,1001135,2025-07-21T12:58:00
1095552,1001135,2025-07-21T23:32:00
1044328,1001135,2025-07-27T02:04:00
1041565,1001135,2025-07-26T10:18:00
1017830,1001135,2025-07-29T12:09:00
1053045,1001135,2025-08-16T08:19:00
1027311,1001135,2025-07-05T15:14:00
1052917,1001135,2025-07-06T05:36:00
1053987,1001135,2025-08-14T14:38:00
1044097,1001135,2025-07-16T03:08:00
1066391,1001135,2025-07-30T10:40:00
1089448,1001135,2025-08-21T12:49:00
1072607,1001135,2025-07-16T08:46:00
1027329,1001135,2025-08-01T23:46:00
1033794,1001135,2025-08-20T07:36:00
1040706,1001135,2025-08-20T09:03:00
1020965,1001135,2025-07-16T03:32:00
1098118,1001135,2025-07-15T12:42:00
1054543,1001135,2025-08-13T06:49:00
1020539,1001135,2025-08-05T07:29:00
1009323,1001135,2025-07-04T14:20:00
1035448,1001135,2025-07-06T12:52:00
1055665,1001135,2025-08-12T04:02:00
1005174,1001135,2025-07-29T15:17:00
1030791,1001136,2025-06-20T07:14:00
1019557,1001136,2025-06-13T04:15:00
1077707,1001136,2025-07-09T10:38:00
1058773,1001136,2025-07-15T13:07:00
1084953,1001136,2025-08-05T03:35:00
1069199,1001136,2025-07-10T01:39:00
1031366,1001136,2025-06-11T11:33:00
1019848,1001136,2025-06-14T05:02:00
1069581,1001136,2025-06-20T09:00:00
1041799,1001136,2025-07-23T11:02:00
1036577,1001136,2025-07-14T02:38:00
1069606,1001136,2025-06-19T08:52:00
1057595,1001136,2025-08-07T07:45:00
1020321,1001136,2025-07-22T07:31:00
1063312,1001136,2025-07-03T04:22:00
1026639,1001136,2025-07-09T07:16:00
1014365,1001136,2025-07-04T11:40:00
1043682,1001136,2025-07-08T10:36:00
1079930,1001136,2025-07-09T04:46:00
1001198,1001136,2025-06-17T09:42:00
1088970,1001136,2025-08-09T08:29:00
1010375,1001136,2025-07-09T23:38:00
1025966,1001136,2025-07-26T10:39:00
1034579,1001136,2025-07-18T04:31:00
1029495,1001136,2025-08-11T10:44:00
1082155,1001136,2025-08-03T10:15:00
1075428,1001136,2025-07-29T14:12:00
1068223,1001136,2025-06-27T15:14:00
1051827,1001136,2025-08-05T05:54:00
1010968,1001136,2025-08-14T03:22:00
1095983,1001136,2025-06-30T10:25:00
1055810,1001136,2025-08-12T08:11:00
1085379,1001136,2025-07-19T09:42:00
1020034,1001136,2025-07-24T09:30:00
1076142,1001136,2025-07-12T01:40:00
1073038,1001136,2025-08-14T13:15:00
1032286,1001136,2025-07-18T00:36:00
1030021,1001136,2025-07-05T10:59:00
1098300,1001136,2025-08-20T09:14:00
1039591,1001136,2025-07-03T04:06:00
1054989,1001136,2025-08-02T06:05:00
1077880,1001136,2025-08-02T07:43:00
1010659,1001136,2025-08-24T06:22:00
1019526,1001136,2025-07-01T03:51:00
1002673,1001137,2025-07-08T08:26:00
1049656,1001137,2025-07-28T04:44:00
1009663,1001137,2025-06-21T15:21:00
1091171,1001137,2025-08-04T01:02:00
1061793,1001137,2025-07-12T08:27:00
1029560,1001137,2025-06-18T08:36:00
1018763,1001137,2025-07-28T06:15:00
1006456,1001137,2025-06-29T01:59:00
1014568,1001137,2025-08-08T00:06:00
1010418,1001137,2025-07-27T03:51:00
1020955,1001137,2025-07-30T07:37:00
1084321,1001137,2025-08-04T09:02:00
1092767,1001137,2025-07-14T05:18:00
1027051,1001137,2025-08-01T00:43:00
1065735,1001137,2025-08-21T08:29:00
1064070,1001137,2025-07-03T02:02:00
1018073,1001137,2025-08-20T04:32:00
1059461,1001137,2025-08-18T05:17:00
1028242,1001137,2025-07-21T09:13:00
1021365,1001137,2025-08-23T03:06:00
1087007,1001137,2025-08-15T11:58:00
1058638,1001137,2025-07-01T07:13:00
1058244,1001137,2025-07-07T03:26:00
1006824,1001137,2025-07-07T08:19:00
1053102,1001137,2025-08-11T07:58:00
1071114,1001137,2025-08-23T08:09:00
1023669,1001137,2025-08-03T09:52:00
1032483,1001137,2025-07-21T04:28:00
1050460,1001138,2025-06-28T10:36:00
1062718,1001138,2025-07-05T11:36:00
1076646,1001138,2025-08-12T07:03:00
1056395,1001138,2025-08-10T04:19:00
1007953,1001138,2025-08-07T13:12:00
1047858,1001138,2025-07-21T08:53:00
1006381,1001138,2025-07-15T06:26:00
1045036,1001138,2025-07-11T12:06:00
1046172,1001138,2025-07-01T00:02:00
1078497,1001138,2025-06-30T03:55:00
1039933,1001138,2025-08-07T11:48:00
1038928,1001138,2025-08-05T02:56:00
1074332,1001138,2025-07-14T05:09:00
1019346,1001138,2025-07-29T05:54:00
1019533,1001138,2025-08-26T03:42:00
1024649,1001138,2025-07-01T05:02:00
1073823,1001138,2025-07-10T05:37:00
1060304,1001138,2025-08-27T03:50:00
1004090,1001138,2025-08-01T10:25:00
1061560,1001138,2025-07-11T16:39:00
1067232,1001139,2025-07-19T05:55:00
1033099,1001139,2025-06-05T05:24:00
1068255,1001139,2025-06-16T03:00:00
1069189,1001139,2025-07-13T05:02:00
1081019,1001139,2025-06-25T09:38:00
1028833,1001139,2025-07-04T10:47:00
1090567,1001139,2025-06-24T11:40:00
1029075,1001139,2025-08-01T04:33:00
1003479,1001139,2025-06-17T08:53:00
1078875,1001139,2025-06-14T06:42:00
1085320,1001139,2025-07-12T00:10:00
1058497,1001139,2025-07-23T12:21:00
1055591,1001139,2025-06-24T13:25:00
1094830,1001139,2025-07-15T22:03:00
1081010,1001139,2025-07-07T04:50:00
1021853,1001139,2025-08-01T06:58:00
1063018,1001139,2025-07-15T07:36:00
1099093,1001139,2025-07-16T11:53:00
1096889,1001139,2025-07-22T23:22:00
1066110,1001139,2025-06-28T05:10:00
1071796,1001139,2025-07-29T01:01:00
1014091,1001139,2025-07-17T01:24:00
1010190,1001139,2025-06-30T08:52:00
1084337,1001139,2025-08-08T00:23:00
1099364,1001139,2025-06-20T15:44:00
1011798,1001139,2025-08-08T07:20:00
1060596,1001139,2025-06-30T04:52:00
1036546,1001139,2025-07-07T09:18:00
1002408,1001139,2025-08-10T07:21:00
1023162,1001139,2025-07-29T03:56:00
1056336,1001139,2025-07-28T04:39:00
1065671,1001139,2025-07-14T05:23:00
1011601,1001139,2025-07-16T02:28:00
1069008,1001139,2025-07-20T04:40:00
1098374,1001139,2025-08-01T13:19:00
1062878,1001139,2025-07-01T11:09:00
1017426,1001139,2025-07-19T03:59:00
1056009,1001139,2025-07-13T06:25:00
1003640,1001139,2025-07-22T08:47:00
1038389,1001139,2025-08-03T03:30:00
1044429,1001139,2025-07-17T05:51:00
1008475,1001139,2025-07-20T08:07:00
1010212,1001139,2025-08-26T07:29:00
1050322,1001139,2025-07-09T11:38:00
1094973,1001139,2025-07-22T08:35:00
1057764,1001139,2025-08-21T15:21:00
1036536,1001140,2025-07-04T11:31:00
1015756,1001140,2025-08-04T08:07:00
1064167,1001140,2025-06-19T00:53:00
1051905,1001140,2025-06-26T08:16:00
1057700,1001140,2025-07-04T15:47:00
1091812,1001140,2025-07-23T10:35:00
1017816,1001140,2025-07-02T00:17:00
1026358,1001140,2025-08-19T09:09:00
1067886,1001140,2025-07-08T08:00:00
1050583,1001140,2025-07-16T06:38:00
1025993,1001140,2025-07-12T01:35:00
1049588,1001140,2025-07-18T08:02:00
1073198,1001140,2025-08-11T06:35:00
1039282,1001140,2025-07-13T11:20:00
1017803,1001140,2025-07-07T09:19:00
1074876,1001140,2025-07-08T10:22:00
1068765,1001140,2025-08-01T09:54:00
1089561,1001140,2025-07-09T10:12:00
1036983,1001140,2025-07-25T12:27:00
1050758,1001140,2025-08-11T13:16:00
1021944,1001141,2025-08-01T06:56:00
1086292,1001141,2025-07-18T03:36:00
1093409,1001141,2025-07-01T05:04:00
1087468,1001141,2025-07-27T05:18:00
1049608,1001141,2025-08-05T09:22:00
1083133,1001141,2025-07-25T07:48:00
1041278,1001141,2025-08-06T03:58:00
1053596,1001141,2025-07-04T11:36:00
1052853,1001141,2025-06-30T07:02:00
1055064,1001141,2025-07-12T04:15:00
1085185,1001141,2025-06-26T05:00:00
1059259,1001141,2025-08-02T03:53:00
1081726,1001141,2025-08-04T06:54:00
1001764,1001141,2025-07-24T04:05:00
1075801,1001141,2025-07-10T04:37:00
1071576,1001141,2025-07-16T01:21:00
1045257,1001141,2025-08-18T08:49:00
1026610,1001141,2025-06-27T09:48:00
1073044,1001141,2025-07-24T09:18:00
1088254,1001141,2025-07-15T14:42:00
1022044,1001141,2025-08-17T07:33:00
1018900,1001141,2025-08-06T03:27:00
1023131,1001141,2025-07-26T11:10:00
1092557,1001141,2025-07-27T07:09:00
1042080,1001141,2025-07-26T07:42:00
1033754,1001141,2025-07-19T01:36:00
1062307,1001141,2025-08-27T05:41:00
1090585,1001141,2025-07-21T08:19:00
1014069,1001141,2025-08-17T01:40:00
1057969,1001141,2025-07-07T04:13:00
1013371,1001141,2025-08-03T07:05:00
1010190,1001142,2025-06-30T08:52:00
1084337,1001142,2025-08-08T00:23:00
1099364,1001142,2025-06-20T15:44:00
1011798,1001142,2025-08-08T07:20:00
1060596,1001142,2025-06-30T04:52:00
1036546,1001142,2025-07-07T09:18:00
1002408,1001142,2025-08-10T07:21:00
1023162,1001142,2025-07-29T03:56:00
1056336,1001142,2025-07-28T04:39:00
1065671,1001142,2025-07-14T05:23:00
1011601,1001142,2025-07-16T02:28:00
1069008,1001142,2025-07-20T04:40:00
1098374,1001142,2025-08-01T13:19:00
1062878,1001142,2025-07-01T11:09:00
1017426,1001142,2025-07-19T03:59:00
1056009,1001142,2025-07-13T06:25:00
1003640,1001142,2025-07-22T08:47:00
1038389,1001142,2025-08-03T03:30:00
1044429,1001142,2025-07-17T05:51:00
1008475,1001142,2025-07-20T08:07:00
1010212,1001142,2025-08-26T07:29:00
1050322,1001142,2025-07-09T11:38:00
1094973,1001142,2025-07-22T08:35:00
1057764,1001142,2025-08-21T15:21:00
1082238,1001143,2025-08-03T03:25:00
1094015,1001143,2025-06-22T04:51:00
1048575,1001143,2025-08-03T04:32:00
1058590,1001143,2025-06-21T12:14:00
1046618,1001143,2025-07-18T09:53:00
1028855,1001143,2025-07-28T05:19:00
1069123,1001143,2025-06-29T12:26:00
1048012,1001143,2025-07-14T01:57:00
1021368,1001143,2025-07-03T14:53:00
1078992,1001143,2025-07-11T13:31:00
1091887,1001143,2025-08-01T06:25:00
1090676,1001143,2025-08-03T12:53:00
1014605,1001143,2025-07-22T06:22:00
1061476,1001143,2025-07-02T02:32:00
1092750,1001143,2025-08-02T09:55:00
1063115,1001143,2025-07-08T08:39:00
1097226,1001143,2025-08-14T14:28:00
1063693,1001143,2025-06-24T04:08:00
1078896,1001143,2025-08-20T03:05:00
1030605,1001143,2025-08-11T12:18:00
1053351,1001143,2025-07-28T01:25:00
1054928,1001143,2025-07-06T11:25:00
1081636,1001143,2025-07-08T08:38:00
1098012,1001143,2025-08-12T04:18:00
1011660,1001143,2025-08-15T06:20:00
1050117,1001143,2025-07-21T13:26:00
1064413,1001143,2025-08-06T05:28:00
1096794,1001143,2025-08-22T06:11:00
1079144,1001143,2025-07-12T10:10:00
1094422,1001144,2025-06-15T05:22:00
1026733,1001144,2025-06-21T09:29:00
1006040,1001144,2025-07-12T07:47:00
1057160,1001144,2025-07-19T01:20:00
1073075,1001144,2025-06-08T14:08:00
1006659,1001144,2025-06-18T12:27:00
1047870,1001144,2025-07-12T02:41:00
1081635,1001144,2025-06-11T09:43:00
1042217,1001144,2025-07-18T09:05:00
1052462,1001144,2025-07-29T09:21:00
1075664,1001144,2025-07-01T02:46:00
1016844,1001144,2025-07-23T07:53:00
1067973,1001144,2025-06-12T23:27:00
1065853,1001144,2025-06-14T22:23:00
1088115,1001144,2025-07-16T12:41:00
1010389,1001144,2025-06-16T02:25:00
1081794,1001144,2025-06-30T07:03:00
1093756,1001144,2025-07-25T06:49:00
1033604,1001144,2025-07-07T01:05:00
1086417,1001144,2025-06-18T04:44:00
1097425,1001144,2025-06-24T00:45:00
1035049,1001144,2025-08-06T07:49:00
1058884,1001144,2025-06-24T00:08:00
1046596,1001144,2025-07-04T02:32:00
1019717,1001144,2025-07-16T06:36:00
1056703,1001144,2025-07-23T03:31:00
1031764,1001144,2025-07-28T07:11:00
1050460,1001144,2025-06-28T10:36:00
1062718,1001144,2025-07-05T11:36:00
1076646,1001144,2025-08-12T07:03:00
1056395,1001144,2025-08-10T04:19:00
1007953,1001144,2025-08-07T13:12:00
1047858,1001144,2025-07-21T08:53:00
1006381,1001144,2025-07-15T06:26:00
1045036,1001144,2025-07-11T12:06:00
1046172,1001144,2025-07-01T00:02:00
1078497,1001144,2025-06-30T03:55:00
1039933,1001144,2025-08-07T11:48:00
1038928,1001144,2025-08-05T02:56:00
1074332,1001144,2025-07-14T05:09:00
1019346,1001144,2025-07-29T05:54:00
1019533,1001144,2025-08-26T03:42:00
1024649,1001144,2025-07-01T05:02:00
1073823,1001144,2025-07-10T05:37:00
1060304,1001144,2025-08-27T03:50:00
1004090,1001144,2025-08-01T10:25:00
1061560,1001144,2025-07-11T16:39:00
1023632,1001145,2025-06-25T09:55:00
1053426,1001145,2025-08-05T07:52:00
1038527,1001145,2025-07-22T01:07:00
1052648,1001145,2025-07-10T05:59:00
1058687,1001145,2025-07-18T06:55:00
1082050,1001145,2025-06-20T15:34:00
1013449,1001145,2025-08-02T15:29:00
1085982,1001145,2025-07-23T08:01:00
1088667,1001145,2025-06-20T12:18:00
1006535,1001145,2025-07-08T08:08:00
1022474,1001145,2025-07-29T12:12:00
1026718,1001145,2025-06-22T11:20:00
1004800,1001145,2025-06-26T05:29:00
1081982,1001145,2025-07-27T09:04:00
1032072,1001145,2025-07-08T06:56:00
1089932,1001145,2025-08-11T08:28:00
1040460,1001145,2025-06-26T04:00:00
1063998,1001145,2025-08-01T08:18:00
1043650,1001145,2025-07-24T10:10:00
1021315,1001145,2025-08-03T05:20:00
1035535,1001145,2025-07-08T12:40:00
1004698,1001145,2025-07-27T03:47:00
1072331,1001145,2025-07-18T05:00:00
1026075,1001145,2025-07-09T03:09:00
1086182,1001145,2025-08-06T14:16:00
1095526,1001145,2025-07-12T05:30:00
1021128,1001145,2025-07-29T10:28:00
1047231,1001145,2025-07-08T11:45:00
1007207,1001145,2025-06-26T02:06:00
1051652,1001145,2025-07-20T05:56:00
1073525,1001145,2025-08-07T04:59:00
1074071,1001145,2025-08-08T09:29:00
1044979,1001145,2025-07-29T11:10:00
1078350,1001145,2025-07-03T06:06:00
1067769,1001145,2025-08-16T01:18:00
1083476,1001145,2025-07-03T05:32:00
1056148,1001145,2025-08-27T07:07:00
1066673,1001145,2025-07-25T07:47:00
1017416,1001145,2025-08-04T15:23:00
1044084,1001146,2025-07-12T05:25:00
1006570,1001146,2025-08-05T03:10:00
1068137,1001146,2025-06-21T06:48:00
1083837,1001146,2025-07-20T04:49:00
1007956,1001146,2025-06-27T22:47:00
1046783,1001146,2025-07-13T03:37:00
1026193,1001146,2025-06-15T12:11:00
1084323,1001146,2025-06-24T06:20:00
1093519,1001146,2025-07-07T04:43:00
1039408,1001146,2025-08-09T02:05:00
1024377,1001146,2025-06-28T11:52:00
1092153,1001146,2025-06-15T11:47:00
1028924,1001146,2025-07-19T00:11:00
1008679,1001146,2025-08-10T05:02:00
1098752,1001146,2025-08-06T05:50:00
1039385,1001146,2025-07-14T12:17:00
1041752,1001146,2025-08-15T10:56:00
1056408,1001146,2025-08-13T05:25:00
1059879,1001146,2025-07-15T04:25:00
1018578,1001146,2025-07-20T02:50:00
1083081,1001146,2025-07-21T04:17:00
1091536,1001146,2025-07-20T01:55:00
1040919,1001146,2025-07-03T04:32:00
1059386,1001146,2025-08-08T06:34:00
1066989,1001146,2025-07-25T06:46:00
1016918,1001146,2025-08-14T14:43:00
1023304,1001146,2025-08-22T14:43:00
1037877,1001146,2025-08-14T08:24:00
1081391,1001146,2025-07-25T23:52:00
1034521,1001146,2025-07-31T07:30:00
1048836,1001146,2025-07-14T03:56:00
1074288,1001146,2025-08-13T22:04:00
1023139,1001146,2025-07-18T06:51:00
1072782,1001146,2025-07-29T04:43:00
1033132,1001146,2025-08-16T09:19:00
1042835,1001147,2025-06-15T01:11:00
1048906,1001147,2025-06-03T07:13:00
1070080,1001147,2025-08-01T04:30:00
1006417,1001147,2025-07-31T03:48:00
1064380,1001147,2025-07-01T05:36:00
1053722,1001147,2025-06-13T07:07:00
1023293,1001147,2025-07-20T02:40:00
1016071,1001147,2025-07-24T23:00:00
1007135,1001147,2025-07-23T11:04:00
1057317,1001147,2025-07-04T02:00:00
1006326,1001147,2025-07-24T03:11:00
1078889,1001147,2025-07-20T06:29:00
1095693,1001147,2025-07-03T03:52:00
1016783,1001147,2025-08-03T03:15:00
1018233,1001147,2025-07-10T07:53:00
1012020,1001147,2025-06-23T06:36:00
1035612,1001147,2025-06-30T03:48:00
1088712,1001147,2025-07-31T08:03:00
1074556,1001147,2025-08-10T01:05:00
1093213,1001147,2025-07-10T08:21:00
1085720,1001147,2025-06-26T14:33:00
1078946,1001147,2025-07-20T05:18:00
1096291,1001147,2025-07-17T06:09:00
1047494,1001147,2025-07-02T07:33:00
1036387,1001147,2025-07-23T08:38:00
1035763,1001147,2025-06-19T03:32:00
1023612,1001147,2025-08-05T02:30:00
1010789,1001147,2025-06-23T02:33:00
1006121,1001147,2025-08-11T11:41:00
1074907,1001147,2025-08-09T05:12:00
1052867,1001147,2025-07-19T00:31:00
1057445,1001147,2025-08-04T10:53:00
1043263,1001147,2025-07-26T07:59:00
1088472,1001147,2025-07-19T10:09:00
1021963,1001147,2025-07-24T11:26:00
1027801,1001147,2025-07-23T08:30:00
1083077,1001147,2025-07-26T08:18:00
1048910,1001147,2025-07-01T23:11:00
1035591,1001147,2025-07-15T23:55:00
1063343,1001147,2025-07-17T06:12:00
1007723,1001147,2025-07-25T07:51:00
1043434,1001147,2025-07-02T10:49:00
1076451,1001147,2025-08-21T02:25:00
1045527,1001147,2025-08-05T09:43:00
1029049,1001147,2025-07-23T08:35:00
1074353,1001147,2025-08-10T00:05:00
1070047,1001147,2025-07-16T08:53:00
1055312,1001147,2025-07-11T10:03:00
1089491,1001147,2025-08-10T11:35:00
1011014,1001147,2025-08-19T00:17:00
1044646,1001147,2025-07-23T04:09:00
1023367,1001147,2025-08-04T03:36:00
1098890,1001148,2025-07-29T03:30:00
1094086,1001148,2025-07-27T14:26:00
1064647,1001148,2025-08-04T00:26:00
1097361,1001148,2025-08-06T07:25:00
1056271,1001148,2025-06-18T05:46:00
1002795,1001148,2025-07-19T10:03:00
1073250,1001148,2025-07-20T11:14:00
1039561,1001148,2025-07-10T05:33:00
1018115,1001148,2025-07-07T03:15:00
1043038,1001148,2025-08-07T14:44:00
1062427,1001148,2025-06-29T03:18:00
1026149,1001148,2025-07-03T06:39:00
1084683,1001148,2025-07-01T12:36:00
1090719,1001148,2025-08-06T02:55:00
1012492,1001148,2025-08-13T08:04:00
1031365,1001148,2025-06-25T06:52:00
1041303,1001148,2025-07-15T01:27:00
1049169,1001148,2025-07-25T03:49:00
1010193,1001148,2025-08-11T05:54:00
1095495,1001148,2025-07-09T06:18:00
1064518,1001148,2025-07-29T02:08:00
1030677,1001148,2025-08-22T13:03:00
1039439,1001148,2025-08-10T03:55:00
1077054,1001148,2025-07-23T07:50:00
1012650,1001148,2025-07-11T06:06:00
1008294,1001148,2025-08-14T15:30:00
1070784,1001148,2025-07-07T04:14:00
1094414,1001148,2025-07-11T03:49:00
1087749,1001148,2025-08-21T14:51:00
1072600,1001148,2025-08-24T04:19:00
1023102,1001148,2025-07-19T07:31:00
1058815,1001148,2025-07-31T07:41:00
1049145,1001148,2025-07-24T10:23:00
1005572,1001149,2025-07-02T08:32:00
1065722,1001149,2025-06-26T11:46:00
1086722,1001149,2025-06-07T07:54:00
1030706,1001149,2025-06-30T09:26:00
1056730,1001149,2025-07-29T12:23:00
1054550,1001149,2025-07-02T02:40:00
1094422,1001149,2025-06-15T05:22:00
1026733,1001149,2025-06-21T09:29:00
1006040,1001149,2025-07-12T07:47:00
1057160,1001149,2025-07-19T01:20:00
1073075,1001149,2025-06-08T14:08:00
1006659,1001149,2025-06-18T12:27:00
1047870,1001149,2025-07-12T02:41:00
1081635,1001149,2025-06-11T09:43:00
1042217,1001149,2025-07-18T09:05:00
1052462,1001149,2025-07-29T09:21:00
1075664,1001149,2025-07-01T02:46:00
1016844,1001149,2025-07-23T07:53:00
1067973,1001149,2025-06-12T23:27:00
1065853,1001149,2025-06-14T22:23:00
1088115,1001149,2025-07-16T12:41:00
1010389,1001149,2025-06-16T02:25:00
1081794,1001149,2025-06-30T07:03:00
1093756,1001149,2025-07-25T06:49:00
1033604,1001149,2025-07-07T01:05:00
1086417,1001149,2025-06-18T04:44:00
1097425,1001149,2025-06-24T00:45:00
1035049,1001149,2025-08-06T07:49:00
1058884,1001149,2025-06-24T00:08:00
1046596,1001149,2025-07-04T02:32:00
1019717,1001149,2025-07-16T06:36:00
1056703,1001149,2025-07-23T03:31:00
1031764,1001149,2025-07-28T07:11:00
1050460,1001149,2025-06-28T10:36:00
1062718,1001149,2025-07-05T11:36:00
1076646,1001149,2025-08-12T07:03:00
1056395,1001149,2025-08-10T04:19:00
1007953,1001149,2025-08-07T13:12:00
1047858,1001149,2025-07-21T08:53:00
1006381,1001149,2025-07-15T06:26:00
1045036,1001149,2025-07-11T12:06:00
1046172,1001149,2025-07-01T00:02:00
1078497,1001149,2025-06-30T03:55:00
1039933,1001149,2025-08-07T11:48:00
1038928,1001149,2025-08-05T02:56:00
1074332,1001149,2025-07-14T05:09:00
1019346,1001149,2025-07-29T05:54:00
1019533,1001149,2025-08-26T03:42:00
1024649,1001149,2025-07-01T05:02:00
1073823,1001149,2025-07-10T05:37:00
1060304,1001149,2025-08-27T03:50:00
1004090,1001149,2025-08-01T10:25:00
1061560,1001149,2025-07-11T16:39:00
1045477,1001150,2025-08-13T10:39:00
1011821,1001150,2025-07-23T01:12:00
1012945,1001150,2025-08-10T05:18:00
1053079,1001150,2025-06-26T06:52:00
1089130,1001150,2025-07-22T08:01:00
1086820,1001150,2025-07-03T05:38:00
1005993,1001150,2025-07-01T11:43:00
1085971,1001150,2025-07-13T11:21:00
1051331,1001150,2025-07-13T07:46:00
1097093,1001150,2025-08-10T02:34:00
1057407,1001150,2025-07-03T04:59:00
1057246,1001150,2025-07-20T04:44:00
1019195,1001150,2025-07-20T02:49:00
1073068,1001150,2025-08-12T05:39:00
1017837,1001150,2025-08-25T22:30:00
1021739,1001150,2025-07-24T01:27:00
1018935,1001150,2025-07-02T06:47:00
1067346,1001150,2025-07-08T15:51:00
1079891,1001150,2025-07-08T07:13:00
1098584,1001151,2025-08-05T09:08:00
1018431,1001151,2025-07-26T09:12:00
1040990,1001151,2025-07-30T07:50:00
1016946,1001151,2025-08-07T07:28:00
1000710,1001151,2025-07-25T05:54:00
1050133,1001151,2025-06-23T03:35:00
1073659,1001151,2025-07-08T09:00:00
1053191,1001151,2025-07-28T01:06:00
1054672,1001151,2025-06-22T11:04:00
1043452,1001151,2025-08-12T01:26:00
1058867,1001151,2025-08-06T03:16:00
1058471,1001151,2025-07-08T08:31:00
1049455,1001151,2025-07-25T13:55:00
1038572,1001151,2025-08-18T12:53:00
1038985,1001151,2025-07-30T07:26:00
1067672,1001151,2025-06-23T02:13:00
1056997,1001151,2025-07-30T10:08:00
1002413,1001151,2025-07-14T09:08:00
1059105,1001151,2025-07-11T07:50:00
1001749,1001151,2025-07-10T08:37:00
1066262,1001151,2025-06-30T05:08:00
1026124,1001151,2025-08-15T04:01:00
1045120,1001151,2025-08-09T13:23:00
1023336,1001151,2025-07-30T06:30:00
1021729,1001151,2025-08-08T07:24:00
1053859,1001152,2025-08-17T05:38:00
1044232,1001152,2025-06-26T05:31:00
1090473,1001152,2025-07-21T08:51:00
1049508,1001152,2025-07-15T05:25:00
1002458,1001152,2025-07-01T09:06:00
1031187,1001152,2025-06-28T01:46:00
1081753,1001152,2025-07-21T06:33:00
1081278,1001152,2025-07-26T08:20:00
1067674,1001152,2025-07-19T04:52:00
1024527,1001152,2025-07-29T03:33:00
1018761,1001152,2025-07-26T06:54:00
1094942,1001152,2025-08-02T11:11:00
1003672,1001152,2025-08-07T08:02:00
1044705,1001152,2025-07-23T08:46:00
1042396,1001152,2025-07-19T05:29:00
1092513,1001152,2025-07-10T05:31:00
1071229,1001152,2025-07-28T09:49:00
1014966,1001152,2025-07-05T01:36:00
1008971,1001152,2025-08-18T07:01:00
1051280,1001152,2025-08-14T12:43:00
1018786,1001152,2025-07-01T13:37:00
1073917,1001152,2025-07-05T09:16:00
1047386,1001152,2025-08-01T11:54:00
1043031,1001152,2025-07-14T05:30:00
1041293,1001152,2025-08-28T08:51:00
1069087,1001153,2025-07-25T13:38:00
1027818,1001153,2025-06-24T23:34:00
1057528,1001153,2025-08-05T05:55:00
1058592,1001153,2025-08-06T08:19:00
1035589,1001153,2025-07-28T11:18:00
1039500,1001153,2025-07-30T04:07:00
1027153,1001153,2025-07-26T08:25:00
1026130,1001153,2025-08-05T05:20:00
1060523,1001153,2025-07-11T15:18:00
1044527,1001153,2025-07-12T05:56:00
1084357,1001153,2025-07-08T07:44:00
1026373,1001153,2025-08-03T11:22:00
1075656,1001153,2025-06-28T08:09:00
1014704,1001153,2025-07-24T12:57:00
1034640,1001153,2025-07-20T05:36:00
1065558,1001153,2025-07-02T09:10:00
1030813,1001153,2025-07-17T03:52:00
1003649,1001153,2025-07-26T05:41:00
1067369,1001153,2025-07-13T12:36:00
1013454,1001153,2025-08-03T10:08:00
1029697,1001153,2025-07-16T10:45:00
1024327,1001153,2025-06-24T10:07:00
1090107,1001153,2025-07-26T23:31:00
1064297,1001153,2025-06-28T06:26:00
1035743,1001153,2025-08-04T10:28:00
1034834,1001153,2025-06-25T15:29:00
1028711,1001153,2025-07-09T05:41:00
1053532,1001153,2025-08-01T08:43:00
1000811,1001153,2025-08-12T08:00:00
1057370,1001153,2025-08-12T04:34:00
1059669,1001153,2025-08-16T05:16:00
1015078,1001153,2025-07-01T03:45:00
1023448,1001153,2025-07-19T02:29:00
1019061,1001153,2025-08-05T02:07:00
1034453,1001153,2025-08-26T02:07:00
1079209,1001153,2025-07-08T09:22:00
1093774,1001154,2025-07-16T07:51:00
1098051,1001154,2025-07-12T04:58:00
1000178,1001154,2025-07-28T01:19:00
1025842,1001154,2025-08-14T06:03:00
1088053,1001154,2025-07-30T13:47:00
1054245,1001154,2025-07-21T02:04:00
1075463,1001154,2025-06-30T03:30:00
1084514,1001154,2025-07-24T07:46:00
1097915,1001154,2025-07-10T06:07:00
1031406,1001154,2025-07-11T23:31:00
1001919,1001154,2025-08-17T02:41:00
1055993,1001154,2025-08-07T03:57:00
1067890,1001154,2025-06-28T09:02:00
1010849,1001154,2025-07-14T09:40:00
1032294,1001154,2025-06-25T05:21:00
1052127,1001154,2025-08-04T07:00:00
1045146,1001154,2025-07-03T15:20:00
1009591,1001154,2025-08-17T02:15:00
1056037,1001154,2025-07-17T05:02:00
1088440,1001154,2025-07-24T09:49:00
1042549,1001154,2025-07-17T01:25:00
1084582,1001154,2025-08-24T08:51:00
1090583,1001154,2025-07-17T09:27:00
1034918,1001154,2025-07-10T07:41:00
1012741,1001154,2025-08-11T08:13:00
1044281,1001154,2025-07-01T10:33:00
1048752,1001154,2025-07-30T07:23:00
1018096,1001155,2025-07-27T10:42:00
1031328,1001155,2025-06-29T22:55:00
1037194,1001155,2025-07-05T09:42:00
1048010,1001155,2025-07-20T04:28:00
1002162,1001155,2025-07-23T12:02:00
1058175,1001155,2025-07-04T22:52:00
1028805,1001155,2025-07-06T08:31:00
1082767,1001155,2025-06-21T09:32:00
1059120,1001155,2025-06-23T04:42:00
1057540,1001155,2025-06-23T05:01:00
1007098,1001155,2025-07-20T13:08:00
1001538,1001155,2025-07-22T03:48:00
1084892,1001155,2025-07-06T05:14:00
1064347,1001155,2025-07-02T00:14:00
1035973,1001155,2025-07-20T23:46:00
1044504,1001155,2025-07-26T07:43:00
1004406,1001155,2025-08-16T10:18:00
1047416,1001155,2025-07-26T23:04:00
1017757,1001155,2025-08-23T08:10:00
1059054,1001155,2025-06-27T16:10:00
1066332,1001155,2025-07-08T07:03:00
1010549,1001155,2025-08-10T12:15:00
1070935,1001155,2025-08-25T13:50:00
1050989,1001155,2025-06-29T15:06:00
1015205,1001155,2025-07-09T07:38:00
1011420,1001155,2025-08-07T09:55:00
1072412,1001155,2025-08-26T03:47:00
1049064,1001155,2025-08-17T08:08:00
1066677,1001156,2025-07-28T06:12:00
1057889,1001156,2025-08-09T07:40:00
1015403,1001156,2025-07-26T05:21:00
1064931,1001156,2025-07-18T06:04:00
1099881,1001156,2025-07-07T03:37:00
1089871,1001156,2025-07-26T04:04:00
1021545,1001156,2025-07-18T02:38:00
1002301,1001156,2025-07-13T08:40:00
1082067,1001156,2025-08-07T06:09:00
1072074,1001156,2025-08-19T00:58:00
1004279,1001156,2025-07-06T09:35:00
1091531,1001156,2025-08-11T07:06:00
1079542,1001156,2025-07-19T07:25:00
1032376,1001156,2025-07-23T08:00:00
1042998,1001156,2025-07-27T09:57:00
1054139,1001156,2025-07-23T12:49:00
1095296,1001156,2025-07-25T00:34:00
1045657,1001156,2025-07-10T12:53:00
1099696,1001156,2025-08-18T03:17:00
1097733,1001156,2025-08-03T06:11:00
1019148,1001156,2025-08-16T04:07:00
1012281,1001156,2025-08-17T07:35:00
1041554,1001156,2025-08-25T12:32:00
1020847,1001156,2025-08-03T06:35:00
1051994,1001156,2025-07-17T05:13:00
1077042,1001157,2025-07-25T13:56:00
1026027,1001157,2025-08-06T05:29:00
1063394,1001157,2025-06-20T01:45:00
1076607,1001157,2025-07-23T06:02:00
1094840,1001157,2025-07-07T05:52:00
1018715,1001157,2025-07-18T03:47:00
1088126,1001157,2025-06-23T09:41:00
1083547,1001157,2025-08-13T00:23:00
1089208,1001157,2025-07-28T07:35:00
1006872,1001157,2025-07-17T00:43:00
1001930,1001157,2025-08-23T09:05:00
1042667,1001157,2025-07-24T06:55:00
1032719,1001157,2025-07-18T11:32:00
1073693,1001157,2025-07-14T16:05:00
1046760,1001157,2025-07-28T07:04:00
1073337,1001157,2025-07-10T01:48:00
1087093,1001157,2025-08-12T14:59:00
1005928,1001157,2025-07-23T01:56:00
1010375,1001158,2025-07-09T23:38:00
1025966,1001158,2025-07-26T10:39:00
1034579,1001158,2025-07-18T04:31:00
1029495,1001158,2025-08-11T10:44:00
1082155,1001158,2025-08-03T10:15:00
1075428,1001158,2025-07-29T14:12:00
1068223,1001158,2025-06-27T15:14:00
1051827,1001158,2025-08-05T05:54:00
1010968,1001158,2025-08-14T03:22:00
1095983,1001158,2025-06-30T10:25:00
1055810,1001158,2025-08-12T08:11:00
1085379,1001158,2025-07-19T09:42:00
1020034,1001158,2025-07-24T09:30:00
1076142,1001158,2025-07-12T01:40:00
1073038,1001158,2025-08-14T13:15:00
1032286,1001158,2025-07-18T00:36:00
1030021,1001158,2025-07-05T10:59:00
1098300,1001158,2025-08-20T09:14:00
1039591,1001158,2025-07-03T04:06:00
1054989,1001158,2025-08-02T06:05:00
1077880,1001158,2025-08-02T07:43:00
1010659,1001158,2025-08-24T06:22:00
1019526,1001158,2025-07-01T03:51:00
1082353,1001159,2025-07-26T08:12:00
1011351,1001159,2025-08-07T03:17:00
1024282,1001159,2025-06-25T06:00:00
1078890,1001159,2025-08-10T04:55:00
1012135,1001159,2025-07-14T10:21:00
1034913,1001159,2025-07-06T03:27:00
1038606,1001159,2025-06-27T07:18:00
1073052,1001159,2025-07-26T07:02:00
1079569,1001159,2025-08-20T05:42:00
1087934,1001159,2025-07-08T06:21:00
1085123,1001159,2025-07-09T03:04:00
1017364,1001159,2025-07-25T02:22:00
1082438,1001159,2025-08-06T08:46:00
1015862,1001159,2025-07-15T04:39:00
1022002,1001159,2025-07-03T11:41:00
1043881,1001159,2025-08-26T06:20:00
1040250,1001159,2025-08-06T01:02:00
1012032,1001159,2025-07-13T11:16:00
1037436,1001160,2025-07-26T22:47:00
1071174,1001160,2025-06-10T07:14:00
1062468,1001160,2025-07-16T07:13:00
1003937,1001160,2025-06-25T09:32:00
1022310,1001160,2025-08-05T09:08:00
1087785,1001160,2025-07-01T15:04:00
1027730,1001160,2025-06-19T06:33:00
1052793,1001160,2025-06-11T02:38:00
1069280,1001160,2025-07-27T12:10:00
1021371,1001160,2025-08-07T09:19:00
1016056,1001160,2025-06-15T04:11:00
1062456,1001160,2025-06-25T12:48:00
1098750,1001160,2025-07-02T06:55:00
1057950,1001160,2025-07-20T03:41:00
1010756,1001160,2025-07-22T23:46:00
1072152,1001160,2025-06-23T02:36:00
1086127,1001160,2025-08-04T08:04:00
1019734,1001160,2025-06-21T12:15:00
1088868,1001160,2025-07-01T02:14:00
1018298,1001160,2025-08-08T03:49:00
1076394,1001160,2025-07-16T00:39:00
1027031,1001160,2025-07-24T03:26:00
1018501,1001160,2025-06-22T08:34:00
1028236,1001160,2025-06-23T08:19:00
1023252,1001160,2025-07-22T09:16:00
1047510,1001160,2025-08-14T09:01:00
1087612,1001160,2025-07-03T02:37:00
1034198,1001160,2025-08-12T08:03:00
1084199,1001160,2025-07-26T23:07:00
1028207,1001160,2025-06-26T05:45:00
1097939,1001160,2025-07-25T11:12:00
1018173,1001160,2025-08-04T10:38:00
1072209,1001160,2025-08-06T00:06:00
1067272,1001160,2025-06-26T08:41:00
1017102,1001160,2025-07-27T09:59:00
1091662,1001160,2025-07-26T03:43:00
1034970,1001160,2025-07-06T07:32:00
1091445,1001160,2025-07-29T11:22:00
1075219,1001160,2025-08-19T12:00:00
1004235,1001160,2025-07-08T08:35:00
1093504,1001160,2025-07-13T05:12:00
1063242,1001160,2025-08-14T05:48:00
1095475,1001160,2025-07-10T02:39:00
1003530,1001160,2025-07-21T13:22:00
1000344,1001160,2025-08-15T04:15:00
1038708,1001160,2025-07-12T09:29:00
1002089,1001160,2025-07-08T10:31:00
1004630,1001160,2025-06-30T09:26:00
1087402,1001160,2025-08-20T00:41:00
1003277,1001160,2025-07-22T04:55:00
1005445,1001160,2025-08-04T22:38:00
1031472,1001160,2025-08-19T01:09:00
1012207,1001160,2025-07-17T12:25:00
1090523,1001161,2025-07-30T23:57:00
1061589,1001161,2025-07-03T00:11:00
1006878,1001161,2025-06-23T08:20:00
1020245,1001161,2025-07-30T02:43:00
1013885,1001161,2025-07-30T06:57:00
1082554,1001161,2025-07-01T07:48:00
1050387,1001161,2025-06-29T07:15:00
1010972,1001161,2025-08-07T00:45:00
1073588,1001161,2025-08-11T03:11:00
1049796,1001161,2025-07-31T06:52:00
1085996,1001161,2025-07-21T05:56:00
1057583,1001161,2025-08-13T04:21:00
1007682,1001161,2025-07-15T05:48:00
1077855,1001161,2025-07-29T10:37:00
1018287,1001161,2025-07-14T08:12:00
1037566,1001161,2025-07-15T11:43:00
1094490,1001161,2025-07-31T09:35:00
1012816,1001161,2025-07-17T12:23:00
1044382,1001161,2025-08-14T10:25:00
1027864,1001161,2025-07-23T09:24:00
1017336,1001161,2025-06-23T10:53:00
1065919,1001161,2025-06-25T13:26:00
1042422,1001161,2025-07-30T14:21:00
1005181,1001161,2025-08-12T02:45:00
1008183,1001161,2025-07-04T04:16:00
1063246,1001161,2025-08-14T14:15:00
1003100,1001161,2025-08-10T02:01:00
1082073,1001161,2025-08-18T10:34:00
1072933,1001161,2025-07-10T07:12:00
1020819,1001161,2025-07-11T09:43:00
1058897,1001161,2025-07-13T10:52:00
1098968,1001161,2025-08-18T09:14:00
1001221,1001161,2025-07-05T06:18:00
1042912,1001161,2025-08-10T08:26:00
1053845,1001161,2025-08-15T03:36:00
1012668,1001162,2025-07-10T10:03:00
1006379,1001162,2025-07-07T10:38:00
1046673,1001162,2025-06-10T08:59:00
1000656,1001162,2025-06-22T03:48:00
1026218,1001162,2025-06-10T11:09:00
1025298,1001162,2025-06-17T06:57:00
1022701,1001162,2025-06-19T07:42:00
1052026,1001162,2025-07-06T12:31:00
1060636,1001162,2025-07-28T06:41:00
1087333,1001162,2025-07-01T05:13:00
1014551,1001162,2025-08-08T05:57:00
1077344,1001162,2025-07-31T09:34:00
1012350,1001162,2025-06-17T14:03:00
1056920,1001162,2025-07-14T07:41:00
1010836,1001162,2025-06-20T11:10:00
1003298,1001162,2025-07-25T03:54:00
1050003,1001162,2025-08-02T08:02:00
1029130,1001162,2025-08-05T07:48:00
1064403,1001162,2025-06-19T15:54:00
1000257,1001162,2025-07-12T08:27:00
1017884,1001162,2025-06-20T07:31:00
1088565,1001162,2025-07-27T08:27:00
1066801,1001162,2025-06-25T03:57:00
1002876,1001162,2025-07-08T03:08:00
1007591,1001162,2025-07-04T09:53:00
1063613,1001162,2025-08-05T06:01:00
1007097,1001162,2025-07-15T05:28:00
1004979,1001162,2025-07-30T09:41:00
1025319,1001162,2025-07-10T05:55:00
1093737,1001162,2025-08-20T12:14:00
1037926,1001162,2025-08-22T09:31:00
1078851,1001162,2025-08-11T11:49:00
1070258,1001162,2025-07-14T09:52:00
1008093,1001162,2025-07-15T08:02:00
1059578,1001162,2025-07-25T10:17:00
1055145,1001162,2025-07-17T01:32:00
1094981,1001162,2025-07-19T06:14:00
1089349,1001162,2025-07-03T14:59:00
1085110,1001162,2025-08-08T05:44:00
1097115,1001162,2025-08-23T08:24:00
1041362,1001162,2025-08-28T05:30:00
1021507,1001162,2025-08-13T13:35:00
1015743,1001163,2025-06-02T06:35:00
1085343,1001163,2025-06-21T04:08:00
1036394,1001163,2025-06-28T02:30:00
1042905,1001163,2025-06-08T09:33:00
1061210,1001163,2025-06-30T06:17:00
1025069,1001163,2025-07-22T04:18:00
1026530,1001163,2025-07-02T11:27:00
1081588,1001163,2025-06-16T11:34:00
1012223,1001163,2025-08-01T04:40:00
1059325,1001163,2025-07-16T13:51:00
1082309,1001163,2025-08-08T06:36:00
1043522,1001163,2025-07-18T08:26:00
1025603,1001163,2025-06-16T11:15:00
1096720,1001163,2025-07-15T09:59:00
1037620,1001163,2025-07-26T08:21:00
1055177,1001163,2025-08-13T00:46:00
1036536,1001163,2025-07-04T11:31:00
1015756,1001163,2025-08-04T08:07:00
1064167,1001163,2025-06-19T00:53:00
1051905,1001163,2025-06-26T08:16:00
1057700,1001163,2025-07-04T15:47:00
1091812,1001163,2025-07-23T10:35:00
1017816,1001163,2025-07-02T00:17:00
1026358,1001163,2025-08-19T09:09:00
1067886,1001163,2025-07-08T08:00:00
1050583,1001163,2025-07-16T06:38:00
1025993,1001163,2025-07-12T01:35:00
1049588,1001163,2025-07-18T08:02:00
1073198,1001163,2025-08-11T06:35:00
1039282,1001163,2025-07-13T11:20:00
1017803,1001163,2025-07-07T09:19:00
1074876,1001163,2025-07-08T10:22:00
1068765,1001163,2025-08-01T09:54:00
1089561,1001163,2025-07-09T10:12:00
1036983,1001163,2025-07-25T12:27:00
1050758,1001163,2025-08-11T13:16:00
1085982,1001164,2025-07-23T08:01:00
1088667,1001164,2025-06-20T12:18:00
1006535,1001164,2025-07-08T08:08:00
1022474,1001164,2025-07-29T12:12:00
1026718,1001164,2025-06-22T11:20:00
1004800,1001164,2025-06-26T05:29:00
1081982,1001164,2025-07-27T09:04:00
1032072,1001164,2025-07-08T06:56:00
1089932,1001164,2025-08-11T08:28:00
1040460,1001164,2025-06-26T04:00:00
1063998,1001164,2025-08-01T08:18:00
1043650,1001164,2025-07-24T10:10:00
1021315,1001164,2025-08-03T05:20:00
1035535,1001164,2025-07-08T12:40:00
1004698,1001164,2025-07-27T03:47:00
1072331,1001164,2025-07-18T05:00:00
1026075,1001164,2025-07-09T03:09:00
1086182,1001164,2025-08-06T14:16:00
1095526,1001164,2025-07-12T05:30:00
1021128,1001164,2025-07-29T10:28:00
1047231,1001164,2025-07-08T11:45:00
1007207,1001164,2025-06-26T02:06:00
1051652,1001164,2025-07-20T05:56:00
1073525,1001164,2025-08-07T04:59:00
1074071,1001164,2025-08-08T09:29:00
1044979,1001164,2025-07-29T11:10:00
1078350,1001164,2025-07-03T06:06:00
1067769,1001164,2025-08-16T01:18:00
1083476,1001164,2025-07-03T05:32:00
1056148,1001164,2025-08-27T07:07:00
1066673,1001164,2025-07-25T07:47:00
1017416,1001164,2025-08-04T15:23:00
1083760,1001165,2025-07-19T05:18:00
1047776,1001165,2025-08-05T03:09:00
1006622,1001165,2025-06-19T01:35:00
1015691,1001165,2025-07-22T07:58:00
1025216,1001165,2025-08-10T00:14:00
1061367,1001165,2025-06-19T09:17:00
1058381,1001165,2025-07-07T07:34:00
1049849,1001165,2025-06-20T07:33:00
1075748,1001165,2025-08-03T06:20:00
1042759,1001165,2025-07-20T02:52:00
1002353,1001165,2025-08-10T05:24:00
1053658,1001165,2025-08-09T03:44:00
1039556,1001165,2025-07-17T23:07:00
1092680,1001165,2025-08-04T10:59:00
1099205,1001165,2025-07-17T03:18:00
1061734,1001165,2025-07-19T07:47:00
1061596,1001165,2025-08-05T02:03:00
1041048,1001165,2025-08-21T00:51:00
1078166,1001165,2025-07-03T07:18:00
1003617,1001165,2025-07-08T10:37:00
1013472,1001165,2025-08-23T00:05:00
1086707,1001165,2025-07-06T04:26:00
1094497,1001165,2025-08-06T09:04:00
1062846,1001165,2025-07-23T05:13:00
1060625,1001165,2025-07-06T10:33:00
1016820,1001165,2025-07-25T15:32:00
1047901,1001165,2025-07-04T03:45:00
1082939,1001165,2025-08-18T06:53:00
1076075,1001165,2025-08-18T08:13:00
1020916,1001165,2025-07-10T12:45:00
1093969,1001165,2025-07-24T11:58:00
1035859,1001166,2025-07-05T04:04:00
1093471,1001166,2025-07-17T13:31:00
1062544,1001166,2025-08-11T10:46:00
1027889,1001166,2025-07-19T12:31:00
1066356,1001166,2025-07-04T07:53:00
1031738,1001166,2025-07-30T09:00:00
1020033,1001166,2025-07-14T01:49:00
1017983,1001166,2025-07-11T05:37:00
1094524,1001166,2025-07-10T01:32:00
1035948,1001166,2025-08-09T06:47:00
1023287,1001166,2025-07-02T11:39:00
1075883,1001166,2025-06-29T11:19:00
1046768,1001166,2025-08-01T04:20:00
1087821,1001166,2025-07-31T13:14:00
1035829,1001166,2025-08-17T07:16:00
1031348,1001166,2025-07-01T03:08:00
1046257,1001166,2025-07-18T06:49:00
1086281,1001166,2025-06-26T13:58:00
1011288,1001166,2025-07-31T05:47:00
1058874,1001166,2025-07-28T05:01:00
1024926,1001166,2025-07-23T08:50:00
1005645,1001166,2025-07-10T01:04:00
1085375,1001166,2025-08-01T09:33:00
1050812,1001167,2025-06-28T01:25:00
1016858,1001167,2025-06-09T14:01:00
1039037,1001167,2025-06-10T23:06:00
1050963,1001167,2025-06-13T06:27:00
1059285,1001167,2025-07-15T08:30:00
1079262,1001167,2025-06-13T05:44:00
1038452,1001167,2025-08-08T12:02:00
1042179,1001167,2025-07-11T05:40:00
1062738,1001167,2025-07-12T04:45:00
1093652,1001167,2025-08-04T13:31:00
1030756,1001167,2025-07-08T05:14:00
1055697,1001167,2025-07-31T02:47:00
1071960,1001167,2025-08-12T13:32:00
1094102,1001167,2025-07-25T10:43:00
1069107,1001167,2025-07-20T01:40:00
1089821,1001167,2025-08-06T13:56:00
1097005,1001167,2025-08-04T09:02:00
1035676,1001167,2025-08-05T05:05:00
1014372,1001167,2025-08-17T07:15:00
1092069,1001167,2025-07-20T04:59:00
1036071,1001167,2025-08-05T13:50:00
1024107,1001167,2025-07-02T08:56:00
1071034,1001167,2025-07-07T13:06:00
1083018,1001167,2025-07-13T13:15:00
1004797,1001167,2025-07-30T10:25:00
1018182,1001167,2025-07-24T04:40:00
1025624,1001167,2025-08-02T08:32:00
1048709,1001167,2025-08-20T10:42:00
1010055,1001167,2025-08-17T05:19:00
1032887,1001167,2025-08-16T07:18:00
1035292,1001167,2025-08-12T02:55:00
1064217,1001167,2025-07-04T04:32:00
1041197,1001167,2025-07-10T06:36:00
1073580,1001167,2025-08-18T04:08:00
1025276,1001167,2025-07-10T00:06:00
1001962,1001167,2025-07-18T09:51:00
1009189,1001167,2025-08-03T13:00:00
1006396,1001168,2025-06-23T00:59:00
1004343,1001168,2025-07-09T09:52:00
1009917,1001168,2025-08-08T04:07:00
1005320,1001168,2025-08-08T05:57:00
1005846,1001168,2025-07-09T09:34:00
1015182,1001168,2025-07-16T11:38:00
1017525,1001168,2025-07-09T02:10:00
1046552,1001168,2025-07-27T06:49:00
1065956,1001168,2025-08-12T10:37:00
1063810,1001168,2025-07-17T04:57:00
1060117,1001168,2025-08-18T09:00:00
1004489,1001168,2025-07-13T03:47:00
1060910,1001168,2025-08-23T10:49:00
1060643,1001168,2025-07-19T03:21:00
1058464,1001168,2025-07-24T07:20:00
1037191,1001168,2025-07-29T12:18:00
1029397,1001168,2025-08-13T13:38:00
1016298,1001168,2025-08-19T05:09:00
1007956,1001169,2025-06-27T22:47:00
1046783,1001169,2025-07-13T03:37:00
1026193,1001169,2025-06-15T12:11:00
1084323,1001169,2025-06-24T06:20:00
1093519,1001169,2025-07-07T04:43:00
1039408,1001169,2025-08-09T02:05:00
1024377,1001169,2025-06-28T11:52:00
1092153,1001169,2025-06-15T11:47:00
1028924,1001169,2025-07-19T00:11:00
1008679,1001169,2025-08-10T05:02:00
1098752,1001169,2025-08-06T05:50:00
1039385,1001169,2025-07-14T12:17:00
1041752,1001169,2025-08-15T10:56:00
1056408,1001169,2025-08-13T05:25:00
1059879,1001169,2025-07-15T04:25:00
1018578,1001169,2025-07-20T02:50:00
1083081,1001169,2025-07-21T04:17:00
1091536,1001169,2025-07-20T01:55:00
1040919,1001169,2025-07-03T04:32:00
1059386,1001169,2025-08-08T06:34:00
1066989,1001169,2025-07-25T06:46:00
1016918,1001169,2025-08-14T14:43:00
1023304,1001169,2025-08-22T14:43:00
1037877,1001169,2025-08-14T08:24:00
1081391,1001169,2025-07-25T23:52:00
1034521,1001169,2025-07-31T07:30:00
1048836,1001169,2025-07-14T03:56:00
1074288,1001169,2025-08-13T22:04:00
1023139,1001169,2025-07-18T06:51:00
1072782,1001169,2025-07-29T04:43:00
1033132,1001169,2025-08-16T09:19:00
1055362,1001170,2025-08-04T09:47:00
1088839,1001170,2025-08-03T02:03:00
1013303,1001170,2025-07-04T06:30:00
1083824,1001170,2025-06-17T03:03:00
1015661,1001170,2025-08-05T07:30:00
1040865,1001170,2025-07-19T07:41:00
1042497,1001170,2025-06-20T08:10:00
1030426,1001170,2025-07-31T02:06:00
1063096,1001170,2025-07-06T10:27:00
1006082,1001170,2025-06-23T03:15:00
1053690,1001170,2025-07-16T08:42:00
1015056,1001170,2025-08-02T07:38:00
1057884,1001170,2025-08-03T14:09:00
1088085,1001170,2025-08-10T09:53:00
1003653,1001170,2025-07-07T05:22:00
1072461,1001170,2025-08-17T06:42:00
1056326,1001170,2025-08-19T03:05:00
1099989,1001170,2025-08-01T16:02:00
1005718,1001170,2025-06-25T03:53:00
1028589,1001170,2025-07-23T05:51:00
1001666,1001170,2025-08-14T04:44:00
1096112,1001170,2025-06-27T06:36:00
1012988,1001170,2025-07-27T06:06:00
1093724,1001170,2025-07-04T07:21:00
1015108,1001170,2025-07-26T08:43:00
1049296,1001170,2025-07-02T04:15:00
1012400,1001170,2025-08-03T13:33:00
1013856,1001170,2025-07-28T15:44:00
1067407,1001170,2025-08-16T02:13:00
1005197,1001170,2025-07-11T12:26:00
1035882,1001170,2025-07-09T14:34:00
1049313,1001170,2025-08-01T04:40:00
1004491,1001170,2025-07-31T02:55:00
1057100,1001170,2025-08-04T07:37:00
1050813,1001171,2025-08-01T03:41:00
1019969,1001171,2025-06-09T08:16:00
1014564,1001171,2025-06-12T05:01:00
1001327,1001171,2025-07-31T07:25:00
1034672,1001171,2025-06-17T06:17:00
1039387,1001171,2025-07-29T06:19:00
1074927,1001171,2025-07-25T01:22:00
1046325,1001171,2025-06-22T07:30:00
1015396,1001171,2025-07-18T08:27:00
1007657,1001171,2025-07-30T01:40:00
1072067,1001171,2025-07-29T09:30:00
1070610,1001171,2025-08-03T10:16:00
1050482,1001171,2025-08-03T13:54:00
1046154,1001171,2025-06-26T12:40:00
1016993,1001171,2025-06-30T05:50:00
1020523,1001171,2025-08-09T23:59:00
1011004,1001171,2025-07-12T06:44:00
1049606,1001171,2025-06-29T10:49:00
1040549,1001171,2025-06-19T04:48:00
1033548,1001171,2025-07-14T05:09:00
1059605,1001171,2025-08-04T01:31:00
1093152,1001171,2025-07-31T09:41:00
1083277,1001171,2025-08-13T09:59:00
1007286,1001171,2025-08-08T01:27:00
1085490,1001171,2025-08-05T08:06:00
1062503,1001171,2025-08-16T05:49:00
1067169,1001171,2025-07-15T06:12:00
1059734,1001171,2025-08-18T12:32:00
1083452,1001171,2025-07-30T05:58:00
1087735,1001171,2025-07-13T22:09:00
1029219,1001171,2025-07-09T12:16:00
1068288,1001171,2025-08-25T08:25:00
1067296,1001171,2025-07-04T03:15:00
1059558,1001172,2025-06-28T07:18:00
1093449,1001172,2025-06-11T04:21:00
1003234,1001172,2025-06-14T06:18:00
1075788,1001172,2025-06-14T08:36:00
1089567,1001172,2025-06-20T03:07:00
1098824,1001172,2025-07-08T10:40:00
1033822,1001172,2025-06-13T07:17:00
1058588,1001172,2025-06-26T02:33:00
1030484,1001172,2025-07-03T00:06:00
1068713,1001172,2025-07-18T04:34:00
1034039,1001172,2025-07-16T03:57:00
1036529,1001172,2025-07-23T11:15:00
1017405,1001172,2025-08-10T07:23:00
1014443,1001172,2025-08-06T00:48:00
1094642,1001172,2025-07-31T07:58:00
1017978,1001172,2025-07-14T04:05:00
1042142,1001172,2025-06-18T01:27:00
1050153,1001172,2025-07-04T07:05:00
1038281,1001172,2025-07-30T12:32:00
1086716,1001172,2025-06-22T07:06:00
1075286,1001172,2025-08-01T00:58:00
1018964,1001172,2025-07-24T05:08:00
1006895,1001172,2025-06-24T10:31:00
1005704,1001172,2025-08-19T04:26:00
1025285,1001172,2025-07-02T08:23:00
1002570,1001172,2025-07-24T14:12:00
1021008,1001172,2025-07-11T14:58:00
1024896,1001172,2025-07-09T11:19:00
1032253,1001172,2025-07-24T15:09:00
1064581,1001172,2025-06-30T13:29:00
1023215,1001172,2025-08-14T08:35:00
1076414,1001172,2025-08-24T09:59:00
1025921,1001172,2025-08-27T05:00:00
1020588,1001172,2025-07-21T04:00:00
1081009,1001172,2025-08-26T06:07:00
1083886,1001172,2025-08-01T06:54:00
1047352,1001172,2025-07-15T13:08:00
1074839,1001173,2025-08-09T00:11:00
1098065,1001173,2025-06-29T01:14:00
1066225,1001173,2025-07-20T09:40:00
1075337,1001173,2025-07-11T06:04:00
1086871,1001173,2025-08-11T02:57:00
1093896,1001173,2025-07-27T04:12:00
1063019,1001173,2025-08-13T12:08:00
1042867,1001173,2025-07-08T05:52:00
1064708,1001173,2025-07-30T10:22:00
1004657,1001173,2025-07-09T10:51:00
1038774,1001173,2025-07-30T22:55:00
1007790,1001173,2025-07-13T05:53:00
1074223,1001173,2025-07-25T09:01:00
1043472,1001173,2025-08-05T01:21:00
1038921,1001173,2025-08-19T03:44:00
1050651,1001173,2025-07-08T07:32:00
1038561,1001173,2025-08-09T09:23:00
1056199,1001173,2025-07-10T08:26:00
1089477,1001173,2025-08-11T08:44:00
1066069,1001173,2025-07-22T22:26:00
1095325,1001173,2025-07-18T00:40:00
1004844,1001173,2025-07-29T07:39:00
1005895,1001173,2025-07-04T12:10:00
1038436,1001173,2025-08-23T08:06:00
1090556,1001173,2025-07-02T23:56:00
1083846,1001174,2025-08-01T03:28:00
1006682,1001174,2025-08-10T10:57:00
1007524,1001174,2025-07-13T07:15:00
1088930,1001174,2025-07-24T01:24:00
1015006,1001174,2025-07-21T11:48:00
1020678,1001174,2025-08-02T10:27:00
1051894,1001174,2025-07-19T10:35:00
1071408,1001174,2025-07-13T00:55:00
1059395,1001174,2025-07-25T00:05:00
1014661,1001174,2025-07-07T11:15:00
1083246,1001174,2025-06-22T01:48:00
1088155,1001174,2025-08-05T15:57:00
1019865,1001174,2025-07-03T03:51:00
1014777,1001174,2025-06-24T11:36:00
1070319,1001174,2025-07-07T06:37:00
1008684,1001174,2025-07-04T02:55:00
1030156,1001174,2025-07-05T09:48:00
1015153,1001174,2025-08-18T10:08:00
1022764,1001174,2025-07-22T07:38:00
1091348,1001174,2025-08-11T04:31:00
1082772,1001174,2025-07-25T04:45:00
1042299,1001174,2025-07-14T10:25:00
1059695,1001174,2025-06-28T13:41:00
1025253,1001174,2025-08-14T00:33:00
1053009,1001174,2025-07-03T04:11:00
1097458,1001174,2025-08-18T06:38:00
1050392,1001175,2025-07-05T16:27:00
1085937,1001175,2025-07-08T04:36:00
1019053,1001175,2025-07-20T04:52:00
1016444,1001175,2025-06-24T03:58:00
1081622,1001175,2025-06-14T05:21:00
1078123,1001175,2025-06-16T12:24:00
1097257,1001175,2025-06-20T13:07:00
1068933,1001175,2025-07-08T14:39:00
1006184,1001175,2025-06-27T10:04:00
1021097,1001175,2025-08-09T03:40:00
1037366,1001175,2025-07-09T07:53:00
1084529,1001175,2025-07-19T14:20:00
1038296,1001175,2025-07-07T12:35:00
1038230,1001175,2025-07-18T08:05:00
1072043,1001175,2025-08-02T09:14:00
1015907,1001175,2025-07-07T07:06:00
1045735,1001175,2025-07-13T08:38:00
1020132,1001175,2025-06-26T08:15:00
1026906,1001175,2025-08-12T04:51:00
1021850,1001175,2025-07-16T11:37:00
1039447,1001175,2025-08-03T08:39:00
1092906,1001175,2025-07-04T23:44:00
1037832,1001175,2025-07-20T12:59:00
1047476,1001175,2025-08-08T05:38:00
1067414,1001175,2025-07-15T11:00:00
1012918,1001175,2025-07-07T00:17:00
1019919,1001175,2025-07-08T04:32:00
1073097,1001175,2025-08-10T05:53:00
1060660,1001175,2025-07-12T09:18:00
1052449,1001175,2025-07-14T08:43:00
1068740,1001175,2025-07-04T00:37:00
1055657,1001175,2025-07-02T09:42:00
1043188,1001175,2025-08-03T06:27:00
1045975,1001175,2025-07-24T05:47:00
1041406,1001175,2025-07-19T04:35:00
1034793,1001175,2025-07-04T07:34:00
1010194,1001176,2025-07-10T13:30:00
1093481,1001176,2025-06-16T04:39:00
1026564,1001176,2025-06-17T05:05:00
1072643,1001176,2025-07-22T05:08:00
1038410,1001176,2025-08-04T06:08:00
1080311,1001176,2025-08-01T11:06:00
1023982,1001176,2025-07-17T01:44:00
1062033,1001176,2025-06-18T07:29:00
1078800,1001176,2025-07-18T06:09:00
1056524,1001176,2025-08-05T07:36:00
1016868,1001176,2025-07-25T00:21:00
1007701,1001176,2025-07-30T06:26:00
1068596,1001176,2025-07-10T06:21:00
1043789,1001176,2025-06-18T09:51:00
1091114,1001176,2025-08-15T08:34:00
1015071,1001176,2025-08-09T05:57:00
1063026,1001176,2025-07-22T12:11:00
1068691,1001176,2025-08-07T07:32:00
1098816,1001176,2025-07-12T12:56:00
1022981,1001176,2025-07-18T01:15:00
1082353,1001176,2025-07-26T08:12:00
1011351,1001176,2025-08-07T03:17:00
1024282,1001176,2025-06-25T06:00:00
1078890,1001176,2025-08-10T04:55:00
1012135,1001176,2025-07-14T10:21:00
1034913,1001176,2025-07-06T03:27:00
1038606,1001176,2025-06-27T07:18:00
1073052,1001176,2025-07-26T07:02:00
1079569,1001176,2025-08-20T05:42:00
1087934,1001176,2025-07-08T06:21:00
1085123,1001176,2025-07-09T03:04:00
1017364,1001176,2025-07-25T02:22:00
1082438,1001176,2025-08-06T08:46:00
1015862,1001176,2025-07-15T04:39:00
1022002,1001176,2025-07-03T11:41:00
1043881,1001176,2025-08-26T06:20:00
1040250,1001176,2025-08-06T01:02:00
1012032,1001176,2025-07-13T11:16:00
1054279,1001177,2025-08-02T11:51:00
1099855,1001177,2025-07-01T02:20:00
1057294,1001177,2025-07-16T13:43:00
1076395,1001177,2025-06-21T05:38:00
1045095,1001177,2025-07-03T07:01:00
1026016,1001177,2025-07-27T07:33:00
1022880,1001177,2025-08-04T13:32:00
1000898,1001177,2025-07-02T06:52:00
1066080,1001177,2025-06-09T10:31:00
1083573,1001177,2025-07-09T02:13:00
1023380,1001177,2025-07-24T13:06:00
1030597,1001177,2025-07-29T10:54:00
1074739,1001177,2025-07-24T09:25:00
1061614,1001177,2025-06-16T01:54:00
1016744,1001177,2025-07-09T13:22:00
1020915,1001177,2025-06-28T07:17:00
1016753,1001177,2025-06-23T02:19:00
1093489,1001177,2025-07-02T05:35:00
1051426,1001177,2025-07-23T01:56:00
1062465,1001177,2025-08-03T07:45:00
1029752,1001177,2025-07-04T08:07:00
1077042,1001177,2025-07-25T13:56:00
1026027,1001177,2025-08-06T05:29:00
1063394,1001177,2025-06-20T01:45:00
1076607,1001177,2025-07-23T06:02:00
1094840,1001177,2025-07-07T05:52:00
1018715,1001177,2025-07-18T03:47:00
1088126,1001177,2025-06-23T09:41:00
1083547,1001177,2025-08-13T00:23:00
1089208,1001177,2025-07-28T07:35:00
1006872,1001177,2025-07-17T00:43:00
1001930,1001177,2025-08-23T09:05:00
1042667,1001177,2025-07-24T06:55:00
1032719,1001177,2025-07-18T11:32:00
1073693,1001177,2025-07-14T16:05:00
1046760,1001177,2025-07-28T07:04:00
1073337,1001177,2025-07-10T01:48:00
1087093,1001177,2025-08-12T14:59:00
1005928,1001177,2025-07-23T01:56:00
1037072,1001178,2025-06-15T05:16:00
1083774,1001178,2025-07-11T07:05:00
1073352,1001178,2025-07-16T06:48:00
1038577,1001178,2025-06-26T07:04:00
1085422,1001178,2025-06-25T01:26:00
1017514,1001178,2025-07-25T03:01:00
1018687,1001178,2025-06-12T04:01:00
1022217,1001178,2025-06-18T06:52:00
1055935,1001178,2025-06-11T07:45:00
1076326,1001178,2025-06-19T02:15:00
1094493,1001178,2025-07-12T06:04:00
1059013,1001178,2025-06-17T12:23:00
1056871,1001178,2025-06-14T09:20:00
1065189,1001178,2025-08-06T09:23:00
1065215,1001178,2025-07-08T02:27:00
1032457,1001178,2025-08-07T04:20:00
1089854,1001178,2025-07-11T13:22:00
1035533,1001178,2025-07-06T07:06:00
1035826,1001178,2025-06-26T07:39:00
1092501,1001178,2025-07-27T07:50:00
1033171,1001178,2025-08-09T07:53:00
1062452,1001178,2025-08-02T16:56:00
1084768,1001178,2025-08-01T06:27:00
1092429,1001178,2025-06-27T04:15:00
1065860,1001178,2025-08-06T07:27:00
1010713,1001178,2025-07-30T03:08:00
1021560,1001178,2025-07-01T07:55:00
1044194,1001178,2025-07-06T11:42:00
1066502,1001178,2025-07-19T08:23:00
1063155,1001178,2025-08-05T11:12:00
1005965,1001178,2025-08-01T09:48:00
1076438,1001178,2025-07-16T01:10:00
1082813,1001178,2025-07-16T00:03:00
1083558,1001178,2025-08-22T06:04:00
1072621,1001178,2025-07-08T04:37:00
1096911,1001178,2025-07-22T02:05:00
1016456,1001178,2025-06-29T10:13:00
1012343,1001178,2025-08-18T15:13:00
1075746,1001178,2025-07-09T14:01:00
1073839,1001178,2025-08-28T09:56:00
1021243,1001178,2025-07-08T09:21:00
1073657,1001178,2025-08-25T12:50:00
1036630,1001179,2025-08-03T07:46:00
1089437,1001179,2025-07-05T09:18:00
1068492,1001179,2025-06-23T23:44:00
1086665,1001179,2025-08-09T11:17:00
1024274,1001179,2025-06-22T07:15:00
1085117,1001179,2025-07-12T09:54:00
1006687,1001179,2025-08-06T13:07:00
1009249,1001179,2025-07-06T09:33:00
1077688,1001179,2025-08-17T10:26:00
1023640,1001179,2025-07-13T04:40:00
1018654,1001179,2025-07-21T04:24:00
1049949,1001179,2025-08-01T09:18:00
1055039,1001179,2025-07-07T08:17:00
1018656,1001179,2025-07-19T05:30:00
1016667,1001179,2025-08-15T04:44:00
1096145,1001179,2025-08-03T07:13:00
1064589,1001179,2025-08-12T07:59:00
1088339,1001179,2025-08-22T06:48:00
1040707,1001179,2025-08-10T03:04:00
1078485,1001179,2025-07-30T23:27:00
1069808,1001179,2025-08-15T04:09:00
1014845,1001179,2025-08-02T02:57:00
1038951,1001179,2025-08-11T06:35:00
1054420,1001179,2025-08-22T03:58:00
1039623,1001179,2025-07-03T23:42:00
1031281,1001179,2025-07-10T02:39:00
1090572,1001179,2025-07-07T06:16:00
1060227,1001179,2025-08-13T10:08:00
1007956,1001180,2025-06-27T22:47:00
1046783,1001180,2025-07-13T03:37:00
1026193,1001180,2025-06-15T12:11:00
1084323,1001180,2025-06-24T06:20:00
1093519,1001180,2025-07-07T04:43:00
1039408,1001180,2025-08-09T02:05:00
1024377,1001180,2025-06-28T11:52:00
1092153,1001180,2025-06-15T11:47:00
1028924,1001180,2025-07-19T00:11:00
1008679,1001180,2025-08-10T05:02:00
1098752,1001180,2025-08-06T05:50:00
1039385,1001180,2025-07-14T12:17:00
1041752,1001180,2025-08-15T10:56:00
1056408,1001180,2025-08-13T05:25:00
1059879,1001180,2025-07-15T04:25:00
1018578,1001180,2025-07-20T02:50:00
1083081,1001180,2025-07-21T04:17:00
1091536,1001180,2025-07-20T01:55:00
1040919,1001180,2025-07-03T04:32:00
1059386,1001180,2025-08-08T06:34:00
1066989,1001180,2025-07-25T06:46:00
1016918,1001180,2025-08-14T14:43:00
1023304,1001180,2025-08-22T14:43:00
1037877,1001180,2025-08-14T08:24:00
1081391,1001180,2025-07-25T23:52:00
1034521,1001180,2025-07-31T07:30:00
1048836,1001180,2025-07-14T03:56:00
1074288,1001180,2025-08-13T22:04:00
1023139,1001180,2025-07-18T06:51:00
1072782,1001180,2025-07-29T04:43:00
1033132,1001180,2025-08-16T09:19:00
1012215,1001181,2025-07-24T00:56:00
1002588,1001181,2025-07-16T07:04:00
1041552,1001181,2025-07-02T00:06:00
1090657,1001181,2025-08-05T15:36:00
1056285,1001181,2025-07-01T11:58:00
1057878,1001181,2025-07-02T06:49:00
1090639,1001181,2025-08-13T07:08:00
1089308,1001181,2025-08-21T02:48:00
1058034,1001181,2025-08-06T07:48:00
1066164,1001181,2025-07-14T13:10:00
1054547,1001181,2025-08-16T00:45:00
1014184,1001181,2025-07-30T08:25:00
1065866,1001181,2025-07-18T07:00:00
1015701,1001181,2025-07-13T11:17:00
1035791,1001181,2025-07-31T04:26:00
1060012,1001181,2025-07-28T12:06:00
1047630,1001181,2025-08-03T10:00:00
1066080,1001182,2025-06-09T10:31:00
1083573,1001182,2025-07-09T02:13:00
1023380,1001182,2025-07-24T13:06:00
1030597,1001182,2025-07-29T10:54:00
1074739,1001182,2025-07-24T09:25:00
1061614,1001182,2025-06-16T01:54:00
1016744,1001182,2025-07-09T13:22:00
1020915,1001182,2025-06-28T07:17:00
1016753,1001182,2025-06-23T02:19:00
1093489,1001182,2025-07-02T05:35:00
1051426,1001182,2025-07-23T01:56:00
1062465,1001182,2025-08-03T07:45:00
1029752,1001182,2025-07-04T08:07:00
1077042,1001182,2025-07-25T13:56:00
1026027,1001182,2025-08-06T05:29:00
1063394,1001182,2025-06-20T01:45:00
1076607,1001182,2025-07-23T06:02:00
1094840,1001182,2025-07-07T05:52:00
1018715,1001182,2025-07-18T03:47:00
1088126,1001182,2025-06-23T09:41:00
1083547,1001182,2025-08-13T00:23:00
1089208,1001182,2025-07-28T07:35:00
1006872,1001182,2025-07-17T00:43:00
1001930,1001182,2025-08-23T09:05:00
1042667,1001182,2025-07-24T06:55:00
1032719,1001182,2025-07-18T11:32:00
1073693,1001182,2025-07-14T16:05:00
1046760,1001182,2025-07-28T07:04:00
1073337,1001182,2025-07-10T01:48:00
1087093,1001182,2025-08-12T14:59:00
1005928,1001182,2025-07-23T01:56:00
1004276,1001183,2025-06-23T09:15:00
1061772,1001183,2025-06-22T05:42:00
1011236,1001183,2025-06-14T06:52:00
1024071,1001183,2025-07-16T12:49:00
1097147,1001183,2025-06-11T02:24:00
1082471,1001183,2025-07-27T06:02:00
1083603,1001183,2025-07-07T10:17:00
1099453,1001183,2025-08-03T02:42:00
1007481,1001183,2025-07-22T09:23:00
1028845,1001183,2025-06-21T07:05:00
1018350,1001183,2025-07-26T01:54:00
1052525,1001183,2025-06-18T02:42:00
1080109,1001183,2025-07-26T13:32:00
1043033,1001183,2025-06-14T08:11:00
1042006,1001183,2025-07-14T02:01:00
1025584,1001183,2025-07-14T09:45:00
1018096,1001183,2025-07-27T10:42:00
1031328,1001183,2025-06-29T22:55:00
1037194,1001183,2025-07-05T09:42:00
1048010,1001183,2025-07-20T04:28:00
1002162,1001183,2025-07-23T12:02:00
1058175,1001183,2025-07-04T22:52:00
1028805,1001183,2025-07-06T08:31:00
1082767,1001183,2025-06-21T09:32:00
1059120,1001183,2025-06-23T04:42:00
1057540,1001183,2025-06-23T05:01:00
1007098,1001183,2025-07-20T13:08:00
1001538,1001183,2025-07-22T03:48:00
1084892,1001183,2025-07-06T05:14:00
1064347,1001183,2025-07-02T00:14:00
1035973,1001183,2025-07-20T23:46:00
1044504,1001183,2025-07-26T07:43:00
1004406,1001183,2025-08-16T10:18:00
1047416,1001183,2025-07-26T23:04:00
1017757,1001183,2025-08-23T08:10:00
1059054,1001183,2025-06-27T16:10:00
1066332,1001183,2025-07-08T07:03:00
1010549,1001183,2025-08-10T12:15:00
1070935,1001183,2025-08-25T13:50:00
1050989,1001183,2025-06-29T15:06:00
1015205,1001183,2025-07-09T07:38:00
1011420,1001183,2025-08-07T09:55:00
1072412,1001183,2025-08-26T03:47:00
1049064,1001183,2025-08-17T08:08:00
1089514,1001184,2025-08-01T08:44:00
1006276,1001184,2025-08-04T10:54:00
1029854,1001184,2025-08-06T05:35:00
1099891,1001184,2025-07-24T01:06:00
1031225,1001184,2025-06-15T09:27:00
1009175,1001184,2025-07-27T06:20:00
1037775,1001184,2025-08-01T23:00:00
1034815,1001184,2025-06-22T04:10:00
1003680,1001184,2025-07-13T06:35:00
1003841,1001184,2025-07-24T11:36:00
1090197,1001184,2025-06-20T06:57:00
1078601,1001184,2025-08-03T04:07:00
1060193,1001184,2025-07-01T14:33:00
1002710,1001184,2025-08-10T09:14:00
1054789,1001184,2025-08-15T11:26:00
1078583,1001184,2025-07-18T09:12:00
1098423,1001184,2025-07-11T13:53:00
1002471,1001184,2025-07-13T04:51:00
1075240,1001184,2025-06-24T14:49:00
1089485,1001184,2025-07-19T07:58:00
1095599,1001184,2025-06-30T05:39:00
1040586,1001184,2025-07-20T08:53:00
1003143,1001184,2025-06-30T05:53:00
1049462,1001184,2025-08-17T09:43:00
1032030,1001184,2025-07-26T13:36:00
1096153,1001184,2025-08-13T08:42:00
1077630,1001184,2025-07-18T04:56:00
1021592,1001184,2025-08-18T12:40:00
1066836,1001184,2025-07-17T09:05:00
1007084,1001184,2025-08-07T06:46:00
1006586,1001184,2025-07-16T05:45:00
1037632,1001185,2025-07-15T01:31:00
1069049,1001185,2025-08-01T11:04:00
1049742,1001185,2025-08-02T11:49:00
1071494,1001185,2025-06-29T07:18:00
1013033,1001185,2025-06-29T08:33:00
1094866,1001185,2025-06-24T07:12:00
1055075,1001185,2025-06-11T04:12:00
1093467,1001185,2025-07-21T22:31:00
1010170,1001185,2025-06-22T03:54:00
1066984,1001185,2025-07-31T10:44:00
1034320,1001185,2025-06-24T09:17:00
1061187,1001185,2025-08-02T07:11:00
1075674,1001185,2025-06-15T03:26:00
1030599,1001185,2025-08-02T03:48:00
1067590,1001185,2025-07-05T23:00:00
1006922,1001185,2025-07-01T23:41:00
1035403,1001185,2025-07-04T04:17:00
1056548,1001185,2025-06-23T14:24:00
1036630,1001185,2025-08-03T07:46:00
1089437,1001185,2025-07-05T09:18:00
1068492,1001185,2025-06-23T23:44:00
1086665,1001185,2025-08-09T11:17:00
1024274,1001185,2025-06-22T07:15:00
1085117,1001185,2025-07-12T09:54:00
1006687,1001185,2025-08-06T13:07:00
1009249,1001185,2025-07-06T09:33:00
1077688,1001185,2025-08-17T10:26:00
1023640,1001185,2025-07-13T04:40:00
1018654,1001185,2025-07-21T04:24:00
1049949,1001185,2025-08-01T09:18:00
1055039,1001185,2025-07-07T08:17:00
1018656,1001185,2025-07-19T05:30:00
1016667,1001185,2025-08-15T04:44:00
1096145,1001185,2025-08-03T07:13:00
1064589,1001185,2025-08-12T07:59:00
1088339,1001185,2025-08-22T06:48:00
1040707,1001185,2025-08-10T03:04:00
1078485,1001185,2025-07-30T23:27:00
1069808,1001185,2025-08-15T04:09:00
1014845,1001185,2025-08-02T02:57:00
1038951,1001185,2025-08-11T06:35:00
1054420,1001185,2025-08-22T03:58:00
1039623,1001185,2025-07-03T23:42:00
1031281,1001185,2025-07-10T02:39:00
1090572,1001185,2025-07-07T06:16:00
1060227,1001185,2025-08-13T10:08:00
1033604,1001186,2025-07-07T01:05:00
1086417,1001186,2025-06-18T04:44:00
1097425,1001186,2025-06-24T00:45:00
1035049,1001186,2025-08-06T07:49:00
1058884,1001186,2025-06-24T00:08:00
1046596,1001186,2025-07-04T02:32:00
1019717,1001186,2025-07-16T06:36:00
1056703,1001186,2025-07-23T03:31:00
1031764,1001186,2025-07-28T07:11:00
1050460,1001186,2025-06-28T10:36:00
1062718,1001186,2025-07-05T11:36:00
1076646,1001186,2025-08-12T07:03:00
1056395,1001186,2025-08-10T04:19:00
1007953,1001186,2025-08-07T13:12:00
1047858,1001186,2025-07-21T08:53:00
1006381,1001186,2025-07-15T06:26:00
1045036,1001186,2025-07-11T12:06:00
1046172,1001186,2025-07-01T00:02:00
1078497,1001186,2025-06-30T03:55:00
1039933,1001186,2025-08-07T11:48:00
1038928,1001186,2025-08-05T02:56:00
1074332,1001186,2025-07-14T05:09:00
1019346,1001186,2025-07-29T05:54:00
1019533,1001186,2025-08-26T03:42:00
1024649,1001186,2025-07-01T05:02:00
1073823,1001186,2025-07-10T05:37:00
1060304,1001186,2025-08-27T03:50:00
1004090,1001186,2025-08-01T10:25:00
1061560,1001186,2025-07-11T16:39:00
1063503,1001187,2025-07-10T08:27:00
1073871,1001187,2025-07-29T02:43:00
1022413,1001187,2025-07-17T10:56:00
1022298,1001187,2025-06-21T06:46:00
1029923,1001187,2025-06-23T08:47:00
1072146,1001187,2025-06-28T00:27:00
1045354,1001187,2025-07-19T00:31:00
1095426,1001187,2025-07-10T06:34:00
1086683,1001187,2025-07-31T14:57:00
1003445,1001187,2025-08-03T23:08:00
1016297,1001187,2025-07-28T05:32:00
1083728,1001187,2025-07-01T09:26:00
1001117,1001187,2025-07-16T14:47:00
1073178,1001187,2025-07-11T06:45:00
1037740,1001187,2025-06-30T07:04:00
1037885,1001187,2025-07-15T10:04:00
1089442,1001187,2025-07-06T01:11:00
1026201,1001187,2025-06-19T09:09:00
1006378,1001187,2025-07-04T08:38:00
1023584,1001187,2025-08-14T07:10:00
1033706,1001187,2025-07-02T06:27:00
1002589,1001187,2025-06-26T03:40:00
1015038,1001187,2025-07-02T04:13:00
1078101,1001187,2025-06-22T02:12:00
1079529,1001187,2025-07-27T13:15:00
1051322,1001187,2025-08-14T13:42:00
1033790,1001187,2025-07-04T07:48:00
1068862,1001187,2025-07-02T02:15:00
1032481,1001187,2025-07-15T03:33:00
1097553,1001187,2025-08-14T10:59:00
1084826,1001187,2025-07-04T14:55:00
1017330,1001187,2025-07-28T07:40:00
1014623,1001187,2025-06-30T12:37:00
1085965,1001187,2025-08-11T11:08:00
1035723,1001187,2025-08-19T02:17:00
1042491,1001187,2025-07-27T15:41:00
1041819,1001187,2025-07-01T01:16:00
1089920,1001187,2025-08-26T00:00:00
1086671,1001187,2025-08-08T04:00:00
1033537,1001187,2025-07-28T12:41:00
1029628,1001187,2025-08-20T05:46:00
1098059,1001187,2025-07-12T13:47:00
1028127,1001187,2025-08-27T04:36:00
1001499,1001187,2025-07-22T07:02:00
1044163,1001187,2025-07-19T13:35:00
1091171,1001188,2025-08-04T01:02:00
1061793,1001188,2025-07-12T08:27:00
1029560,1001188,2025-06-18T08:36:00
1018763,1001188,2025-07-28T06:15:00
1006456,1001188,2025-06-29T01:59:00
1014568,1001188,2025-08-08T00:06:00
1010418,1001188,2025-07-27T03:51:00
1020955,1001188,2025-07-30T07:37:00
1084321,1001188,2025-08-04T09:02:00
1092767,1001188,2025-07-14T05:18:00
1027051,1001188,2025-08-01T00:43:00
1065735,1001188,2025-08-21T08:29:00
1064070,1001188,2025-07-03T02:02:00
1018073,1001188,2025-08-20T04:32:00
1059461,1001188,2025-08-18T05:17:00
1028242,1001188,2025-07-21T09:13:00
1021365,1001188,2025-08-23T03:06:00
1087007,1001188,2025-08-15T11:58:00
1058638,1001188,2025-07-01T07:13:00
1058244,1001188,2025-07-07T03:26:00
1006824,1001188,2025-07-07T08:19:00
1053102,1001188,2025-08-11T07:58:00
1071114,1001188,2025-08-23T08:09:00
1023669,1001188,2025-08-03T09:52:00
1032483,1001188,2025-07-21T04:28:00
1022474,1001189,2025-07-29T12:12:00
1026718,1001189,2025-06-22T11:20:00
1004800,1001189,2025-06-26T05:29:00
1081982,1001189,2025-07-27T09:04:00
1032072,1001189,2025-07-08T06:56:00
1089932,1001189,2025-08-11T08:28:00
1040460,1001189,2025-06-26T04:00:00
1063998,1001189,2025-08-01T08:18:00
1043650,1001189,2025-07-24T10:10:00
1021315,1001189,2025-08-03T05:20:00
1035535,1001189,2025-07-08T12:40:00
1004698,1001189,2025-07-27T03:47:00
1072331,1001189,2025-07-18T05:00:00
1026075,1001189,2025-07-09T03:09:00
1086182,1001189,2025-08-06T14:16:00
1095526,1001189,2025-07-12T05:30:00
1021128,1001189,2025-07-29T10:28:00
1047231,1001189,2025-07-08T11:45:00
1007207,1001189,2025-06-26T02:06:00
1051652,1001189,2025-07-20T05:56:00
1073525,1001189,2025-08-07T04:59:00
1074071,1001189,2025-08-08T09:29:00
1044979,1001189,2025-07-29T11:10:00
1078350,1001189,2025-07-03T06:06:00
1067769,1001189,2025-08-16T01:18:00
1083476,1001189,2025-07-03T05:32:00
1056148,1001189,2025-08-27T07:07:00
1066673,1001189,2025-07-25T07:47:00
1017416,1001189,2025-08-04T15:23:00
1080079,1001190,2025-07-01T10:23:00
1037481,1001190,2025-07-07T09:18:00
1001681,1001190,2025-06-25T07:43:00
1094640,1001190,2025-07-22T01:12:00
1076119,1001190,2025-07-18T13:50:00
1021474,1001190,2025-07-12T04:38:00
1049316,1001190,2025-08-06T03:55:00
1029138,1001190,2025-06-16T08:46:00
1024796,1001190,2025-07-07T14:31:00
1080179,1001190,2025-06-18T06:14:00
1031080,1001190,2025-07-14T08:38:00
1050601,1001190,2025-08-08T04:59:00
1054192,1001190,2025-06-21T12:58:00
1047013,1001190,2025-07-09T04:03:00
1022252,1001190,2025-08-16T08:10:00
1023097,1001190,2025-06-24T11:37:00
1047397,1001190,2025-08-17T03:00:00
1067152,1001190,2025-08-06T03:45:00
1098667,1001190,2025-06-28T05:31:00
1088632,1001190,2025-06-24T08:57:00
1002997,1001190,2025-07-31T12:38:00
1076569,1001190,2025-08-05T14:36:00
1078792,1001190,2025-07-12T10:26:00
1058428,1001190,2025-08-20T05:07:00
1044413,1001190,2025-08-05T06:55:00
1014289,1001190,2025-07-23T03:34:00
1006342,1001190,2025-08-24T05:44:00
1078230,1001190,2025-08-04T00:03:00
1088921,1001190,2025-08-03T07:05:00
1054383,1001190,2025-08-24T08:45:00
1027670,1001190,2025-07-12T12:00:00
1072126,1001190,2025-07-29T08:00:00
1007265,1001190,2025-08-25T02:57:00
1085228,1001190,2025-07-23T03:09:00
1077693,1001190,2025-07-02T05:01:00
1088559,1001190,2025-08-28T13:52:00
1061040,1001191,2025-07-05T00:28:00
1042402,1001191,2025-07-14T02:42:00
1051425,1001191,2025-06-25T12:44:00
1044084,1001191,2025-07-12T05:25:00
1006570,1001191,2025-08-05T03:10:00
1068137,1001191,2025-06-21T06:48:00
1083837,1001191,2025-07-20T04:49:00
1007956,1001191,2025-06-27T22:47:00
1046783,1001191,2025-07-13T03:37:00
1026193,1001191,2025-06-15T12:11:00
1084323,1001191,2025-06-24T06:20:00
1093519,1001191,2025-07-07T04:43:00
1039408,1001191,2025-08-09T02:05:00
1024377,1001191,2025-06-28T11:52:00
1092153,1001191,2025-06-15T11:47:00
1028924,1001191,2025-07-19T00:11:00
1008679,1001191,2025-08-10T05:02:00
1098752,1001191,2025-08-06T05:50:00
1039385,1001191,2025-07-14T12:17:00
1041752,1001191,2025-08-15T10:56:00
1056408,1001191,2025-08-13T05:25:00
1059879,1001191,2025-07-15T04:25:00
1018578,1001191,2025-07-20T02:50:00
1083081,1001191,2025-07-21T04:17:00
1091536,1001191,2025-07-20T01:55:00
1040919,1001191,2025-07-03T04:32:00
1059386,1001191,2025-08-08T06:34:00
1066989,1001191,2025-07-25T06:46:00
1016918,1001191,2025-08-14T14:43:00
1023304,1001191,2025-08-22T14:43:00
1037877,1001191,2025-08-14T08:24:00
1081391,1001191,2025-07-25T23:52:00
1034521,1001191,2025-07-31T07:30:00
1048836,1001191,2025-07-14T03:56:00
1074288,1001191,2025-08-13T22:04:00
1023139,1001191,2025-07-18T06:51:00
1072782,1001191,2025-07-29T04:43:00
1033132,1001191,2025-08-16T09:19:00
1006121,1001192,2025-08-11T11:41:00
1074907,1001192,2025-08-09T05:12:00
1052867,1001192,2025-07-19T00:31:00
1057445,1001192,2025-08-04T10:53:00
1043263,1001192,2025-07-26T07:59:00
1088472,1001192,2025-07-19T10:09:00
1021963,1001192,2025-07-24T11:26:00
1027801,1001192,2025-07-23T08:30:00
1083077,1001192,2025-07-26T08:18:00
1048910,1001192,2025-07-01T23:11:00
1035591,1001192,2025-07-15T23:55:00
1063343,1001192,2025-07-17T06:12:00
1007723,1001192,2025-07-25T07:51:00
1043434,1001192,2025-07-02T10:49:00
1076451,1001192,2025-08-21T02:25:00
1045527,1001192,2025-08-05T09:43:00
1029049,1001192,2025-07-23T08:35:00
1074353,1001192,2025-08-10T00:05:00
1070047,1001192,2025-07-16T08:53:00
1055312,1001192,2025-07-11T10:03:00
1089491,1001192,2025-08-10T11:35:00
1011014,1001192,2025-08-19T00:17:00
1044646,1001192,2025-07-23T04:09:00
1023367,1001192,2025-08-04T03:36:00
1015026,1001193,2025-07-13T07:10:00
1068530,1001193,2025-06-25T03:48:00
1046578,1001193,2025-07-16T01:05:00
1056011,1001193,2025-07-29T09:10:00
1091349,1001193,2025-07-28T05:34:00
1026446,1001193,2025-07-08T07:48:00
1016204,1001193,2025-07-26T04:51:00
1088701,1001193,2025-06-29T08:02:00
1002897,1001193,2025-07-22T04:43:00
1058572,1001193,2025-06-27T02:08:00
1084699,1001193,2025-08-10T06:28:00
1013859,1001193,2025-06-16T02:05:00
1029206,1001193,2025-06-30T06:53:00
1022575,1001193,2025-06-16T09:52:00
1084934,1001193,2025-06-21T13:05:00
1022440,1001193,2025-07-21T09:07:00
1037756,1001193,2025-07-12T01:04:00
1019069,1001193,2025-08-05T09:21:00
1034402,1001193,2025-07-20T05:09:00
1016525,1001193,2025-07-06T03:59:00
1030624,1001193,2025-06-18T04:34:00
1037947,1001193,2025-06-26T05:34:00
1036798,1001193,2025-08-12T06:53:00
1012775,1001193,2025-06-23T02:40:00
1070049,1001193,2025-07-11T07:46:00
1097225,1001193,2025-07-10T06:00:00
1032877,1001193,2025-07-28T12:45:00
1095631,1001193,2025-06-20T07:10:00
1029642,1001193,2025-07-01T13:10:00
1049197,1001193,2025-07-02T23:53:00
1076756,1001193,2025-08-12T09:56:00
1026234,1001193,2025-08-06T04:52:00
1083561,1001193,2025-08-04T07:22:00
1022580,1001193,2025-08-05T05:35:00
1001480,1001193,2025-08-01T09:55:00
1010914,1001193,2025-08-03T08:12:00
1006901,1001193,2025-07-09T05:46:00
1062614,1001193,2025-08-12T04:30:00
1049265,1001193,2025-08-17T03:46:00
1039412,1001193,2025-07-11T05:49:00
1060582,1001193,2025-08-10T06:01:00
1058010,1001193,2025-08-19T02:27:00
1045200,1001193,2025-07-25T05:23:00
1023365,1001193,2025-07-14T13:05:00
1031103,1001193,2025-07-08T03:35:00
1006409,1001193,2025-08-02T08:00:00
1093836,1001193,2025-07-29T08:30:00
1016606,1001193,2025-07-28T03:31:00
1030703,1001193,2025-07-31T11:05:00
1025069,1001194,2025-07-22T04:18:00
1026530,1001194,2025-07-02T11:27:00
1081588,1001194,2025-06-16T11:34:00
1012223,1001194,2025-08-01T04:40:00
1059325,1001194,2025-07-16T13:51:00
1082309,1001194,2025-08-08T06:36:00
1043522,1001194,2025-07-18T08:26:00
1025603,1001194,2025-06-16T11:15:00
1096720,1001194,2025-07-15T09:59:00
1037620,1001194,2025-07-26T08:21:00
1055177,1001194,2025-08-13T00:46:00
1036536,1001194,2025-07-04T11:31:00
1015756,1001194,2025-08-04T08:07:00
1064167,1001194,2025-06-19T00:53:00
1051905,1001194,2025-06-26T08:16:00
1057700,1001194,2025-07-04T15:47:00
1091812,1001194,2025-07-23T10:35:00
1017816,1001194,2025-07-02T00:17:00
1026358,1001194,2025-08-19T09:09:00
1067886,1001194,2025-07-08T08:00:00
1050583,1001194,2025-07-16T06:38:00
1025993,1001194,2025-07-12T01:35:00
1049588,1001194,2025-07-18T08:02:00
1073198,1001194,2025-08-11T06:35:00
1039282,1001194,2025-07-13T11:20:00
1017803,1001194,2025-07-07T09:19:00
1074876,1001194,2025-07-08T10:22:00
1068765,1001194,2025-08-01T09:54:00
1089561,1001194,2025-07-09T10:12:00
1036983,1001194,2025-07-25T12:27:00
1050758,1001194,2025-08-11T13:16:00
1001688,1001195,2025-07-18T09:12:00
1034458,1001195,2025-07-23T22:26:00
1073116,1001195,2025-07-21T06:18:00
1082469,1001195,2025-06-07T06:28:00
1091025,1001195,2025-06-30T14:51:00
1093181,1001195,2025-07-10T01:46:00
1082273,1001195,2025-06-26T08:32:00
1003492,1001195,2025-07-20T04:58:00
1038791,1001195,2025-07-22T03:17:00
1056783,1001195,2025-07-01T10:52:00
1044125,1001195,2025-07-19T08:55:00
1069702,1001195,2025-06-25T05:50:00
1035614,1001195,2025-06-19T12:03:00
1050532,1001195,2025-07-03T08:51:00
1001477,1001195,2025-06-18T12:57:00
1083846,1001195,2025-08-01T03:28:00
1006682,1001195,2025-08-10T10:57:00
1007524,1001195,2025-07-13T07:15:00
1088930,1001195,2025-07-24T01:24:00
1015006,1001195,2025-07-21T11:48:00
1020678,1001195,2025-08-02T10:27:00
1051894,1001195,2025-07-19T10:35:00
1071408,1001195,2025-07-13T00:55:00
1059395,1001195,2025-07-25T00:05:00
1014661,1001195,2025-07-07T11:15:00
1083246,1001195,2025-06-22T01:48:00
1088155,1001195,2025-08-05T15:57:00
1019865,1001195,2025-07-03T03:51:00
1014777,1001195,2025-06-24T11:36:00
1070319,1001195,2025-07-07T06:37:00
1008684,1001195,2025-07-04T02:55:00
1030156,1001195,2025-07-05T09:48:00
1015153,1001195,2025-08-18T10:08:00
1022764,1001195,2025-07-22T07:38:00
1091348,1001195,2025-08-11T04:31:00
1082772,1001195,2025-07-25T04:45:00
1042299,1001195,2025-07-14T10:25:00
1059695,1001195,2025-06-28T13:41:00
1025253,1001195,2025-08-14T00:33:00
1053009,1001195,2025-07-03T04:11:00
1097458,1001195,2025-08-18T06:38:00
1055301,1001196,2025-07-05T05:21:00
1039017,1001196,2025-08-08T06:00:00
1088224,1001196,2025-07-17T07:08:00
1075476,1001196,2025-07-30T14:27:00
1049104,1001196,2025-07-08T12:14:00
1039695,1001196,2025-07-09T07:19:00
1083781,1001196,2025-07-21T01:50:00
1055284,1001196,2025-07-02T13:29:00
1067985,1001196,2025-08-13T11:49:00
1000343,1001196,2025-08-09T07:53:00
1041567,1001196,2025-08-04T09:22:00
1080312,1001196,2025-07-01T06:46:00
1036302,1001196,2025-08-12T00:42:00
1003976,1001196,2025-08-16T01:17:00
1096155,1001196,2025-07-16T10:54:00
1003723,1001196,2025-08-05T03:52:00
1051476,1001196,2025-07-19T06:40:00
1023816,1001196,2025-07-03T13:05:00
1085429,1001196,2025-08-21T10:09:00
1035424,1001196,2025-08-24T12:17:00
1054129,1001197,2025-07-22T02:25:00
1095555,1001197,2025-07-09T13:40:00
1033023,1001197,2025-07-13T14:55:00
1003432,1001197,2025-07-24T01:40:00
1091404,1001197,2025-08-11T06:06:00
1073165,1001197,2025-08-03T09:04:00
1038915,1001197,2025-07-21T05:54:00
1025561,1001197,2025-06-22T08:01:00
1046167,1001197,2025-07-17T12:05:00
1045477,1001197,2025-08-13T10:39:00
1011821,1001197,2025-07-23T01:12:00
1012945,1001197,2025-08-10T05:18:00
1053079,1001197,2025-06-26T06:52:00
1089130,1001197,2025-07-22T08:01:00
1086820,1001197,2025-07-03T05:38:00
1005993,1001197,2025-07-01T11:43:00
1085971,1001197,2025-07-13T11:21:00
1051331,1001197,2025-07-13T07:46:00
1097093,1001197,2025-08-10T02:34:00
1057407,1001197,2025-07-03T04:59:00
1057246,1001197,2025-07-20T04:44:00
1019195,1001197,2025-07-20T02:49:00
1073068,1001197,2025-08-12T05:39:00
1017837,1001197,2025-08-25T22:30:00
1021739,1001197,2025-07-24T01:27:00
1018935,1001197,2025-07-02T06:47:00
1067346,1001197,2025-07-08T15:51:00
1079891,1001197,2025-07-08T07:13:00
1053596,1001198,2025-07-04T11:36:00
1052853,1001198,2025-06-30T07:02:00
1055064,1001198,2025-07-12T04:15:00
1085185,1001198,2025-06-26T05:00:00
1059259,1001198,2025-08-02T03:53:00
1081726,1001198,2025-08-04T06:54:00
1001764,1001198,2025-07-24T04:05:00
1075801,1001198,2025-07-10T04:37:00
1071576,1001198,2025-07-16T01:21:00
1045257,1001198,2025-08-18T08:49:00
1026610,1001198,2025-06-27T09:48:00
1073044,1001198,2025-07-24T09:18:00
1088254,1001198,2025-07-15T14:42:00
1022044,1001198,2025-08-17T07:33:00
1018900,1001198,2025-08-06T03:27:00
1023131,1001198,2025-07-26T11:10:00
1092557,1001198,2025-07-27T07:09:00
1042080,1001198,2025-07-26T07:42:00
1033754,1001198,2025-07-19T01:36:00
1062307,1001198,2025-08-27T05:41:00
1090585,1001198,2025-07-21T08:19:00
1014069,1001198,2025-08-17T01:40:00
1057969,1001198,2025-07-07T04:13:00
1013371,1001198,2025-08-03T07:05:00
1019326,1001199,2025-06-18T07:44:00
1044613,1001199,2025-06-27T09:19:00
1007542,1001199,2025-07-09T06:33:00
1086448,1001199,2025-08-03T07:58:00
1042474,1001199,2025-06-13T06:42:00
1036508,1001199,2025-06-30T05:50:00
1042038,1001199,2025-07-26T05:35:00
1014407,1001199,2025-07-17T06:41:00
1035397,1001199,2025-07-23T07:42:00
1075542,1001199,2025-08-13T09:02:00
1088537,1001199,2025-07-06T05:39:00
1030610,1001199,2025-08-01T11:06:00
1045963,1001199,2025-08-13T14:59:00
1096167,1001199,2025-08-15T07:03:00
1036900,1001199,2025-07-21T09:19:00
1011952,1001199,2025-08-15T07:34:00
1074649,1001199,2025-08-06T22:34:00
1002132,1001199,2025-07-24T08:46:00
1075464,1001199,2025-06-29T06:52:00
1074950,1001199,2025-07-26T07:45:00
1001673,1001199,2025-07-16T02:46:00
1069541,1001199,2025-07-09T06:18:00
1060891,1001199,2025-07-20T11:30:00
1053051,1001199,2025-07-14T10:09:00
1036837,1001199,2025-08-03T10:43:00
1045203,1001199,2025-07-27T08:19:00
1031540,1001199,2025-07-01T05:32:00
1031415,1001199,2025-07-02T12:28:00
1080524,1001199,2025-08-01T04:21:00
1033690,1001199,2025-07-26T04:42:00
