maintenance_id,space_code,reporter_id,facility_id,problem_type,problem_description,start_time,completion_time,maintenance_status,result_note,initial_impact_level,final_impact_level
1000000,DG057,DGU0350,1000447,air-conditioning failure,Generated advisory: partial equipment/comfort issue; space remained usable.,2024-07-05T08:30:00,2024-07-05T11:30:00,completed,Advisory issue resolved after inspection or repair.,advisory,advisory
1000001,DG041,DGFS0018,,network problem,Generated advisory: partial equipment/comfort issue; space remained usable.,2024-12-06T14:30:00,2024-12-06T17:30:00,completed,Advisory issue resolved after inspection or repair.,advisory,advisory
1000002,DG011,DGU0381,,damaged furniture,Generated advisory: partial equipment/comfort issue; space remained usable.,2024-03-23T14:30:00,2024-03-23T17:30:00,completed,Advisory issue resolved after inspection or repair.,advisory,advisory
1000003,DG008,DGU0250,,other,Generated advisory: partial equipment/comfort issue; space remained usable.,2023-10-28T08:00:00,2023-10-28T10:00:00,completed,Advisory issue resolved after inspection or repair.,advisory,advisory
1000004,DG052,DGU0217,,network problem,Generated advisory: partial equipment/comfort issue; space remained usable.,2025-04-01T16:00:00,2025-04-01T18:00:00,completed,Advisory issue resolved after inspection or repair.,advisory,advisory
1000005,DG054,DGFS0013,,other,Generated advisory: partial equipment/comfort issue; space remained usable.,2024-03-15T12:30:00,2024-03-15T14:30:00,completed,Advisory issue resolved after inspection or repair.,advisory,advisory
1000006,DG022,DGU0260,1000177,air-conditioning failure,Generated advisory: partial equipment/comfort issue; space remained usable.,2025-04-02T09:30:00,2025-04-02T11:30:00,completed,Advisory issue resolved after inspection or repair.,advisory,advisory
1000007,DG002,DGU0125,,damaged furniture,Generated advisory: partial equipment/comfort issue; space remained usable.,2023-08-24T11:30:00,2023-08-24T13:30:00,completed,Advisory issue resolved after inspection or repair.,advisory,advisory
1000008,DG013,DGU0322,,other,Generated advisory: partial equipment/comfort issue; space remained usable.,2025-03-27T10:30:00,2025-03-27T12:30:00,completed,Advisory issue resolved after inspection or repair.,advisory,advisory
1000009,DG020,DGU0176,1000148,air-conditioning failure,Generated advisory: partial equipment/comfort issue; space remained usable.,2024-07-30T11:00:00,2024-07-30T13:00:00,completed,Advisory issue resolved after inspection or repair.,advisory,advisory
1000010,DG001,DGFS0024,1000005,air-conditioning failure,Generated advisory: partial equipment/comfort issue; space remained usable.,2023-10-15T07:30:00,2023-10-15T10:00:00,completed,Advisory issue resolved after inspection or repair.,advisory,advisory
1000011,DG032,DGU0394,1000240,broken projector,Generated advisory: partial equipment/comfort issue; space remained usable.,2024-10-30T13:30:00,2024-10-30T15:30:00,completed,Advisory issue resolved after inspection or repair.,advisory,advisory
1000012,DG033,DGU0032,,damaged furniture,Generated advisory: partial equipment/comfort issue; space remained usable.,2024-04-27T11:30:00,2024-04-27T14:30:00,completed,Advisory issue resolved after inspection or repair.,advisory,advisory
1000013,DG020,DGFS0025,,other,Generated advisory: partial equipment/comfort issue; space remained usable.,2023-03-02T12:30:00,2023-03-02T15:30:00,completed,Advisory issue resolved after inspection or repair.,advisory,advisory
1000014,DG007,DGU0049,,other,Generated advisory: partial equipment/comfort issue; space remained usable.,2024-12-07T08:30:00,2024-12-07T11:00:00,completed,Advisory issue resolved after inspection or repair.,advisory,advisory
1000015,DG006,DGU0218,,damaged furniture,Generated advisory: partial equipment/comfort issue; space remained usable.,2022-12-25T11:30:00,2022-12-25T14:30:00,completed,Advisory issue resolved after inspection or repair.,advisory,advisory
1000016,DG018,DGTA0024,,other,Generated advisory: partial equipment/comfort issue; space remained usable.,2024-04-15T15:30:00,2024-04-15T17:30:00,completed,Advisory issue resolved after inspection or repair.,advisory,advisory
1000017,DG017,DGFM0003,,cleaning issue,Generated advisory: partial equipment/comfort issue; space remained usable.,2024-02-07T09:30:00,2024-02-07T12:30:00,completed,Advisory issue resolved after inspection or repair.,advisory,advisory
1000018,DG041,DGU0200,,damaged furniture,Generated advisory: partial equipment/comfort issue; space remained usable.,2023-04-22T15:30:00,2023-04-22T18:30:00,completed,Advisory issue resolved after inspection or repair.,advisory,advisory
1000019,DG047,DGU0165,,network problem,Generated advisory: partial equipment/comfort issue; space remained usable.,2024-10-13T13:30:00,2024-10-13T15:30:00,completed,Advisory issue resolved after inspection or repair.,advisory,advisory
1000020,DG055,DGU0333,,other,Generated advisory: partial equipment/comfort issue; space remained usable.,2023-09-20T08:30:00,2023-09-20T10:30:00,completed,Advisory issue resolved after inspection or repair.,advisory,advisory
1000021,DG004,DGU0102,,other,Generated advisory: partial equipment/comfort issue; space remained usable.,2025-04-27T15:30:00,2025-04-27T18:00:00,completed,Advisory issue resolved after inspection or repair.,advisory,advisory
1000022,DG050,DGU0067,,other,Generated advisory: partial equipment/comfort issue; space remained usable.,2023-07-23T08:30:00,2023-07-23T10:30:00,completed,Advisory issue resolved after inspection or repair.,advisory,advisory
1000023,DG019,DGU0249,,network problem,Generated advisory: partial equipment/comfort issue; space remained usable.,2024-11-25T07:30:00,2024-11-25T09:30:00,completed,Advisory issue resolved after inspection or repair.,advisory,advisory
1000024,DG004,DGU0362,,cleaning issue,Generated advisory: partial equipment/comfort issue; space remained usable.,2025-03-17T12:30:00,2025-03-17T16:30:00,completed,Advisory issue resolved after inspection or repair.,advisory,advisory
1000025,DG045,DGFS0018,,other,Generated advisory: partial equipment/comfort issue; space remained usable.,2025-07-13T07:30:00,2025-07-13T09:30:00,completed,Advisory issue resolved after inspection or repair.,advisory,advisory
1000026,DG012,DGU0017,,other,Generated advisory: partial equipment/comfort issue; space remained usable.,2024-07-30T11:30:00,2024-07-30T14:30:00,completed,Advisory issue resolved after inspection or repair.,advisory,advisory
1000027,DG038,DGU0263,,damaged furniture,Generated advisory: partial equipment/comfort issue; space remained usable.,2024-05-28T09:00:00,2024-05-28T12:00:00,completed,Advisory issue resolved after inspection or repair.,advisory,advisory
1000028,DG041,DGL0017,,cleaning issue,Generated advisory: partial equipment/comfort issue; space remained usable.,2025-06-12T08:30:00,2025-06-12T10:30:00,completed,Advisory issue resolved after inspection or repair.,advisory,advisory
1000029,DG027,DGL0024,,other,Generated advisory: partial equipment/comfort issue; space remained usable.,2022-11-10T12:30:00,2022-11-10T14:30:00,completed,Advisory issue resolved after inspection or repair.,advisory,advisory
1000030,DG015,DGU0025,,network problem,Generated advisory: partial equipment/comfort issue; space remained usable.,2024-03-03T16:00:00,2024-03-03T18:00:00,completed,Advisory issue resolved after inspection or repair.,advisory,advisory
1000031,DG051,DGU0376,1000397,air-conditioning failure,Generated advisory: partial equipment/comfort issue; space remained usable.,2022-10-07T12:30:00,2022-10-07T14:30:00,completed,Advisory issue resolved after inspection or repair.,advisory,advisory
1000032,DG016,DGL0033,1000132,air-conditioning failure,Generated advisory: partial equipment/comfort issue; space remained usable.,2024-02-17T16:30:00,2024-02-17T18:30:00,completed,Advisory issue resolved after inspection or repair.,advisory,advisory
1000033,DG050,DGU0394,1000383,air-conditioning failure,Generated advisory: partial equipment/comfort issue; space remained usable.,2025-08-31T07:30:00,2025-08-31T09:30:00,completed,Advisory issue resolved after inspection or repair.,advisory,advisory
1000034,DG008,DGU0138,1000050,broken projector,Generated advisory: partial equipment/comfort issue; space remained usable.,2023-12-12T15:30:00,2023-12-12T17:30:00,completed,Advisory issue resolved after inspection or repair.,advisory,advisory
1000035,DG045,DGU0168,,cleaning issue,Generated advisory: partial equipment/comfort issue; space remained usable.,2024-10-15T11:30:00,2024-10-15T14:30:00,completed,Advisory issue resolved after inspection or repair.,advisory,advisory
1000036,DG019,DGU0164,,damaged furniture,Generated advisory: partial equipment/comfort issue; space remained usable.,2025-02-04T16:00:00,2025-02-04T18:30:00,completed,Advisory issue resolved after inspection or repair.,advisory,advisory
1000037,DG004,DGU0239,,damaged furniture,Generated advisory: partial equipment/comfort issue; space remained usable.,2024-10-30T11:00:00,2024-10-30T13:00:00,completed,Advisory issue resolved after inspection or repair.,advisory,advisory
1000038,DG020,DGFS0007,,cleaning issue,Generated advisory: partial equipment/comfort issue; space remained usable.,2023-09-26T08:30:00,2023-09-26T10:30:00,completed,Advisory issue resolved after inspection or repair.,advisory,advisory
1000039,DG005,DGTA0004,,other,Generated advisory: partial equipment/comfort issue; space remained usable.,2023-07-31T12:30:00,2023-07-31T15:30:00,completed,Advisory issue resolved after inspection or repair.,advisory,advisory
1000040,DG018,DGTA0022,1000140,air-conditioning failure,Generated advisory: partial equipment/comfort issue; space remained usable.,2024-07-13T07:30:00,2024-07-13T09:30:00,completed,Advisory issue resolved after inspection or repair.,advisory,advisory
1000041,DG021,DGU0201,,network problem,Generated advisory: partial equipment/comfort issue; space remained usable.,2024-03-21T12:00:00,2024-03-21T15:00:00,completed,Advisory issue resolved after inspection or repair.,advisory,advisory
1000042,DG022,DGU0270,,cleaning issue,Generated advisory: partial equipment/comfort issue; space remained usable.,2022-12-18T11:30:00,2022-12-18T13:30:00,completed,Advisory issue resolved after inspection or repair.,advisory,advisory
1000043,DG031,DGFS0020,1000239,air-conditioning failure,Generated advisory: partial equipment/comfort issue; space remained usable.,2023-12-01T09:30:00,2023-12-01T11:30:00,completed,Advisory issue resolved after inspection or repair.,advisory,advisory
1000044,DG036,DGU0003,,other,Generated advisory: partial equipment/comfort issue; space remained usable.,2024-04-03T15:00:00,2024-04-03T18:00:00,completed,Advisory issue resolved after inspection or repair.,advisory,advisory
1000045,DG059,DGU0072,,cleaning issue,Generated advisory: partial equipment/comfort issue; space remained usable.,2025-01-09T11:30:00,2025-01-09T15:30:00,completed,Advisory issue resolved after inspection or repair.,advisory,advisory
1000046,DG020,DGU0042,1000148,air-conditioning failure,Generated advisory: partial equipment/comfort issue; space remained usable.,2024-11-10T10:30:00,2024-11-10T12:30:00,completed,Advisory issue resolved after inspection or repair.,advisory,advisory
1000047,DG057,DGU0226,1000446,broken projector,Generated advisory: partial equipment/comfort issue; space remained usable.,2024-08-09T11:30:00,2024-08-09T14:30:00,completed,Advisory issue resolved after inspection or repair.,advisory,advisory
1000048,DG035,DGFM0004,,other,Generated advisory: partial equipment/comfort issue; space remained usable.,2025-02-25T16:30:00,2025-02-25T18:30:00,completed,Advisory issue resolved after inspection or repair.,advisory,advisory
1000049,DG056,DGU0092,1000434,air-conditioning failure,Generated advisory: partial equipment/comfort issue; space remained usable.,2023-09-17T14:30:00,2023-09-17T16:30:00,completed,Advisory issue resolved after inspection or repair.,advisory,advisory
1000050,DG052,DGTA0007,,other,Generated advisory: partial equipment/comfort issue; space remained usable.,2023-10-25T11:30:00,2023-10-25T14:30:00,completed,Advisory issue resolved after inspection or repair.,advisory,advisory
1000051,DG051,DGU0374,1000396,broken projector,Generated advisory: partial equipment/comfort issue; space remained usable.,2022-12-20T11:00:00,2022-12-20T14:00:00,completed,Advisory issue resolved after inspection or repair.,advisory,advisory
1000052,DG053,DGU0186,1000420,air-conditioning failure,Generated advisory: partial equipment/comfort issue; space remained usable.,2025-03-30T07:30:00,2025-03-30T11:30:00,completed,Advisory issue resolved after inspection or repair.,advisory,advisory
1000053,DG058,DGU0113,,other,Generated advisory: partial equipment/comfort issue; space remained usable.,2024-04-28T07:30:00,2024-04-28T10:30:00,completed,Advisory issue resolved after inspection or repair.,advisory,advisory
1000054,DG010,DGU0307,1000083,air-conditioning failure,Generated advisory: partial equipment/comfort issue; space remained usable.,2023-04-25T11:00:00,2023-04-25T13:00:00,completed,Advisory issue resolved after inspection or repair.,advisory,advisory
1000055,DG054,DGU0365,,network problem,Generated advisory: partial equipment/comfort issue; space remained usable.,2024-07-06T12:30:00,2024-07-06T14:30:00,completed,Advisory issue resolved after inspection or repair.,advisory,advisory
1000056,DG013,DGU0032,,other,Generated advisory: partial equipment/comfort issue; space remained usable.,2023-11-22T10:30:00,2023-11-22T13:00:00,completed,Advisory issue resolved after inspection or repair.,advisory,advisory
1000057,DG012,DGU0225,1000090,broken projector,Generated advisory: partial equipment/comfort issue; space remained usable.,2023-04-14T08:30:00,2023-04-14T11:00:00,completed,Advisory issue resolved after inspection or repair.,advisory,advisory
1000058,DG003,DGFS0016,,cleaning issue,Generated advisory: partial equipment/comfort issue; space remained usable.,2025-03-08T11:30:00,2025-03-08T13:30:00,completed,Advisory issue resolved after inspection or repair.,advisory,advisory
1000059,DG059,DGU0155,,network problem,Generated advisory: partial equipment/comfort issue; space remained usable.,2024-09-27T11:30:00,2024-09-27T13:30:00,completed,Advisory issue resolved after inspection or repair.,advisory,advisory
1000060,DG036,DGU0027,,other,Generated advisory: partial equipment/comfort issue; space remained usable.,2025-01-03T10:30:00,2025-01-03T12:30:00,completed,Advisory issue resolved after inspection or repair.,advisory,advisory
1000061,DG041,DGL0012,,cleaning issue,Generated advisory: partial equipment/comfort issue; space remained usable.,2023-10-01T12:30:00,2023-10-01T15:30:00,completed,Advisory issue resolved after inspection or repair.,advisory,advisory
1000062,DG025,DGU0203,1000191,air-conditioning failure,Generated advisory: partial equipment/comfort issue; space remained usable.,2023-03-27T11:00:00,2023-03-27T14:00:00,completed,Advisory issue resolved after inspection or repair.,advisory,advisory
1000063,DG009,DGU0161,,other,Generated advisory: partial equipment/comfort issue; space remained usable.,2023-10-10T11:30:00,2023-10-10T13:30:00,completed,Advisory issue resolved after inspection or repair.,advisory,advisory
1000064,DG053,DGU0232,,network problem,Generated advisory: partial equipment/comfort issue; space remained usable.,2023-07-31T09:30:00,2023-07-31T13:30:00,completed,Advisory issue resolved after inspection or repair.,advisory,advisory
1000065,DG038,DGU0162,,cleaning issue,Generated advisory: partial equipment/comfort issue; space remained usable.,2024-03-16T11:30:00,2024-03-16T14:30:00,completed,Advisory issue resolved after inspection or repair.,advisory,advisory
1000066,DG014,DGL0013,1000100,air-conditioning failure,Generated advisory: partial equipment/comfort issue; space remained usable.,2023-06-05T11:30:00,2023-06-05T13:30:00,completed,Advisory issue resolved after inspection or repair.,advisory,advisory
1000067,DG020,DGU0304,1000148,air-conditioning failure,Generated advisory: partial equipment/comfort issue; space remained usable.,2024-08-14T13:00:00,2024-08-14T15:00:00,completed,Advisory issue resolved after inspection or repair.,advisory,advisory
1000068,DG018,DGFS0013,,other,Generated advisory: partial equipment/comfort issue; space remained usable.,2025-06-03T10:30:00,2025-06-03T12:30:00,completed,Advisory issue resolved after inspection or repair.,advisory,advisory
1000069,DG056,DGFS0024,,network problem,Generated advisory: partial equipment/comfort issue; space remained usable.,2023-01-02T16:00:00,2023-01-02T18:30:00,completed,Advisory issue resolved after inspection or repair.,advisory,advisory
1000070,DG047,DGU0208,1000370,broken projector,Generated advisory: partial equipment/comfort issue; space remained usable.,2023-10-11T12:30:00,2023-10-11T14:30:00,completed,Advisory issue resolved after inspection or repair.,advisory,advisory
1000071,DG026,DGU0372,1000193,broken projector,Generated advisory: partial equipment/comfort issue; space remained usable.,2023-06-17T13:30:00,2023-06-17T15:30:00,completed,Advisory issue resolved after inspection or repair.,advisory,advisory
1000072,DG027,DGU0338,,other,Generated advisory: partial equipment/comfort issue; space remained usable.,2024-11-30T15:00:00,2024-11-30T18:00:00,completed,Advisory issue resolved after inspection or repair.,advisory,advisory
1000073,DG022,DGL0015,1000177,air-conditioning failure,Generated advisory: partial equipment/comfort issue; space remained usable.,2022-12-05T12:30:00,2022-12-05T14:30:00,completed,Advisory issue resolved after inspection or repair.,advisory,advisory
1000074,DG033,DGFM0003,,damaged furniture,Generated advisory: partial equipment/comfort issue; space remained usable.,2024-06-30T14:30:00,2024-06-30T17:00:00,completed,Advisory issue resolved after inspection or repair.,advisory,advisory
1000075,DG034,DGFS0022,,network problem,Generated advisory: partial equipment/comfort issue; space remained usable.,2023-06-09T15:00:00,2023-06-09T17:30:00,completed,Advisory issue resolved after inspection or repair.,advisory,advisory
1000076,DG047,DGU0328,,other,Generated advisory: partial equipment/comfort issue; space remained usable.,2024-02-15T13:30:00,2024-02-15T15:30:00,completed,Advisory issue resolved after inspection or repair.,advisory,advisory
1000077,DG047,DGU0350,1000370,broken projector,Generated advisory: partial equipment/comfort issue; space remained usable.,2024-03-29T09:30:00,2024-03-29T11:30:00,completed,Advisory issue resolved after inspection or repair.,advisory,advisory
1000078,DG036,DGFS0007,1000277,air-conditioning failure,Generated advisory: partial equipment/comfort issue; space remained usable.,2023-01-23T10:30:00,2023-01-23T13:30:00,completed,Advisory issue resolved after inspection or repair.,advisory,advisory
1000079,DG034,DGU0391,,network problem,Generated advisory: partial equipment/comfort issue; space remained usable.,2025-01-05T12:30:00,2025-01-05T14:30:00,completed,Advisory issue resolved after inspection or repair.,advisory,advisory
1000080,DG054,DGU0185,,network problem,Generated advisory: partial equipment/comfort issue; space remained usable.,2024-06-02T13:30:00,2024-06-02T16:30:00,completed,Advisory issue resolved after inspection or repair.,advisory,advisory
1000081,DG030,DGU0080,,damaged furniture,Generated advisory: partial equipment/comfort issue; space remained usable.,2023-08-29T12:30:00,2023-08-29T16:30:00,completed,Advisory issue resolved after inspection or repair.,advisory,advisory
1000082,DG009,DGU0330,1000068,broken projector,Generated advisory: partial equipment/comfort issue; space remained usable.,2023-10-31T07:30:00,2023-10-31T10:30:00,completed,Advisory issue resolved after inspection or repair.,advisory,advisory
1000083,DG021,DGFS0012,,damaged furniture,Generated advisory: partial equipment/comfort issue; space remained usable.,2022-10-30T14:30:00,2022-10-30T16:30:00,completed,Advisory issue resolved after inspection or repair.,advisory,advisory
1000084,DG056,DGU0073,,damaged furniture,Generated advisory: partial equipment/comfort issue; space remained usable.,2023-02-01T11:30:00,2023-02-01T13:30:00,completed,Advisory issue resolved after inspection or repair.,advisory,advisory
1000085,DG001,DGFS0019,1000005,air-conditioning failure,Generated advisory: partial equipment/comfort issue; space remained usable.,2024-12-14T16:30:00,2024-12-14T18:30:00,completed,Advisory issue resolved after inspection or repair.,advisory,advisory
1000086,DG053,DGFS0019,1000420,air-conditioning failure,Generated advisory: partial equipment/comfort issue; space remained usable.,2023-10-15T10:00:00,2023-10-15T12:30:00,completed,Advisory issue resolved after inspection or repair.,advisory,advisory
1000087,DG018,DGU0164,,cleaning issue,Generated advisory: partial equipment/comfort issue; space remained usable.,2024-11-06T09:30:00,2024-11-06T11:30:00,completed,Advisory issue resolved after inspection or repair.,advisory,advisory
1000088,DG032,DGFS0018,1000242,air-conditioning failure,Generated advisory: partial equipment/comfort issue; space remained usable.,2025-04-27T09:00:00,2025-04-27T11:00:00,completed,Advisory issue resolved after inspection or repair.,advisory,advisory
1000089,DG042,DGU0322,,damaged furniture,Generated advisory: partial equipment/comfort issue; space remained usable.,2025-01-04T15:30:00,2025-01-04T17:30:00,completed,Advisory issue resolved after inspection or repair.,advisory,advisory
1000090,DG057,DGU0386,1000447,air-conditioning failure,Generated advisory: partial equipment/comfort issue; space remained usable.,2024-11-09T12:00:00,2024-11-09T14:00:00,completed,Advisory issue resolved after inspection or repair.,advisory,advisory
1000091,DG028,DGFS0020,,network problem,Generated advisory: partial equipment/comfort issue; space remained usable.,2022-11-27T14:30:00,2022-11-27T17:30:00,completed,Advisory issue resolved after inspection or repair.,advisory,advisory
1000092,DG021,DGU0178,,other,Generated advisory: partial equipment/comfort issue; space remained usable.,2025-07-07T08:30:00,2025-07-07T10:30:00,completed,Advisory issue resolved after inspection or repair.,advisory,advisory
1000093,DG055,DGU0049,1000425,broken projector,Generated advisory: partial equipment/comfort issue; space remained usable.,2023-04-23T14:30:00,2023-04-23T17:30:00,completed,Advisory issue resolved after inspection or repair.,advisory,advisory
1000094,DG021,DGU0071,,network problem,Generated advisory: partial equipment/comfort issue; space remained usable.,2023-09-25T11:30:00,2023-09-25T14:30:00,completed,Advisory issue resolved after inspection or repair.,advisory,advisory
1000095,DG015,DGU0088,1000118,air-conditioning failure,Generated advisory: partial equipment/comfort issue; space remained usable.,2025-07-01T12:00:00,2025-07-01T15:00:00,completed,Advisory issue resolved after inspection or repair.,advisory,advisory
1000096,DG054,DGU0319,,network problem,Generated advisory: partial equipment/comfort issue; space remained usable.,2023-03-27T11:00:00,2023-03-27T14:00:00,completed,Advisory issue resolved after inspection or repair.,advisory,advisory
1000097,DG011,DGL0032,,other,Generated advisory: partial equipment/comfort issue; space remained usable.,2022-11-27T14:30:00,2022-11-27T16:30:00,completed,Advisory issue resolved after inspection or repair.,advisory,advisory
1000098,DG007,DGU0150,1000047,air-conditioning failure,Generated advisory: partial equipment/comfort issue; space remained usable.,2023-01-15T11:00:00,2023-01-15T13:00:00,completed,Advisory issue resolved after inspection or repair.,advisory,advisory
1000099,DG051,DGFM0003,1000396,broken projector,Generated advisory: partial equipment/comfort issue; space remained usable.,2025-01-09T16:30:00,2025-01-09T18:30:00,completed,Advisory issue resolved after inspection or repair.,advisory,advisory
1000100,DG049,DGFS0006,,other,Generated advisory: partial equipment/comfort issue; space remained usable.,2023-09-14T11:30:00,2023-09-14T13:30:00,completed,Advisory issue resolved after inspection or repair.,advisory,advisory
1000101,DG053,DGU0334,,damaged furniture,Generated advisory: partial equipment/comfort issue; space remained usable.,2024-12-15T12:30:00,2024-12-15T14:30:00,completed,Advisory issue resolved after inspection or repair.,advisory,advisory
1000102,DG041,DGU0186,,damaged furniture,Generated advisory: partial equipment/comfort issue; space remained usable.,2024-12-01T10:30:00,2024-12-01T13:30:00,completed,Advisory issue resolved after inspection or repair.,advisory,advisory
1000103,DG020,DGL0027,1000148,air-conditioning failure,Generated advisory: partial equipment/comfort issue; space remained usable.,2023-05-05T10:30:00,2023-05-05T12:30:00,completed,Advisory issue resolved after inspection or repair.,advisory,advisory
1000104,DG029,DGFS0010,,other,Generated advisory: partial equipment/comfort issue; space remained usable.,2025-01-02T16:00:00,2025-01-02T18:00:00,completed,Advisory issue resolved after inspection or repair.,advisory,advisory
1000105,DG005,DGU0164,,other,Generated advisory: partial equipment/comfort issue; space remained usable.,2023-10-12T07:30:00,2023-10-12T11:30:00,completed,Advisory issue resolved after inspection or repair.,advisory,advisory
1000106,DG046,DGFS0014,1000365,air-conditioning failure,Generated advisory: partial equipment/comfort issue; space remained usable.,2024-08-12T10:30:00,2024-08-12T12:30:00,completed,Advisory issue resolved after inspection or repair.,advisory,advisory
1000107,DG003,DGU0377,,other,Generated advisory: partial equipment/comfort issue; space remained usable.,2024-01-25T08:30:00,2024-01-25T11:30:00,completed,Advisory issue resolved after inspection or repair.,advisory,advisory
1000108,DG005,DGU0073,,other,Generated advisory: partial equipment/comfort issue; space remained usable.,2025-05-25T08:30:00,2025-05-25T11:30:00,completed,Advisory issue resolved after inspection or repair.,advisory,advisory
1000109,DG021,DGU0298,1000160,broken projector,Generated advisory: partial equipment/comfort issue; space remained usable.,2022-11-15T12:30:00,2022-11-15T14:30:00,completed,Advisory issue resolved after inspection or repair.,advisory,advisory
1000110,DG032,DGU0225,1000242,air-conditioning failure,Generated advisory: partial equipment/comfort issue; space remained usable.,2023-04-28T11:30:00,2023-04-28T13:30:00,completed,Advisory issue resolved after inspection or repair.,advisory,advisory
1000111,DG040,DGTA0014,,cleaning issue,Generated advisory: partial equipment/comfort issue; space remained usable.,2025-01-11T15:30:00,2025-01-11T18:30:00,completed,Advisory issue resolved after inspection or repair.,advisory,advisory
1000112,DG045,DGL0020,1000347,broken projector,Generated advisory: partial equipment/comfort issue; space remained usable.,2023-01-18T09:00:00,2023-01-18T11:30:00,completed,Advisory issue resolved after inspection or repair.,advisory,advisory
1000113,DG010,DGFS0014,,other,Generated advisory: partial equipment/comfort issue; space remained usable.,2025-06-03T13:00:00,2025-06-03T15:30:00,completed,Advisory issue resolved after inspection or repair.,advisory,advisory
1000114,DG024,DGU0170,,cleaning issue,Generated advisory: partial equipment/comfort issue; space remained usable.,2024-03-19T15:30:00,2024-03-19T18:30:00,completed,Advisory issue resolved after inspection or repair.,advisory,advisory
1000115,DG047,DGFS0022,,network problem,Generated advisory: partial equipment/comfort issue; space remained usable.,2024-04-07T14:30:00,2024-04-07T17:30:00,completed,Advisory issue resolved after inspection or repair.,advisory,advisory
1000116,DG020,DGU0003,,other,Generated advisory: partial equipment/comfort issue; space remained usable.,2024-04-27T12:30:00,2024-04-27T15:00:00,completed,Advisory issue resolved after inspection or repair.,advisory,advisory
1000117,DG028,DGU0360,,damaged furniture,Generated advisory: partial equipment/comfort issue; space remained usable.,2025-08-21T15:30:00,2025-08-21T17:30:00,completed,Advisory issue resolved after inspection or repair.,advisory,advisory
1000118,DG006,DGFS0010,,damaged furniture,Generated advisory: partial equipment/comfort issue; space remained usable.,2025-07-06T12:30:00,2025-07-06T14:30:00,completed,Advisory issue resolved after inspection or repair.,advisory,advisory
1000119,DG027,DGU0238,,cleaning issue,Generated advisory: partial equipment/comfort issue; space remained usable.,2025-06-08T14:30:00,2025-06-08T17:30:00,completed,Advisory issue resolved after inspection or repair.,advisory,advisory
1000120,DG037,DGFS0024,1000278,broken projector,Generated advisory: partial equipment/comfort issue; space remained usable.,2023-10-05T08:30:00,2023-10-05T11:30:00,completed,Advisory issue resolved after inspection or repair.,advisory,advisory
1000121,DG028,DGU0079,,damaged furniture,Generated advisory: partial equipment/comfort issue; space remained usable.,2023-05-18T10:30:00,2023-05-18T12:30:00,completed,Advisory issue resolved after inspection or repair.,advisory,advisory
1000122,DG031,DGU0350,,cleaning issue,Generated advisory: partial equipment/comfort issue; space remained usable.,2025-01-28T10:00:00,2025-01-28T12:00:00,completed,Advisory issue resolved after inspection or repair.,advisory,advisory
1000123,DG024,DGFS0018,,network problem,Generated advisory: partial equipment/comfort issue; space remained usable.,2024-06-21T13:00:00,2024-06-21T16:00:00,completed,Advisory issue resolved after inspection or repair.,advisory,advisory
1000124,DG032,DGU0333,,network problem,Generated advisory: partial equipment/comfort issue; space remained usable.,2022-12-12T09:30:00,2022-12-12T11:30:00,completed,Advisory issue resolved after inspection or repair.,advisory,advisory
1000125,DG009,DGFM0001,1000068,broken projector,Generated advisory: partial equipment/comfort issue; space remained usable.,2022-11-27T09:30:00,2022-11-27T11:30:00,completed,Advisory issue resolved after inspection or repair.,advisory,advisory
1000126,DG030,DGU0240,,cleaning issue,Generated advisory: partial equipment/comfort issue; space remained usable.,2023-08-21T08:30:00,2023-08-21T11:30:00,completed,Advisory issue resolved after inspection or repair.,advisory,advisory
1000127,DG041,DGTA0021,,cleaning issue,Generated advisory: partial equipment/comfort issue; space remained usable.,2022-11-28T09:30:00,2022-11-28T11:30:00,completed,Advisory issue resolved after inspection or repair.,advisory,advisory
1000128,DG058,DGU0160,1000465,air-conditioning failure,Generated advisory: partial equipment/comfort issue; space remained usable.,2024-06-25T13:30:00,2024-06-25T17:30:00,completed,Advisory issue resolved after inspection or repair.,advisory,advisory
1000129,DG039,DGFS0002,,network problem,Generated advisory: partial equipment/comfort issue; space remained usable.,2024-10-09T12:30:00,2024-10-09T14:30:00,completed,Advisory issue resolved after inspection or repair.,advisory,advisory
1000130,DG001,DGU0041,,damaged furniture,Generated advisory: partial equipment/comfort issue; space remained usable.,2023-04-04T15:30:00,2023-04-04T17:30:00,completed,Advisory issue resolved after inspection or repair.,advisory,advisory
1000131,DG016,DGFS0021,1000134,broken projector,Generated advisory: partial equipment/comfort issue; space remained usable.,2024-01-20T16:30:00,2024-01-20T18:30:00,completed,Advisory issue resolved after inspection or repair.,advisory,advisory
1000132,DG047,DGU0108,,other,Generated advisory: partial equipment/comfort issue; space remained usable.,2024-11-23T11:30:00,2024-11-23T15:30:00,completed,Advisory issue resolved after inspection or repair.,advisory,advisory
1000133,DG004,DGL0014,,other,Generated advisory: partial equipment/comfort issue; space remained usable.,2023-01-06T09:00:00,2023-01-06T11:00:00,completed,Advisory issue resolved after inspection or repair.,advisory,advisory
1000134,DG002,DGU0155,,damaged furniture,Generated advisory: partial equipment/comfort issue; space remained usable.,2024-02-07T08:30:00,2024-02-07T10:30:00,completed,Advisory issue resolved after inspection or repair.,advisory,advisory
1000135,DG027,DGU0372,,network problem,Generated advisory: partial equipment/comfort issue; space remained usable.,2024-11-20T14:00:00,2024-11-20T16:30:00,completed,Advisory issue resolved after inspection or repair.,advisory,advisory
1000136,DG010,DGTA0006,,other,Generated advisory: partial equipment/comfort issue; space remained usable.,2022-09-15T14:00:00,2022-09-15T16:00:00,completed,Advisory issue resolved after inspection or repair.,advisory,advisory
1000137,DG008,DGU0318,1000052,air-conditioning failure,Generated advisory: partial equipment/comfort issue; space remained usable.,2024-08-22T12:30:00,2024-08-22T15:30:00,completed,Advisory issue resolved after inspection or repair.,advisory,advisory
1000138,DG048,DGU0154,,other,Generated advisory: partial equipment/comfort issue; space remained usable.,2024-08-09T07:30:00,2024-08-09T09:30:00,completed,Advisory issue resolved after inspection or repair.,advisory,advisory
1000139,DG033,DGU0261,,other,Generated advisory: partial equipment/comfort issue; space remained usable.,2023-03-02T15:00:00,2023-03-02T17:00:00,completed,Advisory issue resolved after inspection or repair.,advisory,advisory
1000140,DG025,DGU0270,,damaged furniture,Generated advisory: partial equipment/comfort issue; space remained usable.,2023-08-25T08:30:00,2023-08-25T10:30:00,completed,Advisory issue resolved after inspection or repair.,advisory,advisory
1000141,DG038,DGL0015,,network problem,Generated advisory: partial equipment/comfort issue; space remained usable.,2025-01-07T11:30:00,2025-01-07T14:30:00,completed,Advisory issue resolved after inspection or repair.,advisory,advisory
1000142,DG006,DGU0316,1000042,broken projector,Generated advisory: partial equipment/comfort issue; space remained usable.,2023-03-22T11:30:00,2023-03-22T13:30:00,completed,Advisory issue resolved after inspection or repair.,advisory,advisory
1000143,DG007,DGTA0001,1000047,air-conditioning failure,Generated advisory: partial equipment/comfort issue; space remained usable.,2023-05-25T08:30:00,2023-05-25T10:30:00,completed,Advisory issue resolved after inspection or repair.,advisory,advisory
1000144,DG026,DGU0207,,network problem,Generated advisory: partial equipment/comfort issue; space remained usable.,2023-01-26T15:30:00,2023-01-26T17:30:00,completed,Advisory issue resolved after inspection or repair.,advisory,advisory
1000145,DG028,DGFS0019,,network problem,Generated advisory: partial equipment/comfort issue; space remained usable.,2022-12-08T11:30:00,2022-12-08T15:30:00,completed,Advisory issue resolved after inspection or repair.,advisory,advisory
1000146,DG013,DGU0316,1000091,broken projector,Generated advisory: partial equipment/comfort issue; space remained usable.,2025-03-25T09:30:00,2025-03-25T11:30:00,completed,Advisory issue resolved after inspection or repair.,advisory,advisory
1000147,DG025,DGU0062,1000191,air-conditioning failure,Generated advisory: partial equipment/comfort issue; space remained usable.,2023-03-07T08:30:00,2023-03-07T10:30:00,completed,Advisory issue resolved after inspection or repair.,advisory,advisory
1000148,DG058,DGU0214,1000467,broken projector,Generated advisory: partial equipment/comfort issue; space remained usable.,2024-03-07T09:30:00,2024-03-07T13:30:00,completed,Advisory issue resolved after inspection or repair.,advisory,advisory
1000149,DG013,DGU0246,,other,Generated advisory: partial equipment/comfort issue; space remained usable.,2024-06-09T12:30:00,2024-06-09T15:00:00,completed,Advisory issue resolved after inspection or repair.,advisory,advisory
1000150,DG060,DGU0394,,cleaning issue,Generated advisory: partial equipment/comfort issue; space remained usable.,2023-01-22T09:30:00,2023-01-22T11:30:00,completed,Advisory issue resolved after inspection or repair.,advisory,advisory
1000151,DG023,DGTA0003,,other,Generated advisory: partial equipment/comfort issue; space remained usable.,2024-03-16T13:30:00,2024-03-16T15:30:00,completed,Advisory issue resolved after inspection or repair.,advisory,advisory
1000152,DG059,DGU0252,,damaged furniture,Generated advisory: partial equipment/comfort issue; space remained usable.,2024-04-24T08:30:00,2024-04-24T11:00:00,completed,Advisory issue resolved after inspection or repair.,advisory,advisory
1000153,DG036,DGU0252,1000277,air-conditioning failure,Generated advisory: partial equipment/comfort issue; space remained usable.,2025-04-16T15:30:00,2025-04-16T18:30:00,completed,Advisory issue resolved after inspection or repair.,advisory,advisory
1000154,DG051,DGU0327,1000397,air-conditioning failure,Generated advisory: partial equipment/comfort issue; space remained usable.,2022-12-29T12:30:00,2022-12-29T15:00:00,completed,Advisory issue resolved after inspection or repair.,advisory,advisory
1000155,DG004,DGU0144,1000034,air-conditioning failure,Generated advisory: partial equipment/comfort issue; space remained usable.,2023-08-25T14:00:00,2023-08-25T17:00:00,completed,Advisory issue resolved after inspection or repair.,advisory,advisory
1000156,DG020,DGFM0004,,damaged furniture,Generated advisory: partial equipment/comfort issue; space remained usable.,2023-12-26T16:30:00,2023-12-26T18:30:00,completed,Advisory issue resolved after inspection or repair.,advisory,advisory
1000157,DG051,DGFM0002,,network problem,Generated advisory: partial equipment/comfort issue; space remained usable.,2024-01-21T13:00:00,2024-01-21T15:00:00,completed,Advisory issue resolved after inspection or repair.,advisory,advisory
1000158,DG045,DGFS0009,,damaged furniture,Generated advisory: partial equipment/comfort issue; space remained usable.,2023-12-23T14:30:00,2023-12-23T16:30:00,completed,Advisory issue resolved after inspection or repair.,advisory,advisory
1000159,DG038,DGU0172,,cleaning issue,Generated advisory: partial equipment/comfort issue; space remained usable.,2025-06-10T11:30:00,2025-06-10T14:30:00,completed,Advisory issue resolved after inspection or repair.,advisory,advisory
1000160,DG047,DGU0231,1000368,air-conditioning failure,Generated advisory: partial equipment/comfort issue; space remained usable.,2024-07-14T15:30:00,2024-07-14T17:30:00,completed,Advisory issue resolved after inspection or repair.,advisory,advisory
1000161,DG037,DGU0267,,other,Generated advisory: partial equipment/comfort issue; space remained usable.,2024-12-11T11:30:00,2024-12-11T14:30:00,completed,Advisory issue resolved after inspection or repair.,advisory,advisory
1000162,DG022,DGU0065,,cleaning issue,Generated advisory: partial equipment/comfort issue; space remained usable.,2024-03-15T12:30:00,2024-03-15T15:30:00,completed,Advisory issue resolved after inspection or repair.,advisory,advisory
1000163,DG042,DGFS0013,,network problem,Generated advisory: partial equipment/comfort issue; space remained usable.,2024-09-13T13:30:00,2024-09-13T15:30:00,completed,Advisory issue resolved after inspection or repair.,advisory,advisory
1000164,DG010,DGFS0015,,other,Generated advisory: partial equipment/comfort issue; space remained usable.,2023-03-09T15:00:00,2023-03-09T17:00:00,completed,Advisory issue resolved after inspection or repair.,advisory,advisory
1000165,DG053,DGU0196,,damaged furniture,Generated advisory: partial equipment/comfort issue; space remained usable.,2024-03-27T13:00:00,2024-03-27T15:30:00,completed,Advisory issue resolved after inspection or repair.,advisory,advisory
1000166,DG033,DGU0208,1000253,broken projector,Generated advisory: partial equipment/comfort issue; space remained usable.,2025-01-09T09:30:00,2025-01-09T12:30:00,completed,Advisory issue resolved after inspection or repair.,advisory,advisory
1000167,DG060,DGU0374,,network problem,Generated advisory: partial equipment/comfort issue; space remained usable.,2025-08-24T08:00:00,2025-08-24T11:00:00,completed,Advisory issue resolved after inspection or repair.,advisory,advisory
1000168,DG011,DGU0099,,other,Generated advisory: partial equipment/comfort issue; space remained usable.,2023-08-30T08:30:00,2023-08-30T11:30:00,completed,Advisory issue resolved after inspection or repair.,advisory,advisory
1000169,DG031,DGU0021,,damaged furniture,Generated advisory: partial equipment/comfort issue; space remained usable.,2024-12-10T16:30:00,2024-12-10T18:30:00,completed,Advisory issue resolved after inspection or repair.,advisory,advisory
1000170,DG037,DGFS0005,1000283,air-conditioning failure,Generated advisory: partial equipment/comfort issue; space remained usable.,2023-10-30T14:00:00,2023-10-30T17:00:00,completed,Advisory issue resolved after inspection or repair.,advisory,advisory
1000171,DG042,DGTA0017,,cleaning issue,Generated advisory: partial equipment/comfort issue; space remained usable.,2024-02-23T14:30:00,2024-02-23T16:30:00,completed,Advisory issue resolved after inspection or repair.,advisory,advisory
1000172,DG054,DGU0011,,other,Generated advisory: partial equipment/comfort issue; space remained usable.,2022-10-05T13:30:00,2022-10-05T15:30:00,completed,Advisory issue resolved after inspection or repair.,advisory,advisory
1000173,DG051,DGL0029,1000396,broken projector,Generated advisory: partial equipment/comfort issue; space remained usable.,2024-05-20T07:30:00,2024-05-20T10:00:00,completed,Advisory issue resolved after inspection or repair.,advisory,advisory
1000174,DG055,DGU0013,1000425,broken projector,Generated advisory: partial equipment/comfort issue; space remained usable.,2023-09-05T10:30:00,2023-09-05T12:30:00,completed,Advisory issue resolved after inspection or repair.,advisory,advisory
1000175,DG045,DGTA0006,1000347,broken projector,Generated advisory: partial equipment/comfort issue; space remained usable.,2022-11-19T12:30:00,2022-11-19T14:30:00,completed,Advisory issue resolved after inspection or repair.,advisory,advisory
1000176,DG052,DGU0067,,damaged furniture,Generated advisory: partial equipment/comfort issue; space remained usable.,2024-04-19T09:00:00,2024-04-19T12:00:00,completed,Advisory issue resolved after inspection or repair.,advisory,advisory
1000177,DG006,DGDA0010,,other,Generated advisory: partial equipment/comfort issue; space remained usable.,2024-01-29T11:00:00,2024-01-29T14:00:00,completed,Advisory issue resolved after inspection or repair.,advisory,advisory
1000178,DG033,DGU0250,1000254,air-conditioning failure,Generated advisory: partial equipment/comfort issue; space remained usable.,2022-11-22T07:30:00,2022-11-22T10:30:00,completed,Advisory issue resolved after inspection or repair.,advisory,advisory
1000179,DG017,DGU0065,,network problem,Generated advisory: partial equipment/comfort issue; space remained usable.,2024-09-29T11:30:00,2024-09-29T13:30:00,completed,Advisory issue resolved after inspection or repair.,advisory,advisory
1000180,DG009,DGL0030,,network problem,Generated advisory: partial equipment/comfort issue; space remained usable.,2025-02-14T13:30:00,2025-02-14T15:30:00,completed,Advisory issue resolved after inspection or repair.,advisory,advisory
1000181,DG032,DGFS0001,,network problem,Generated advisory: partial equipment/comfort issue; space remained usable.,2024-05-06T15:30:00,2024-05-06T18:30:00,completed,Advisory issue resolved after inspection or repair.,advisory,advisory
1000182,DG052,DGU0326,1000416,air-conditioning failure,Generated advisory: partial equipment/comfort issue; space remained usable.,2024-03-18T13:30:00,2024-03-18T16:30:00,completed,Advisory issue resolved after inspection or repair.,advisory,advisory
1000183,DG025,DGU0136,,network problem,Generated advisory: partial equipment/comfort issue; space remained usable.,2024-11-18T14:00:00,2024-11-18T16:30:00,completed,Advisory issue resolved after inspection or repair.,advisory,advisory
1000184,DG048,DGU0369,,cleaning issue,Generated advisory: partial equipment/comfort issue; space remained usable.,2023-07-31T10:00:00,2023-07-31T12:00:00,completed,Advisory issue resolved after inspection or repair.,advisory,advisory
1000185,DG027,DGU0037,1000213,air-conditioning failure,Generated advisory: partial equipment/comfort issue; space remained usable.,2024-09-22T15:30:00,2024-09-22T17:30:00,completed,Advisory issue resolved after inspection or repair.,advisory,advisory
1000186,DG010,DGFS0014,,network problem,Generated advisory: partial equipment/comfort issue; space remained usable.,2024-03-06T11:30:00,2024-03-06T13:30:00,completed,Advisory issue resolved after inspection or repair.,advisory,advisory
1000187,DG032,DGL0020,1000240,broken projector,Generated advisory: partial equipment/comfort issue; space remained usable.,2024-03-20T15:30:00,2024-03-20T18:30:00,completed,Advisory issue resolved after inspection or repair.,advisory,advisory
1000188,DG049,DGU0023,,damaged furniture,Generated advisory: partial equipment/comfort issue; space remained usable.,2025-08-27T14:00:00,2025-08-27T16:00:00,completed,Advisory issue resolved after inspection or repair.,advisory,advisory
1000189,DG052,DGU0224,,other,Generated advisory: partial equipment/comfort issue; space remained usable.,2024-10-23T15:30:00,2024-10-23T17:30:00,completed,Advisory issue resolved after inspection or repair.,advisory,advisory
1000190,DG012,DGFS0025,,damaged furniture,Generated advisory: partial equipment/comfort issue; space remained usable.,2025-08-01T14:30:00,2025-08-01T16:30:00,completed,Advisory issue resolved after inspection or repair.,advisory,advisory
1000191,DG023,DGU0280,,network problem,Generated advisory: partial equipment/comfort issue; space remained usable.,2023-11-19T09:30:00,2023-11-19T11:30:00,completed,Advisory issue resolved after inspection or repair.,advisory,advisory
1000192,DG021,DGDA0003,,cleaning issue,Generated advisory: partial equipment/comfort issue; space remained usable.,2024-12-29T08:30:00,2024-12-29T10:30:00,completed,Advisory issue resolved after inspection or repair.,advisory,advisory
1000193,DG041,DGU0232,,damaged furniture,Generated advisory: partial equipment/comfort issue; space remained usable.,2025-04-04T13:30:00,2025-04-04T15:30:00,completed,Advisory issue resolved after inspection or repair.,advisory,advisory
1000194,DG028,DGFS0009,,cleaning issue,Generated advisory: partial equipment/comfort issue; space remained usable.,2025-06-11T16:30:00,2025-06-11T18:30:00,completed,Advisory issue resolved after inspection or repair.,advisory,advisory
1000195,DG039,DGU0259,1000301,air-conditioning failure,Generated advisory: partial equipment/comfort issue; space remained usable.,2022-09-20T15:30:00,2022-09-20T17:30:00,completed,Advisory issue resolved after inspection or repair.,advisory,advisory
1000196,DG003,DGU0189,,network problem,Generated advisory: partial equipment/comfort issue; space remained usable.,2024-05-25T15:30:00,2024-05-25T18:30:00,completed,Advisory issue resolved after inspection or repair.,advisory,advisory
1000197,DG044,DGU0245,,cleaning issue,Generated advisory: partial equipment/comfort issue; space remained usable.,2025-05-27T10:30:00,2025-05-27T12:30:00,completed,Advisory issue resolved after inspection or repair.,advisory,advisory
1000198,DG035,DGU0010,,network problem,Generated advisory: partial equipment/comfort issue; space remained usable.,2024-05-10T09:30:00,2024-05-10T11:30:00,completed,Advisory issue resolved after inspection or repair.,advisory,advisory
1000199,DG054,DGU0164,,network problem,Generated advisory: partial equipment/comfort issue; space remained usable.,2024-02-22T07:30:00,2024-02-22T10:30:00,completed,Advisory issue resolved after inspection or repair.,advisory,advisory
1000200,DG039,DGU0210,1000300,broken projector,Generated advisory: partial equipment/comfort issue; space remained usable.,2023-03-16T11:30:00,2023-03-16T15:30:00,completed,Advisory issue resolved after inspection or repair.,advisory,advisory
1000201,DG035,DGU0361,1000274,air-conditioning failure,Generated advisory: partial equipment/comfort issue; space remained usable.,2023-08-30T12:30:00,2023-08-30T15:30:00,completed,Advisory issue resolved after inspection or repair.,advisory,advisory
1000202,DG010,DGU0397,,other,Generated advisory: partial equipment/comfort issue; space remained usable.,2023-10-13T15:30:00,2023-10-13T17:30:00,completed,Advisory issue resolved after inspection or repair.,advisory,advisory
1000203,DG032,DGU0336,,damaged furniture,Generated advisory: partial equipment/comfort issue; space remained usable.,2025-06-17T16:30:00,2025-06-17T18:30:00,completed,Advisory issue resolved after inspection or repair.,advisory,advisory
1000204,DG051,DGU0101,,other,Generated advisory: partial equipment/comfort issue; space remained usable.,2023-01-21T15:30:00,2023-01-21T17:30:00,completed,Advisory issue resolved after inspection or repair.,advisory,advisory
1000205,DG049,DGFS0022,,network problem,Generated advisory: partial equipment/comfort issue; space remained usable.,2025-06-22T13:30:00,2025-06-22T16:30:00,completed,Advisory issue resolved after inspection or repair.,advisory,advisory
1000206,DG043,DGU0115,,damaged furniture,Generated advisory: partial equipment/comfort issue; space remained usable.,2023-06-03T15:30:00,2023-06-03T17:30:00,completed,Advisory issue resolved after inspection or repair.,advisory,advisory
1000207,DG017,DGU0020,,damaged furniture,Generated advisory: partial equipment/comfort issue; space remained usable.,2024-06-30T16:30:00,2024-06-30T18:30:00,completed,Advisory issue resolved after inspection or repair.,advisory,advisory
1000208,DG043,DGU0141,,cleaning issue,Generated advisory: partial equipment/comfort issue; space remained usable.,2025-06-21T13:30:00,2025-06-21T15:30:00,completed,Advisory issue resolved after inspection or repair.,advisory,advisory
1000209,DG026,DGU0369,,cleaning issue,Generated advisory: partial equipment/comfort issue; space remained usable.,2024-10-16T12:30:00,2024-10-16T14:30:00,completed,Advisory issue resolved after inspection or repair.,advisory,advisory
1000210,DG058,DGU0206,,cleaning issue,Generated advisory: partial equipment/comfort issue; space remained usable.,2022-09-19T15:00:00,2022-09-19T17:00:00,completed,Advisory issue resolved after inspection or repair.,advisory,advisory
1000211,DG051,DGU0391,,other,Generated advisory: partial equipment/comfort issue; space remained usable.,2024-01-14T09:30:00,2024-01-14T11:30:00,completed,Advisory issue resolved after inspection or repair.,advisory,advisory
1000212,DG041,DGTA0019,,cleaning issue,Generated advisory: partial equipment/comfort issue; space remained usable.,2023-09-11T10:30:00,2023-09-11T13:00:00,completed,Advisory issue resolved after inspection or repair.,advisory,advisory
1000213,DG031,DGFS0025,1000234,broken projector,Generated advisory: partial equipment/comfort issue; space remained usable.,2023-05-06T09:30:00,2023-05-06T12:00:00,completed,Advisory issue resolved after inspection or repair.,advisory,advisory
1000214,DG026,DGU0084,,other,Generated advisory: partial equipment/comfort issue; space remained usable.,2025-04-24T09:00:00,2025-04-24T11:00:00,completed,Advisory issue resolved after inspection or repair.,advisory,advisory
1000215,DG060,DGU0267,,damaged furniture,Generated advisory: partial equipment/comfort issue; space remained usable.,2024-12-07T09:30:00,2024-12-07T11:30:00,completed,Advisory issue resolved after inspection or repair.,advisory,advisory
1000216,DG004,DGU0095,,other,Generated advisory: partial equipment/comfort issue; space remained usable.,2023-12-31T11:30:00,2023-12-31T13:30:00,completed,Advisory issue resolved after inspection or repair.,advisory,advisory
1000217,DG012,DGU0309,,cleaning issue,Generated advisory: partial equipment/comfort issue; space remained usable.,2024-03-30T12:30:00,2024-03-30T14:30:00,completed,Advisory issue resolved after inspection or repair.,advisory,advisory
1000218,DG020,DGU0270,,cleaning issue,Generated advisory: partial equipment/comfort issue; space remained usable.,2024-09-19T08:30:00,2024-09-19T10:30:00,completed,Advisory issue resolved after inspection or repair.,advisory,advisory
1000219,DG014,DGU0096,,network problem,Generated advisory: partial equipment/comfort issue; space remained usable.,2024-04-05T13:30:00,2024-04-05T15:30:00,completed,Advisory issue resolved after inspection or repair.,advisory,advisory
1000220,DG005,DGU0315,1000037,air-conditioning failure,Generated advisory: partial equipment/comfort issue; space remained usable.,2024-11-24T14:30:00,2024-11-24T16:30:00,completed,Advisory issue resolved after inspection or repair.,advisory,advisory
1000221,DG058,DGL0027,,other,Generated advisory: partial equipment/comfort issue; space remained usable.,2023-05-26T14:30:00,2023-05-26T16:30:00,completed,Advisory issue resolved after inspection or repair.,advisory,advisory
1000222,DG007,DGU0241,1000043,broken projector,Generated advisory: partial equipment/comfort issue; space remained usable.,2022-12-13T07:30:00,2022-12-13T10:30:00,completed,Advisory issue resolved after inspection or repair.,advisory,advisory
1000223,DG047,DGU0392,,damaged furniture,Generated advisory: partial equipment/comfort issue; space remained usable.,2025-04-30T14:30:00,2025-04-30T16:30:00,completed,Advisory issue resolved after inspection or repair.,advisory,advisory
1000224,DG031,DGU0269,,damaged furniture,Generated advisory: partial equipment/comfort issue; space remained usable.,2022-09-20T12:30:00,2022-09-20T14:30:00,completed,Advisory issue resolved after inspection or repair.,advisory,advisory
1000225,DG042,DGU0273,,network problem,Generated advisory: partial equipment/comfort issue; space remained usable.,2023-12-09T10:30:00,2023-12-09T12:30:00,completed,Advisory issue resolved after inspection or repair.,advisory,advisory
1000226,DG018,DGU0291,1000140,air-conditioning failure,Generated advisory: partial equipment/comfort issue; space remained usable.,2024-09-13T13:30:00,2024-09-13T16:30:00,completed,Advisory issue resolved after inspection or repair.,advisory,advisory
1000227,DG015,DGFS0018,1000118,air-conditioning failure,Generated advisory: partial equipment/comfort issue; space remained usable.,2023-07-24T10:30:00,2023-07-24T13:30:00,completed,Advisory issue resolved after inspection or repair.,advisory,advisory
1000228,DG025,DGFS0016,1000191,air-conditioning failure,Generated advisory: partial equipment/comfort issue; space remained usable.,2024-04-09T12:30:00,2024-04-09T14:30:00,completed,Advisory issue resolved after inspection or repair.,advisory,advisory
1000229,DG032,DGU0227,1000240,broken projector,Generated advisory: partial equipment/comfort issue; space remained usable.,2024-01-12T08:30:00,2024-01-12T10:30:00,completed,Advisory issue resolved after inspection or repair.,advisory,advisory
1000230,DG056,DGFS0025,,other,Generated advisory: partial equipment/comfort issue; space remained usable.,2023-04-29T11:30:00,2023-04-29T13:30:00,completed,Advisory issue resolved after inspection or repair.,advisory,advisory
1000231,DG003,DGU0375,,other,Generated advisory: partial equipment/comfort issue; space remained usable.,2023-11-26T14:30:00,2023-11-26T17:30:00,completed,Advisory issue resolved after inspection or repair.,advisory,advisory
1000232,DG014,DGL0033,1000098,broken projector,Generated advisory: partial equipment/comfort issue; space remained usable.,2024-08-16T15:00:00,2024-08-16T18:00:00,completed,Advisory issue resolved after inspection or repair.,advisory,advisory
1000233,DG023,DGU0322,1000181,air-conditioning failure,Generated advisory: partial equipment/comfort issue; space remained usable.,2024-10-30T07:30:00,2024-10-30T10:30:00,completed,Advisory issue resolved after inspection or repair.,advisory,advisory
1000234,DG012,DGL0017,,other,Generated advisory: partial equipment/comfort issue; space remained usable.,2022-12-30T11:30:00,2022-12-30T14:30:00,completed,Advisory issue resolved after inspection or repair.,advisory,advisory
1000235,DG009,DGU0148,,cleaning issue,Generated advisory: partial equipment/comfort issue; space remained usable.,2025-02-11T12:00:00,2025-02-11T14:00:00,completed,Advisory issue resolved after inspection or repair.,advisory,advisory
1000236,DG032,DGU0256,1000242,air-conditioning failure,Generated advisory: partial equipment/comfort issue; space remained usable.,2024-05-10T09:30:00,2024-05-10T11:30:00,completed,Advisory issue resolved after inspection or repair.,advisory,advisory
1000237,DG030,DGU0379,,other,Generated advisory: partial equipment/comfort issue; space remained usable.,2024-09-29T09:30:00,2024-09-29T11:30:00,completed,Advisory issue resolved after inspection or repair.,advisory,advisory
1000238,DG049,DGU0290,,cleaning issue,Generated advisory: partial equipment/comfort issue; space remained usable.,2025-08-02T12:30:00,2025-08-02T14:30:00,completed,Advisory issue resolved after inspection or repair.,advisory,advisory
1000239,DG049,DGFS0014,,damaged furniture,Generated advisory: partial equipment/comfort issue; space remained usable.,2024-12-20T14:30:00,2024-12-20T17:30:00,completed,Advisory issue resolved after inspection or repair.,advisory,advisory
1000240,DG054,DGU0212,,damaged furniture,Generated advisory: partial equipment/comfort issue; space remained usable.,2025-08-25T13:30:00,2025-08-25T15:30:00,completed,Advisory issue resolved after inspection or repair.,advisory,advisory
1000241,DG027,DGU0134,,network problem,Generated advisory: partial equipment/comfort issue; space remained usable.,2023-03-29T13:30:00,2023-03-29T15:30:00,completed,Advisory issue resolved after inspection or repair.,advisory,advisory
1000242,DG016,DGU0079,,damaged furniture,Generated advisory: partial equipment/comfort issue; space remained usable.,2025-06-29T13:30:00,2025-06-29T15:30:00,completed,Advisory issue resolved after inspection or repair.,advisory,advisory
1000243,DG046,DGFS0003,,damaged furniture,Generated advisory: partial equipment/comfort issue; space remained usable.,2025-02-08T14:30:00,2025-02-08T17:30:00,completed,Advisory issue resolved after inspection or repair.,advisory,advisory
1000244,DG018,DGU0250,,network problem,Generated advisory: partial equipment/comfort issue; space remained usable.,2024-06-05T11:30:00,2024-06-05T13:30:00,completed,Advisory issue resolved after inspection or repair.,advisory,advisory
1000245,DG009,DGU0189,,cleaning issue,Generated advisory: partial equipment/comfort issue; space remained usable.,2024-04-15T09:30:00,2024-04-15T11:30:00,completed,Advisory issue resolved after inspection or repair.,advisory,advisory
1000246,DG044,DGU0364,1000333,air-conditioning failure,Generated advisory: partial equipment/comfort issue; space remained usable.,2025-05-31T13:30:00,2025-05-31T16:30:00,completed,Advisory issue resolved after inspection or repair.,advisory,advisory
1000247,DG010,DGFS0015,,network problem,Generated advisory: partial equipment/comfort issue; space remained usable.,2022-11-29T07:30:00,2022-11-29T10:30:00,completed,Advisory issue resolved after inspection or repair.,advisory,advisory
1000248,DG041,DGU0183,,other,Generated advisory: partial equipment/comfort issue; space remained usable.,2024-12-19T08:30:00,2024-12-19T10:30:00,completed,Advisory issue resolved after inspection or repair.,advisory,advisory
1000249,DG017,DGFS0003,,cleaning issue,Generated advisory: partial equipment/comfort issue; space remained usable.,2025-03-14T07:30:00,2025-03-14T10:30:00,completed,Advisory issue resolved after inspection or repair.,advisory,advisory
1000250,DG054,DGU0344,,network problem,Generated advisory: partial equipment/comfort issue; space remained usable.,2024-12-08T14:30:00,2024-12-08T16:30:00,completed,Advisory issue resolved after inspection or repair.,advisory,advisory
1000251,DG009,DGU0140,1000069,air-conditioning failure,Generated advisory: partial equipment/comfort issue; space remained usable.,2025-05-12T07:30:00,2025-05-12T09:30:00,completed,Advisory issue resolved after inspection or repair.,advisory,advisory
1000252,DG031,DGU0354,,damaged furniture,Generated advisory: partial equipment/comfort issue; space remained usable.,2024-12-06T15:00:00,2024-12-06T18:00:00,completed,Advisory issue resolved after inspection or repair.,advisory,advisory
1000253,DG005,DGU0056,,cleaning issue,Generated advisory: partial equipment/comfort issue; space remained usable.,2022-11-10T14:00:00,2022-11-10T17:00:00,completed,Advisory issue resolved after inspection or repair.,advisory,advisory
1000254,DG051,DGFS0004,1000397,air-conditioning failure,Generated advisory: partial equipment/comfort issue; space remained usable.,2023-10-10T11:30:00,2023-10-10T13:30:00,completed,Advisory issue resolved after inspection or repair.,advisory,advisory
1000255,DG042,DGTA0008,,damaged furniture,Generated advisory: partial equipment/comfort issue; space remained usable.,2024-06-15T10:30:00,2024-06-15T12:30:00,completed,Advisory issue resolved after inspection or repair.,advisory,advisory
1000256,DG019,DGU0270,,other,Generated advisory: partial equipment/comfort issue; space remained usable.,2023-01-14T15:00:00,2023-01-14T17:30:00,completed,Advisory issue resolved after inspection or repair.,advisory,advisory
1000257,DG025,DGU0317,,network problem,Generated advisory: partial equipment/comfort issue; space remained usable.,2023-07-25T09:30:00,2023-07-25T11:30:00,completed,Advisory issue resolved after inspection or repair.,advisory,advisory
1000258,DG030,DGFS0013,1000232,broken projector,Generated advisory: partial equipment/comfort issue; space remained usable.,2023-04-29T09:00:00,2023-04-29T11:00:00,completed,Advisory issue resolved after inspection or repair.,advisory,advisory
1000259,DG025,DGU0312,1000187,broken projector,Generated advisory: partial equipment/comfort issue; space remained usable.,2025-08-30T08:30:00,2025-08-30T12:30:00,completed,Advisory issue resolved after inspection or repair.,advisory,advisory
1000260,DG031,DGU0002,1000234,broken projector,Generated advisory: partial equipment/comfort issue; space remained usable.,2025-02-13T09:00:00,2025-02-13T12:00:00,completed,Advisory issue resolved after inspection or repair.,advisory,advisory
1000261,DG019,DGU0066,,network problem,Generated advisory: partial equipment/comfort issue; space remained usable.,2024-11-18T14:30:00,2024-11-18T17:00:00,completed,Advisory issue resolved after inspection or repair.,advisory,advisory
1000262,DG023,DGU0154,1000181,air-conditioning failure,Generated advisory: partial equipment/comfort issue; space remained usable.,2024-09-03T10:30:00,2024-09-03T13:30:00,completed,Advisory issue resolved after inspection or repair.,advisory,advisory
1000263,DG042,DGFS0022,1000323,air-conditioning failure,Generated advisory: partial equipment/comfort issue; space remained usable.,2023-02-06T14:30:00,2023-02-06T16:30:00,completed,Advisory issue resolved after inspection or repair.,advisory,advisory
1000264,DG051,DGU0106,1000396,broken projector,Generated advisory: partial equipment/comfort issue; space remained usable.,2023-04-06T11:30:00,2023-04-06T13:30:00,completed,Advisory issue resolved after inspection or repair.,advisory,advisory
1000265,DG005,DGU0356,,other,Generated advisory: partial equipment/comfort issue; space remained usable.,2023-01-17T13:30:00,2023-01-17T15:30:00,completed,Advisory issue resolved after inspection or repair.,advisory,advisory
1000266,DG052,DGU0071,,damaged furniture,Generated advisory: partial equipment/comfort issue; space remained usable.,2025-06-24T14:30:00,2025-06-24T17:30:00,completed,Advisory issue resolved after inspection or repair.,advisory,advisory
1000267,DG021,DGU0155,,cleaning issue,Generated advisory: partial equipment/comfort issue; space remained usable.,2023-04-11T13:00:00,2023-04-11T15:00:00,completed,Advisory issue resolved after inspection or repair.,advisory,advisory
1000268,DG017,DGTA0012,1000137,air-conditioning failure,Generated advisory: partial equipment/comfort issue; space remained usable.,2022-10-20T15:30:00,2022-10-20T17:30:00,completed,Advisory issue resolved after inspection or repair.,advisory,advisory
1000269,DG036,DGU0104,,network problem,Generated advisory: partial equipment/comfort issue; space remained usable.,2024-12-02T14:00:00,2024-12-02T16:00:00,completed,Advisory issue resolved after inspection or repair.,advisory,advisory
1000270,DG026,DGU0042,,network problem,Generated advisory: partial equipment/comfort issue; space remained usable.,2023-01-23T15:30:00,2023-01-23T17:30:00,completed,Advisory issue resolved after inspection or repair.,advisory,advisory
1000271,DG018,DGU0181,,other,Generated advisory: partial equipment/comfort issue; space remained usable.,2025-04-27T14:30:00,2025-04-27T16:30:00,completed,Advisory issue resolved after inspection or repair.,advisory,advisory
1000272,DG047,DGU0025,1000368,air-conditioning failure,Generated advisory: partial equipment/comfort issue; space remained usable.,2024-10-14T07:30:00,2024-10-14T10:30:00,completed,Advisory issue resolved after inspection or repair.,advisory,advisory
1000273,DG007,DGU0367,1000043,broken projector,Generated advisory: partial equipment/comfort issue; space remained usable.,2023-06-07T07:30:00,2023-06-07T10:30:00,completed,Advisory issue resolved after inspection or repair.,advisory,advisory
1000274,DG058,DGFS0014,1000467,broken projector,Generated advisory: partial equipment/comfort issue; space remained usable.,2023-03-22T12:30:00,2023-03-22T14:30:00,completed,Advisory issue resolved after inspection or repair.,advisory,advisory
1000275,DG010,DGU0018,,cleaning issue,Generated advisory: partial equipment/comfort issue; space remained usable.,2023-04-01T14:30:00,2023-04-01T16:30:00,completed,Advisory issue resolved after inspection or repair.,advisory,advisory
1000276,DG003,DGU0075,1000022,air-conditioning failure,Generated advisory: partial equipment/comfort issue; space remained usable.,2023-08-18T14:30:00,2023-08-18T16:30:00,completed,Advisory issue resolved after inspection or repair.,advisory,advisory
1000277,DG036,DGU0108,1000277,air-conditioning failure,Generated advisory: partial equipment/comfort issue; space remained usable.,2025-02-06T14:30:00,2025-02-06T18:30:00,completed,Advisory issue resolved after inspection or repair.,advisory,advisory
1000278,DG005,DGU0112,,damaged furniture,Generated advisory: partial equipment/comfort issue; space remained usable.,2024-05-31T07:30:00,2024-05-31T09:30:00,completed,Advisory issue resolved after inspection or repair.,advisory,advisory
1000279,DG060,DGU0212,,network problem,Generated advisory: partial equipment/comfort issue; space remained usable.,2025-06-10T07:30:00,2025-06-10T10:30:00,completed,Advisory issue resolved after inspection or repair.,advisory,advisory
1000280,DG019,DGU0377,1000145,air-conditioning failure,Generated advisory: partial equipment/comfort issue; space remained usable.,2025-06-03T13:30:00,2025-06-03T17:30:00,completed,Advisory issue resolved after inspection or repair.,advisory,advisory
1000281,DG054,DGTA0011,,damaged furniture,Generated advisory: partial equipment/comfort issue; space remained usable.,2023-10-19T07:30:00,2023-10-19T10:00:00,completed,Advisory issue resolved after inspection or repair.,advisory,advisory
1000282,DG046,DGU0280,,cleaning issue,Generated advisory: partial equipment/comfort issue; space remained usable.,2024-10-12T12:30:00,2024-10-12T14:30:00,completed,Advisory issue resolved after inspection or repair.,advisory,advisory
1000283,DG006,DGU0158,1000040,air-conditioning failure,Generated advisory: partial equipment/comfort issue; space remained usable.,2024-10-21T07:30:00,2024-10-21T10:00:00,completed,Advisory issue resolved after inspection or repair.,advisory,advisory
1000284,DG053,DGU0191,,cleaning issue,Generated advisory: partial equipment/comfort issue; space remained usable.,2022-12-12T16:30:00,2022-12-12T18:30:00,completed,Advisory issue resolved after inspection or repair.,advisory,advisory
1000285,DG033,DGU0297,,other,Generated advisory: partial equipment/comfort issue; space remained usable.,2023-05-09T14:30:00,2023-05-09T16:30:00,completed,Advisory issue resolved after inspection or repair.,advisory,advisory
1000286,DG050,DGTA0019,1000381,broken projector,Generated advisory: partial equipment/comfort issue; space remained usable.,2025-05-05T14:30:00,2025-05-05T17:30:00,completed,Advisory issue resolved after inspection or repair.,advisory,advisory
1000287,DG028,DGTA0002,,other,Generated advisory: partial equipment/comfort issue; space remained usable.,2023-05-12T15:30:00,2023-05-12T17:30:00,completed,Advisory issue resolved after inspection or repair.,advisory,advisory
1000288,DG045,DGU0134,1000348,air-conditioning failure,Generated advisory: partial equipment/comfort issue; space remained usable.,2023-05-17T14:30:00,2023-05-17T17:30:00,completed,Advisory issue resolved after inspection or repair.,advisory,advisory
1000289,DG019,DGU0078,1000145,air-conditioning failure,Generated advisory: partial equipment/comfort issue; space remained usable.,2025-08-18T08:30:00,2025-08-18T10:30:00,completed,Advisory issue resolved after inspection or repair.,advisory,advisory
1000290,DG025,DGU0167,,damaged furniture,Generated advisory: partial equipment/comfort issue; space remained usable.,2025-06-26T12:00:00,2025-06-26T14:00:00,completed,Advisory issue resolved after inspection or repair.,advisory,advisory
1000291,DG009,DGU0392,,network problem,Generated advisory: partial equipment/comfort issue; space remained usable.,2023-09-23T16:00:00,2023-09-23T18:00:00,completed,Advisory issue resolved after inspection or repair.,advisory,advisory
1000292,DG030,DGU0243,,damaged furniture,Generated advisory: partial equipment/comfort issue; space remained usable.,2024-07-01T14:30:00,2024-07-01T16:30:00,completed,Advisory issue resolved after inspection or repair.,advisory,advisory
1000293,DG057,DGU0258,,network problem,Generated advisory: partial equipment/comfort issue; space remained usable.,2023-04-03T16:30:00,2023-04-03T18:30:00,completed,Advisory issue resolved after inspection or repair.,advisory,advisory
1000294,DG014,DGU0386,1000100,air-conditioning failure,Generated advisory: partial equipment/comfort issue; space remained usable.,2023-07-07T10:30:00,2023-07-07T13:30:00,completed,Advisory issue resolved after inspection or repair.,advisory,advisory
1000295,DG006,DGU0284,1000042,broken projector,Generated advisory: partial equipment/comfort issue; space remained usable.,2024-06-14T08:00:00,2024-06-14T10:00:00,completed,Advisory issue resolved after inspection or repair.,advisory,advisory
1000296,DG047,DGFM0004,1000370,broken projector,Generated advisory: partial equipment/comfort issue; space remained usable.,2023-04-05T07:30:00,2023-04-05T09:30:00,completed,Advisory issue resolved after inspection or repair.,advisory,advisory
1000297,DG036,DGFM0001,1000277,air-conditioning failure,Generated advisory: partial equipment/comfort issue; space remained usable.,2022-10-19T12:30:00,2022-10-19T14:30:00,completed,Advisory issue resolved after inspection or repair.,advisory,advisory
1000298,DG043,DGFS0017,1000324,broken projector,Generated advisory: partial equipment/comfort issue; space remained usable.,2022-09-14T12:00:00,2022-09-14T14:30:00,completed,Advisory issue resolved after inspection or repair.,advisory,advisory
1000299,DG055,DGFS0018,,network problem,Generated advisory: partial equipment/comfort issue; space remained usable.,2024-09-29T14:30:00,2024-09-29T17:30:00,completed,Advisory issue resolved after inspection or repair.,advisory,advisory
1000300,DG048,DGU0296,,other,Generated advisory: partial equipment/comfort issue; space remained usable.,2025-01-21T10:30:00,2025-01-21T13:30:00,completed,Advisory issue resolved after inspection or repair.,advisory,advisory
1000301,DG040,DGU0105,,other,Generated advisory: partial equipment/comfort issue; space remained usable.,2024-11-05T09:30:00,2024-11-05T12:30:00,completed,Advisory issue resolved after inspection or repair.,advisory,advisory
1000302,DG031,DGU0132,,damaged furniture,Generated advisory: partial equipment/comfort issue; space remained usable.,2024-05-13T15:30:00,2024-05-13T18:30:00,completed,Advisory issue resolved after inspection or repair.,advisory,advisory
1000303,DG008,DGU0223,,other,Generated advisory: partial equipment/comfort issue; space remained usable.,2022-09-20T13:30:00,2022-09-20T16:00:00,completed,Advisory issue resolved after inspection or repair.,advisory,advisory
1000304,DG010,DGDA0005,,damaged furniture,Generated advisory: partial equipment/comfort issue; space remained usable.,2022-09-08T07:30:00,2022-09-08T09:30:00,completed,Advisory issue resolved after inspection or repair.,advisory,advisory
1000305,DG009,DGU0358,,damaged furniture,Generated advisory: partial equipment/comfort issue; space remained usable.,2024-02-23T14:30:00,2024-02-23T17:30:00,completed,Advisory issue resolved after inspection or repair.,advisory,advisory
1000306,DG012,DGFS0003,,damaged furniture,Generated advisory: partial equipment/comfort issue; space remained usable.,2025-06-08T11:30:00,2025-06-08T13:30:00,completed,Advisory issue resolved after inspection or repair.,advisory,advisory
1000307,DG015,DGU0204,,damaged furniture,Generated advisory: partial equipment/comfort issue; space remained usable.,2024-06-25T08:30:00,2024-06-25T10:30:00,completed,Advisory issue resolved after inspection or repair.,advisory,advisory
1000308,DG037,DGU0318,,other,Generated advisory: partial equipment/comfort issue; space remained usable.,2025-03-14T12:30:00,2025-03-14T15:30:00,completed,Advisory issue resolved after inspection or repair.,advisory,advisory
1000309,DG049,DGU0225,,cleaning issue,Generated advisory: partial equipment/comfort issue; space remained usable.,2023-03-03T07:30:00,2023-03-03T09:30:00,completed,Advisory issue resolved after inspection or repair.,advisory,advisory
1000310,DG050,DGU0322,,network problem,Generated advisory: partial equipment/comfort issue; space remained usable.,2024-06-20T10:30:00,2024-06-20T14:30:00,completed,Advisory issue resolved after inspection or repair.,advisory,advisory
1000311,DG003,DGU0165,,cleaning issue,Generated advisory: partial equipment/comfort issue; space remained usable.,2023-08-25T07:30:00,2023-08-25T10:30:00,completed,Advisory issue resolved after inspection or repair.,advisory,advisory
1000312,DG035,DGL0018,,network problem,Generated advisory: partial equipment/comfort issue; space remained usable.,2023-04-19T08:00:00,2023-04-19T11:00:00,completed,Advisory issue resolved after inspection or repair.,advisory,advisory
1000313,DG011,DGU0297,,damaged furniture,Generated advisory: partial equipment/comfort issue; space remained usable.,2025-07-12T08:30:00,2025-07-12T10:30:00,completed,Advisory issue resolved after inspection or repair.,advisory,advisory
1000314,DG025,DGU0187,,cleaning issue,Generated advisory: partial equipment/comfort issue; space remained usable.,2023-11-23T07:30:00,2023-11-23T10:30:00,completed,Advisory issue resolved after inspection or repair.,advisory,advisory
1000315,DG028,DGU0283,,network problem,Generated advisory: partial equipment/comfort issue; space remained usable.,2023-05-11T07:30:00,2023-05-11T10:30:00,completed,Advisory issue resolved after inspection or repair.,advisory,advisory
1000316,DG036,DGU0144,,other,Generated advisory: partial equipment/comfort issue; space remained usable.,2025-02-17T10:30:00,2025-02-17T12:30:00,completed,Advisory issue resolved after inspection or repair.,advisory,advisory
1000317,DG040,DGU0086,,cleaning issue,Generated advisory: partial equipment/comfort issue; space remained usable.,2024-12-29T12:30:00,2024-12-29T14:30:00,completed,Advisory issue resolved after inspection or repair.,advisory,advisory
1000318,DG042,DGFS0017,,cleaning issue,Generated advisory: partial equipment/comfort issue; space remained usable.,2024-11-13T07:30:00,2024-11-13T09:30:00,completed,Advisory issue resolved after inspection or repair.,advisory,advisory
1000319,DG040,DGU0381,,damaged furniture,Generated advisory: partial equipment/comfort issue; space remained usable.,2023-02-12T10:00:00,2023-02-12T12:30:00,completed,Advisory issue resolved after inspection or repair.,advisory,advisory
1000320,DG002,DGFS0010,,network problem,Generated advisory: partial equipment/comfort issue; space remained usable.,2023-02-03T11:00:00,2023-02-03T13:30:00,completed,Advisory issue resolved after inspection or repair.,advisory,advisory
1000321,DG059,DGU0018,,damaged furniture,Generated advisory: partial equipment/comfort issue; space remained usable.,2024-09-10T10:30:00,2024-09-10T12:30:00,completed,Advisory issue resolved after inspection or repair.,advisory,advisory
1000322,DG019,DGL0031,,network problem,Generated advisory: partial equipment/comfort issue; space remained usable.,2025-02-03T09:30:00,2025-02-03T12:00:00,completed,Advisory issue resolved after inspection or repair.,advisory,advisory
1000323,DG040,DGU0378,1000316,air-conditioning failure,Generated advisory: partial equipment/comfort issue; space remained usable.,2023-03-10T14:00:00,2023-03-10T17:00:00,completed,Advisory issue resolved after inspection or repair.,advisory,advisory
1000324,DG003,DGU0248,,other,Generated advisory: partial equipment/comfort issue; space remained usable.,2023-01-04T13:30:00,2023-01-04T16:30:00,completed,Advisory issue resolved after inspection or repair.,advisory,advisory
1000325,DG059,DGU0383,,cleaning issue,Generated advisory: partial equipment/comfort issue; space remained usable.,2024-01-14T08:30:00,2024-01-14T11:30:00,completed,Advisory issue resolved after inspection or repair.,advisory,advisory
1000326,DG007,DGU0040,,network problem,Generated advisory: partial equipment/comfort issue; space remained usable.,2025-04-01T13:30:00,2025-04-01T15:30:00,completed,Advisory issue resolved after inspection or repair.,advisory,advisory
1000327,DG040,DGFS0016,,cleaning issue,Generated advisory: partial equipment/comfort issue; space remained usable.,2023-11-21T08:30:00,2023-11-21T11:30:00,completed,Advisory issue resolved after inspection or repair.,advisory,advisory
1000328,DG055,DGU0242,1000429,air-conditioning failure,Generated advisory: partial equipment/comfort issue; space remained usable.,2024-10-24T09:00:00,2024-10-24T11:30:00,completed,Advisory issue resolved after inspection or repair.,advisory,advisory
1000329,DG045,DGFS0018,,cleaning issue,Generated advisory: partial equipment/comfort issue; space remained usable.,2025-07-30T12:30:00,2025-07-30T14:30:00,completed,Advisory issue resolved after inspection or repair.,advisory,advisory
1000330,DG053,DGFS0005,,cleaning issue,Generated advisory: partial equipment/comfort issue; space remained usable.,2024-12-18T10:30:00,2024-12-18T12:30:00,completed,Advisory issue resolved after inspection or repair.,advisory,advisory
1000331,DG035,DGU0278,,cleaning issue,Generated advisory: partial equipment/comfort issue; space remained usable.,2024-02-24T11:30:00,2024-02-24T14:30:00,completed,Advisory issue resolved after inspection or repair.,advisory,advisory
1000332,DG022,DGU0172,,damaged furniture,Generated advisory: partial equipment/comfort issue; space remained usable.,2025-08-07T07:30:00,2025-08-07T09:30:00,completed,Advisory issue resolved after inspection or repair.,advisory,advisory
1000333,DG025,DGFS0025,,other,Generated advisory: partial equipment/comfort issue; space remained usable.,2024-12-19T14:00:00,2024-12-19T16:00:00,completed,Advisory issue resolved after inspection or repair.,advisory,advisory
1000334,DG009,DGU0025,1000068,broken projector,Generated advisory: partial equipment/comfort issue; space remained usable.,2022-10-29T09:30:00,2022-10-29T11:30:00,completed,Advisory issue resolved after inspection or repair.,advisory,advisory
1000335,DG044,DGU0179,,damaged furniture,Generated advisory: partial equipment/comfort issue; space remained usable.,2025-01-25T12:00:00,2025-01-25T14:00:00,completed,Advisory issue resolved after inspection or repair.,advisory,advisory
1000336,DG054,DGU0293,,damaged furniture,Generated advisory: partial equipment/comfort issue; space remained usable.,2025-01-31T10:30:00,2025-01-31T12:30:00,completed,Advisory issue resolved after inspection or repair.,advisory,advisory
1000337,DG058,DGU0056,,damaged furniture,Generated advisory: partial equipment/comfort issue; space remained usable.,2025-06-01T15:30:00,2025-06-01T18:30:00,completed,Advisory issue resolved after inspection or repair.,advisory,advisory
1000338,DG018,DGU0275,1000140,air-conditioning failure,Generated advisory: partial equipment/comfort issue; space remained usable.,2022-10-11T10:30:00,2022-10-11T12:30:00,completed,Advisory issue resolved after inspection or repair.,advisory,advisory
1000339,DG039,DGU0291,,network problem,Generated advisory: partial equipment/comfort issue; space remained usable.,2022-11-06T16:00:00,2022-11-06T18:30:00,completed,Advisory issue resolved after inspection or repair.,advisory,advisory
1000340,DG002,DGU0155,,other,Generated advisory: partial equipment/comfort issue; space remained usable.,2025-06-10T07:30:00,2025-06-10T09:30:00,completed,Advisory issue resolved after inspection or repair.,advisory,advisory
1000341,DG038,DGU0321,1000286,air-conditioning failure,Generated advisory: partial equipment/comfort issue; space remained usable.,2025-03-06T08:30:00,2025-03-06T10:30:00,completed,Advisory issue resolved after inspection or repair.,advisory,advisory
1000342,DG008,DGU0011,1000052,air-conditioning failure,Generated advisory: partial equipment/comfort issue; space remained usable.,2024-04-13T07:30:00,2024-04-13T09:30:00,completed,Advisory issue resolved after inspection or repair.,advisory,advisory
1000343,DG052,DGU0059,,other,Generated advisory: partial equipment/comfort issue; space remained usable.,2025-08-26T10:30:00,2025-08-26T13:00:00,completed,Advisory issue resolved after inspection or repair.,advisory,advisory
1000344,DG052,DGFS0005,1000416,air-conditioning failure,Generated advisory: partial equipment/comfort issue; space remained usable.,2025-06-16T14:30:00,2025-06-16T16:30:00,completed,Advisory issue resolved after inspection or repair.,advisory,advisory
1000345,DG021,DGU0011,,cleaning issue,Generated advisory: partial equipment/comfort issue; space remained usable.,2023-05-24T10:00:00,2023-05-24T12:30:00,completed,Advisory issue resolved after inspection or repair.,advisory,advisory
1000346,DG034,DGU0028,1000271,broken projector,Generated advisory: partial equipment/comfort issue; space remained usable.,2023-12-08T08:30:00,2023-12-08T11:00:00,completed,Advisory issue resolved after inspection or repair.,advisory,advisory
1000347,DG009,DGFM0003,1000069,air-conditioning failure,Generated advisory: partial equipment/comfort issue; space remained usable.,2024-04-28T07:30:00,2024-04-28T10:30:00,completed,Advisory issue resolved after inspection or repair.,advisory,advisory
1000348,DG034,DGU0105,,cleaning issue,Generated advisory: partial equipment/comfort issue; space remained usable.,2024-03-12T07:30:00,2024-03-12T10:30:00,completed,Advisory issue resolved after inspection or repair.,advisory,advisory
1000349,DG015,DGU0391,,other,Generated advisory: partial equipment/comfort issue; space remained usable.,2022-10-12T11:30:00,2022-10-12T14:30:00,completed,Advisory issue resolved after inspection or repair.,advisory,advisory
1000350,DG038,DGU0048,,cleaning issue,Generated advisory: partial equipment/comfort issue; space remained usable.,2024-08-09T08:30:00,2024-08-09T11:30:00,completed,Advisory issue resolved after inspection or repair.,advisory,advisory
1000351,DG019,DGU0242,1000145,air-conditioning failure,Generated advisory: partial equipment/comfort issue; space remained usable.,2023-01-09T07:30:00,2023-01-09T09:30:00,completed,Advisory issue resolved after inspection or repair.,advisory,advisory
1000352,DG003,DGFS0017,1000021,broken projector,Generated advisory: partial equipment/comfort issue; space remained usable.,2022-09-08T15:30:00,2022-09-08T17:30:00,completed,Advisory issue resolved after inspection or repair.,advisory,advisory
1000353,DG037,DGFS0009,,cleaning issue,Generated advisory: partial equipment/comfort issue; space remained usable.,2023-07-26T10:30:00,2023-07-26T13:30:00,completed,Advisory issue resolved after inspection or repair.,advisory,advisory
1000354,DG012,DGFS0006,,cleaning issue,Generated advisory: partial equipment/comfort issue; space remained usable.,2024-04-23T08:30:00,2024-04-23T11:30:00,completed,Advisory issue resolved after inspection or repair.,advisory,advisory
1000355,DG030,DGU0179,,damaged furniture,Generated advisory: partial equipment/comfort issue; space remained usable.,2024-07-25T14:00:00,2024-07-25T17:00:00,completed,Advisory issue resolved after inspection or repair.,advisory,advisory
1000356,DG059,DGFS0001,,cleaning issue,Generated advisory: partial equipment/comfort issue; space remained usable.,2023-01-28T08:00:00,2023-01-28T10:00:00,completed,Advisory issue resolved after inspection or repair.,advisory,advisory
1000357,DG054,DGFM0001,,other,Generated advisory: partial equipment/comfort issue; space remained usable.,2023-08-13T12:30:00,2023-08-13T14:30:00,completed,Advisory issue resolved after inspection or repair.,advisory,advisory
1000358,DG025,DGU0150,1000187,broken projector,Generated advisory: partial equipment/comfort issue; space remained usable.,2024-03-13T07:30:00,2024-03-13T09:30:00,completed,Advisory issue resolved after inspection or repair.,advisory,advisory
1000359,DG045,DGDA0001,,damaged furniture,Generated advisory: partial equipment/comfort issue; space remained usable.,2024-08-06T10:30:00,2024-08-06T12:30:00,completed,Advisory issue resolved after inspection or repair.,advisory,advisory
1000360,DG017,DGTA0020,,other,Generated advisory: partial equipment/comfort issue; space remained usable.,2024-08-16T10:30:00,2024-08-16T13:30:00,completed,Advisory issue resolved after inspection or repair.,advisory,advisory
1000361,DG033,DGU0344,,damaged furniture,Generated advisory: partial equipment/comfort issue; space remained usable.,2024-10-24T08:30:00,2024-10-24T10:30:00,completed,Advisory issue resolved after inspection or repair.,advisory,advisory
1000362,DG032,DGU0177,1000242,air-conditioning failure,Generated advisory: partial equipment/comfort issue; space remained usable.,2024-05-22T09:30:00,2024-05-22T11:30:00,completed,Advisory issue resolved after inspection or repair.,advisory,advisory
1000363,DG040,DGU0126,,damaged furniture,Generated advisory: partial equipment/comfort issue; space remained usable.,2024-12-28T09:00:00,2024-12-28T11:30:00,completed,Advisory issue resolved after inspection or repair.,advisory,advisory
1000364,DG058,DGU0078,,cleaning issue,Generated advisory: partial equipment/comfort issue; space remained usable.,2025-03-04T09:30:00,2025-03-04T12:30:00,completed,Advisory issue resolved after inspection or repair.,advisory,advisory
1000365,DG004,DGU0025,1000034,air-conditioning failure,Generated advisory: partial equipment/comfort issue; space remained usable.,2023-12-22T16:30:00,2023-12-22T18:30:00,completed,Advisory issue resolved after inspection or repair.,advisory,advisory
1000366,DG015,DGU0054,,damaged furniture,Generated advisory: partial equipment/comfort issue; space remained usable.,2025-02-11T16:30:00,2025-02-11T18:30:00,completed,Advisory issue resolved after inspection or repair.,advisory,advisory
1000367,DG059,DGU0306,,cleaning issue,Generated advisory: partial equipment/comfort issue; space remained usable.,2024-12-15T13:00:00,2024-12-15T16:00:00,completed,Advisory issue resolved after inspection or repair.,advisory,advisory
1000368,DG055,DGU0042,,network problem,Generated advisory: partial equipment/comfort issue; space remained usable.,2024-03-10T11:30:00,2024-03-10T13:30:00,completed,Advisory issue resolved after inspection or repair.,advisory,advisory
1000369,DG011,DGTA0024,,damaged furniture,Generated advisory: partial equipment/comfort issue; space remained usable.,2023-06-03T14:00:00,2023-06-03T16:30:00,completed,Advisory issue resolved after inspection or repair.,advisory,advisory
1000370,DG042,DGL0023,,cleaning issue,Generated advisory: partial equipment/comfort issue; space remained usable.,2024-08-13T15:30:00,2024-08-13T17:30:00,completed,Advisory issue resolved after inspection or repair.,advisory,advisory
1000371,DG051,DGU0254,,cleaning issue,Generated advisory: partial equipment/comfort issue; space remained usable.,2023-09-25T15:30:00,2023-09-25T17:30:00,completed,Advisory issue resolved after inspection or repair.,advisory,advisory
1000372,DG018,DGU0163,,damaged furniture,Generated advisory: partial equipment/comfort issue; space remained usable.,2023-03-03T09:30:00,2023-03-03T11:30:00,completed,Advisory issue resolved after inspection or repair.,advisory,advisory
1000373,DG029,DGU0152,,cleaning issue,Generated advisory: partial equipment/comfort issue; space remained usable.,2025-06-07T11:00:00,2025-06-07T14:00:00,completed,Advisory issue resolved after inspection or repair.,advisory,advisory
1000374,DG003,DGU0367,,cleaning issue,Generated advisory: partial equipment/comfort issue; space remained usable.,2023-12-15T15:30:00,2023-12-15T17:30:00,completed,Advisory issue resolved after inspection or repair.,advisory,advisory
1000375,DG037,DGFS0004,,network problem,Generated advisory: partial equipment/comfort issue; space remained usable.,2022-10-29T13:30:00,2022-10-29T15:30:00,completed,Advisory issue resolved after inspection or repair.,advisory,advisory
1000376,DG003,DGU0227,1000021,broken projector,Generated advisory: partial equipment/comfort issue; space remained usable.,2025-05-27T10:30:00,2025-05-27T12:30:00,completed,Advisory issue resolved after inspection or repair.,advisory,advisory
1000377,DG042,DGU0200,,damaged furniture,Generated advisory: partial equipment/comfort issue; space remained usable.,2023-12-08T13:30:00,2023-12-08T16:30:00,completed,Advisory issue resolved after inspection or repair.,advisory,advisory
1000378,DG010,DGU0287,,damaged furniture,Generated advisory: partial equipment/comfort issue; space remained usable.,2025-07-23T13:30:00,2025-07-23T16:00:00,completed,Advisory issue resolved after inspection or repair.,advisory,advisory
1000379,DG059,DGU0145,1000470,air-conditioning failure,Generated advisory: partial equipment/comfort issue; space remained usable.,2024-11-22T07:30:00,2024-11-22T09:30:00,completed,Advisory issue resolved after inspection or repair.,advisory,advisory
1000380,DG018,DGU0112,1000140,air-conditioning failure,Generated advisory: partial equipment/comfort issue; space remained usable.,2023-08-22T08:30:00,2023-08-22T11:30:00,completed,Advisory issue resolved after inspection or repair.,advisory,advisory
1000381,DG047,DGL0019,,cleaning issue,Generated advisory: partial equipment/comfort issue; space remained usable.,2024-03-24T08:30:00,2024-03-24T10:30:00,completed,Advisory issue resolved after inspection or repair.,advisory,advisory
1000382,DG024,DGU0383,,network problem,Generated advisory: partial equipment/comfort issue; space remained usable.,2023-04-11T09:30:00,2023-04-11T11:30:00,completed,Advisory issue resolved after inspection or repair.,advisory,advisory
1000383,DG025,DGU0228,1000187,broken projector,Generated advisory: partial equipment/comfort issue; space remained usable.,2023-09-23T16:30:00,2023-09-23T18:30:00,completed,Advisory issue resolved after inspection or repair.,advisory,advisory
1000384,DG048,DGL0026,1000372,air-conditioning failure,Generated advisory: partial equipment/comfort issue; space remained usable.,2023-05-09T14:30:00,2023-05-09T16:30:00,completed,Advisory issue resolved after inspection or repair.,advisory,advisory
1000385,DG012,DGU0177,,damaged furniture,Generated advisory: partial equipment/comfort issue; space remained usable.,2023-04-25T07:30:00,2023-04-25T09:30:00,completed,Advisory issue resolved after inspection or repair.,advisory,advisory
1000386,DG023,DGU0028,,cleaning issue,Generated advisory: partial equipment/comfort issue; space remained usable.,2025-06-20T08:30:00,2025-06-20T10:30:00,completed,Advisory issue resolved after inspection or repair.,advisory,advisory
1000387,DG058,DGL0035,1000467,broken projector,Generated advisory: partial equipment/comfort issue; space remained usable.,2022-10-13T10:30:00,2022-10-13T12:30:00,completed,Advisory issue resolved after inspection or repair.,advisory,advisory
1000388,DG007,DGU0211,,cleaning issue,Generated advisory: partial equipment/comfort issue; space remained usable.,2024-01-10T11:30:00,2024-01-10T13:30:00,completed,Advisory issue resolved after inspection or repair.,advisory,advisory
1000389,DG055,DGFM0001,1000425,broken projector,Generated advisory: partial equipment/comfort issue; space remained usable.,2024-09-11T09:30:00,2024-09-11T12:30:00,completed,Advisory issue resolved after inspection or repair.,advisory,advisory
1000390,DG039,DGU0393,,damaged furniture,Generated advisory: partial equipment/comfort issue; space remained usable.,2022-11-05T10:30:00,2022-11-05T13:30:00,completed,Advisory issue resolved after inspection or repair.,advisory,advisory
1000391,DG035,DGU0096,,damaged furniture,Generated advisory: partial equipment/comfort issue; space remained usable.,2024-02-23T14:00:00,2024-02-23T17:00:00,completed,Advisory issue resolved after inspection or repair.,advisory,advisory
1000392,DG028,DGDA0007,,network problem,Generated advisory: partial equipment/comfort issue; space remained usable.,2024-10-29T16:30:00,2024-10-29T18:30:00,completed,Advisory issue resolved after inspection or repair.,advisory,advisory
1000393,DG051,DGU0243,,cleaning issue,Generated advisory: partial equipment/comfort issue; space remained usable.,2024-10-23T14:30:00,2024-10-23T16:30:00,completed,Advisory issue resolved after inspection or repair.,advisory,advisory
1000394,DG026,DGU0150,,network problem,Generated advisory: partial equipment/comfort issue; space remained usable.,2025-08-31T12:30:00,2025-08-31T14:30:00,completed,Advisory issue resolved after inspection or repair.,advisory,advisory
1000395,DG008,DGFS0021,,cleaning issue,Generated advisory: partial equipment/comfort issue; space remained usable.,2023-07-11T10:30:00,2023-07-11T13:00:00,completed,Advisory issue resolved after inspection or repair.,advisory,advisory
1000396,DG011,DGFS0025,,other,Generated advisory: partial equipment/comfort issue; space remained usable.,2025-07-03T08:30:00,2025-07-03T11:30:00,completed,Advisory issue resolved after inspection or repair.,advisory,advisory
1000397,DG032,DGU0196,1000242,air-conditioning failure,Generated advisory: partial equipment/comfort issue; space remained usable.,2022-11-12T09:30:00,2022-11-12T11:30:00,completed,Advisory issue resolved after inspection or repair.,advisory,advisory
1000398,DG030,DGFS0024,1000232,broken projector,Generated advisory: partial equipment/comfort issue; space remained usable.,2023-01-24T07:30:00,2023-01-24T09:30:00,completed,Advisory issue resolved after inspection or repair.,advisory,advisory
1000399,DG038,DGFS0013,1000284,broken projector,Generated advisory: partial equipment/comfort issue; space remained usable.,2023-12-19T16:30:00,2023-12-19T18:30:00,completed,Advisory issue resolved after inspection or repair.,advisory,advisory
1000400,DG014,DGU0307,1000100,air-conditioning failure,Generated advisory: partial equipment/comfort issue; space remained usable.,2022-10-21T08:30:00,2022-10-21T11:30:00,completed,Advisory issue resolved after inspection or repair.,advisory,advisory
1000401,DG021,DGL0032,,damaged furniture,Generated advisory: partial equipment/comfort issue; space remained usable.,2023-06-29T07:30:00,2023-06-29T09:30:00,completed,Advisory issue resolved after inspection or repair.,advisory,advisory
1000402,DG056,DGFM0003,,cleaning issue,Generated advisory: partial equipment/comfort issue; space remained usable.,2024-03-09T15:30:00,2024-03-09T18:30:00,completed,Advisory issue resolved after inspection or repair.,advisory,advisory
1000403,DG013,DGU0103,1000091,broken projector,Generated advisory: partial equipment/comfort issue; space remained usable.,2024-07-31T15:00:00,2024-07-31T17:00:00,completed,Advisory issue resolved after inspection or repair.,advisory,advisory
1000404,DG025,DGU0397,,other,Generated advisory: partial equipment/comfort issue; space remained usable.,2022-09-06T07:30:00,2022-09-06T10:30:00,completed,Advisory issue resolved after inspection or repair.,advisory,advisory
1000405,DG019,DGU0297,,other,Generated advisory: partial equipment/comfort issue; space remained usable.,2022-09-01T10:30:00,2022-09-01T12:30:00,completed,Advisory issue resolved after inspection or repair.,advisory,advisory
1000406,DG052,DGFM0004,,network problem,Generated advisory: partial equipment/comfort issue; space remained usable.,2024-11-01T10:30:00,2024-11-01T13:30:00,completed,Advisory issue resolved after inspection or repair.,advisory,advisory
1000407,DG001,DGU0339,,network problem,Generated advisory: partial equipment/comfort issue; space remained usable.,2023-07-06T13:30:00,2023-07-06T15:30:00,completed,Advisory issue resolved after inspection or repair.,advisory,advisory
1000408,DG011,DGU0046,,network problem,Generated advisory: partial equipment/comfort issue; space remained usable.,2023-02-22T07:30:00,2023-02-22T10:30:00,completed,Advisory issue resolved after inspection or repair.,advisory,advisory
1000409,DG012,DGL0032,,cleaning issue,Generated advisory: partial equipment/comfort issue; space remained usable.,2022-11-28T09:30:00,2022-11-28T11:30:00,completed,Advisory issue resolved after inspection or repair.,advisory,advisory
1000410,DG054,DGU0344,,network problem,Generated advisory: partial equipment/comfort issue; space remained usable.,2023-09-07T11:30:00,2023-09-07T15:30:00,completed,Advisory issue resolved after inspection or repair.,advisory,advisory
1000411,DG027,DGU0014,1000212,broken projector,Generated advisory: partial equipment/comfort issue; space remained usable.,2023-03-21T11:30:00,2023-03-21T13:30:00,completed,Advisory issue resolved after inspection or repair.,advisory,advisory
1000412,DG003,DGU0030,1000022,air-conditioning failure,Generated advisory: partial equipment/comfort issue; space remained usable.,2023-01-31T09:30:00,2023-01-31T12:30:00,completed,Advisory issue resolved after inspection or repair.,advisory,advisory
1000413,DG031,DGU0103,,other,Generated advisory: partial equipment/comfort issue; space remained usable.,2025-06-26T13:30:00,2025-06-26T15:30:00,completed,Advisory issue resolved after inspection or repair.,advisory,advisory
1000414,DG056,DGU0151,,damaged furniture,Generated advisory: partial equipment/comfort issue; space remained usable.,2025-06-23T07:30:00,2025-06-23T10:30:00,completed,Advisory issue resolved after inspection or repair.,advisory,advisory
1000415,DG011,DGFS0014,,network problem,Generated advisory: partial equipment/comfort issue; space remained usable.,2024-07-21T11:30:00,2024-07-21T14:30:00,completed,Advisory issue resolved after inspection or repair.,advisory,advisory
1000416,DG007,DGU0333,1000043,broken projector,Generated advisory: partial equipment/comfort issue; space remained usable.,2022-10-22T15:30:00,2022-10-22T17:30:00,completed,Advisory issue resolved after inspection or repair.,advisory,advisory
1000417,DG048,DGU0107,,other,Generated advisory: partial equipment/comfort issue; space remained usable.,2023-09-22T14:30:00,2023-09-22T17:30:00,completed,Advisory issue resolved after inspection or repair.,advisory,advisory
1000418,DG042,DGU0017,,other,Generated advisory: partial equipment/comfort issue; space remained usable.,2025-07-16T10:30:00,2025-07-16T13:00:00,completed,Advisory issue resolved after inspection or repair.,advisory,advisory
1000419,DG020,DGU0026,1000148,air-conditioning failure,Generated advisory: partial equipment/comfort issue; space remained usable.,2023-06-07T09:30:00,2023-06-07T12:30:00,completed,Advisory issue resolved after inspection or repair.,advisory,advisory
1000420,DG053,DGU0027,1000420,air-conditioning failure,Generated advisory: partial equipment/comfort issue; space remained usable.,2025-01-20T14:30:00,2025-01-20T17:30:00,completed,Advisory issue resolved after inspection or repair.,advisory,advisory
1000421,DG057,DGU0277,,cleaning issue,Generated advisory: partial equipment/comfort issue; space remained usable.,2024-02-29T13:00:00,2024-02-29T15:00:00,completed,Advisory issue resolved after inspection or repair.,advisory,advisory
1000422,DG019,DGL0014,,network problem,Generated advisory: partial equipment/comfort issue; space remained usable.,2023-11-08T14:00:00,2023-11-08T16:30:00,completed,Advisory issue resolved after inspection or repair.,advisory,advisory
1000423,DG017,DGU0068,,damaged furniture,Generated advisory: partial equipment/comfort issue; space remained usable.,2025-05-28T13:00:00,2025-05-28T15:30:00,completed,Advisory issue resolved after inspection or repair.,advisory,advisory
1000424,DG014,DGU0348,1000098,broken projector,Generated advisory: partial equipment/comfort issue; space remained usable.,2022-11-06T12:30:00,2022-11-06T15:30:00,completed,Advisory issue resolved after inspection or repair.,advisory,advisory
1000425,DG004,DGTA0025,1000034,air-conditioning failure,Generated advisory: partial equipment/comfort issue; space remained usable.,2024-08-29T12:00:00,2024-08-29T14:00:00,completed,Advisory issue resolved after inspection or repair.,advisory,advisory
1000426,DG012,DGU0068,1000090,broken projector,Generated advisory: partial equipment/comfort issue; space remained usable.,2022-10-13T15:30:00,2022-10-13T18:30:00,completed,Advisory issue resolved after inspection or repair.,advisory,advisory
1000427,DG035,DGU0093,,network problem,Generated advisory: partial equipment/comfort issue; space remained usable.,2024-06-17T08:30:00,2024-06-17T10:30:00,completed,Advisory issue resolved after inspection or repair.,advisory,advisory
1000428,DG015,DGTA0002,,network problem,Generated advisory: partial equipment/comfort issue; space remained usable.,2024-05-17T13:00:00,2024-05-17T16:00:00,completed,Advisory issue resolved after inspection or repair.,advisory,advisory
1000429,DG037,DGU0208,,damaged furniture,Generated advisory: partial equipment/comfort issue; space remained usable.,2025-07-31T10:30:00,2025-07-31T12:30:00,completed,Advisory issue resolved after inspection or repair.,advisory,advisory
1000430,DG058,DGFM0003,,network problem,Generated advisory: partial equipment/comfort issue; space remained usable.,2024-03-09T09:30:00,2024-03-09T11:30:00,completed,Advisory issue resolved after inspection or repair.,advisory,advisory
1000431,DG019,DGU0182,,other,Generated advisory: partial equipment/comfort issue; space remained usable.,2024-03-25T16:30:00,2024-03-25T18:30:00,completed,Advisory issue resolved after inspection or repair.,advisory,advisory
1000432,DG034,DGL0033,,network problem,Generated advisory: partial equipment/comfort issue; space remained usable.,2025-05-11T11:00:00,2025-05-11T13:30:00,completed,Advisory issue resolved after inspection or repair.,advisory,advisory
1000433,DG035,DGU0020,,damaged furniture,Generated advisory: partial equipment/comfort issue; space remained usable.,2025-04-18T12:30:00,2025-04-18T14:30:00,completed,Advisory issue resolved after inspection or repair.,advisory,advisory
1000434,DG027,DGU0122,,other,Generated advisory: partial equipment/comfort issue; space remained usable.,2023-10-23T15:30:00,2023-10-23T17:30:00,completed,Advisory issue resolved after inspection or repair.,advisory,advisory
1000435,DG006,DGU0294,,cleaning issue,Generated advisory: partial equipment/comfort issue; space remained usable.,2024-10-11T09:30:00,2024-10-11T11:30:00,completed,Advisory issue resolved after inspection or repair.,advisory,advisory
1000436,DG047,DGU0155,1000368,air-conditioning failure,Generated advisory: partial equipment/comfort issue; space remained usable.,2023-03-14T12:30:00,2023-03-14T14:30:00,completed,Advisory issue resolved after inspection or repair.,advisory,advisory
1000437,DG021,DGU0067,,other,Generated advisory: partial equipment/comfort issue; space remained usable.,2023-12-20T09:30:00,2023-12-20T12:30:00,completed,Advisory issue resolved after inspection or repair.,advisory,advisory
1000438,DG013,DGU0021,1000091,broken projector,Generated advisory: partial equipment/comfort issue; space remained usable.,2023-08-22T10:30:00,2023-08-22T13:30:00,completed,Advisory issue resolved after inspection or repair.,advisory,advisory
1000439,DG021,DGU0349,1000161,air-conditioning failure,Generated advisory: partial equipment/comfort issue; space remained usable.,2023-10-15T10:30:00,2023-10-15T12:30:00,completed,Advisory issue resolved after inspection or repair.,advisory,advisory
1000440,DG025,DGU0244,1000191,air-conditioning failure,Generated advisory: partial equipment/comfort issue; space remained usable.,2024-02-29T10:30:00,2024-02-29T12:30:00,completed,Advisory issue resolved after inspection or repair.,advisory,advisory
1000441,DG011,DGU0293,,cleaning issue,Generated advisory: partial equipment/comfort issue; space remained usable.,2023-09-11T13:30:00,2023-09-11T16:30:00,completed,Advisory issue resolved after inspection or repair.,advisory,advisory
1000442,DG001,DGFS0011,1000005,air-conditioning failure,Generated advisory: partial equipment/comfort issue; space remained usable.,2023-10-19T16:30:00,2023-10-19T18:30:00,completed,Advisory issue resolved after inspection or repair.,advisory,advisory
1000443,DG037,DGU0062,,other,Generated advisory: partial equipment/comfort issue; space remained usable.,2024-02-12T10:30:00,2024-02-12T13:30:00,completed,Advisory issue resolved after inspection or repair.,advisory,advisory
1000444,DG052,DGL0016,,damaged furniture,Generated advisory: partial equipment/comfort issue; space remained usable.,2023-03-05T16:00:00,2023-03-05T18:30:00,completed,Advisory issue resolved after inspection or repair.,advisory,advisory
1000445,DG014,DGU0351,,other,Generated advisory: partial equipment/comfort issue; space remained usable.,2023-03-14T08:30:00,2023-03-14T11:30:00,completed,Advisory issue resolved after inspection or repair.,advisory,advisory
1000446,DG003,DGU0295,1000022,air-conditioning failure,Generated advisory: partial equipment/comfort issue; space remained usable.,2023-09-14T11:30:00,2023-09-14T13:30:00,completed,Advisory issue resolved after inspection or repair.,advisory,advisory
1000447,DG035,DGFS0002,,other,Generated advisory: partial equipment/comfort issue; space remained usable.,2024-11-09T10:30:00,2024-11-09T12:30:00,completed,Advisory issue resolved after inspection or repair.,advisory,advisory
1000448,DG006,DGFS0011,,damaged furniture,Generated advisory: partial equipment/comfort issue; space remained usable.,2023-05-01T07:30:00,2023-05-01T09:30:00,completed,Advisory issue resolved after inspection or repair.,advisory,advisory
1000449,DG003,DGFS0016,1000021,broken projector,Generated advisory: partial equipment/comfort issue; space remained usable.,2025-05-17T11:30:00,2025-05-17T13:30:00,completed,Advisory issue resolved after inspection or repair.,advisory,advisory
1000450,DG049,DGU0161,,cleaning issue,Generated advisory: partial equipment/comfort issue; space remained usable.,2025-02-23T07:30:00,2025-02-23T10:30:00,completed,Advisory issue resolved after inspection or repair.,advisory,advisory
1000451,DG023,DGU0144,,network problem,Generated advisory: partial equipment/comfort issue; space remained usable.,2023-05-10T07:30:00,2023-05-10T09:30:00,completed,Advisory issue resolved after inspection or repair.,advisory,advisory
1000452,DG003,DGU0248,1000021,broken projector,Generated advisory: partial equipment/comfort issue; space remained usable.,2023-09-05T11:30:00,2023-09-05T15:30:00,completed,Advisory issue resolved after inspection or repair.,advisory,advisory
1000453,DG006,DGL0035,,cleaning issue,Generated advisory: partial equipment/comfort issue; space remained usable.,2025-06-19T15:30:00,2025-06-19T17:30:00,completed,Advisory issue resolved after inspection or repair.,advisory,advisory
1000454,DG056,DGU0021,,network problem,Generated advisory: partial equipment/comfort issue; space remained usable.,2025-02-12T13:30:00,2025-02-12T15:30:00,completed,Advisory issue resolved after inspection or repair.,advisory,advisory
1000455,DG008,DGU0325,,cleaning issue,Generated advisory: partial equipment/comfort issue; space remained usable.,2022-12-02T15:00:00,2022-12-02T17:00:00,completed,Advisory issue resolved after inspection or repair.,advisory,advisory
1000456,DG016,DGU0187,1000132,air-conditioning failure,Generated advisory: partial equipment/comfort issue; space remained usable.,2024-07-21T13:30:00,2024-07-21T16:30:00,completed,Advisory issue resolved after inspection or repair.,advisory,advisory
1000457,DG037,DGU0249,,network problem,Generated advisory: partial equipment/comfort issue; space remained usable.,2023-11-13T15:30:00,2023-11-13T17:30:00,completed,Advisory issue resolved after inspection or repair.,advisory,advisory
1000458,DG005,DGU0292,,damaged furniture,Generated advisory: partial equipment/comfort issue; space remained usable.,2024-02-28T10:00:00,2024-02-28T13:00:00,completed,Advisory issue resolved after inspection or repair.,advisory,advisory
1000459,DG020,DGU0242,,damaged furniture,Generated advisory: partial equipment/comfort issue; space remained usable.,2022-11-09T08:30:00,2022-11-09T11:30:00,completed,Advisory issue resolved after inspection or repair.,advisory,advisory
1000460,DG042,DGU0147,,network problem,Generated advisory: partial equipment/comfort issue; space remained usable.,2023-09-24T09:30:00,2023-09-24T11:30:00,completed,Advisory issue resolved after inspection or repair.,advisory,advisory
1000461,DG038,DGU0354,,other,Generated advisory: partial equipment/comfort issue; space remained usable.,2025-08-10T12:30:00,2025-08-10T15:30:00,completed,Advisory issue resolved after inspection or repair.,advisory,advisory
1000462,DG015,DGU0264,,other,Generated advisory: partial equipment/comfort issue; space remained usable.,2025-01-11T07:30:00,2025-01-11T09:30:00,completed,Advisory issue resolved after inspection or repair.,advisory,advisory
1000463,DG047,DGU0263,,damaged furniture,Generated advisory: partial equipment/comfort issue; space remained usable.,2025-01-28T11:00:00,2025-01-28T13:00:00,completed,Advisory issue resolved after inspection or repair.,advisory,advisory
1000464,DG055,DGU0194,,network problem,Generated advisory: partial equipment/comfort issue; space remained usable.,2025-06-18T08:30:00,2025-06-18T10:30:00,completed,Advisory issue resolved after inspection or repair.,advisory,advisory
1000465,DG003,DGU0096,1000022,air-conditioning failure,Generated advisory: partial equipment/comfort issue; space remained usable.,2025-06-25T14:30:00,2025-06-25T16:30:00,completed,Advisory issue resolved after inspection or repair.,advisory,advisory
1000466,DG058,DGU0289,,cleaning issue,Generated advisory: partial equipment/comfort issue; space remained usable.,2024-08-17T15:30:00,2024-08-17T18:30:00,completed,Advisory issue resolved after inspection or repair.,advisory,advisory
1000467,DG035,DGU0118,1000274,air-conditioning failure,Generated advisory: partial equipment/comfort issue; space remained usable.,2023-08-04T15:30:00,2023-08-04T17:30:00,completed,Advisory issue resolved after inspection or repair.,advisory,advisory
1000468,DG014,DGU0007,,cleaning issue,Generated advisory: partial equipment/comfort issue; space remained usable.,2025-07-29T14:00:00,2025-07-29T16:00:00,completed,Advisory issue resolved after inspection or repair.,advisory,advisory
1000469,DG012,DGU0347,,cleaning issue,Generated advisory: partial equipment/comfort issue; space remained usable.,2023-10-08T11:30:00,2023-10-08T13:30:00,completed,Advisory issue resolved after inspection or repair.,advisory,advisory
1000470,DG034,DGU0153,,damaged furniture,Generated advisory: partial equipment/comfort issue; space remained usable.,2023-01-21T09:30:00,2023-01-21T11:30:00,completed,Advisory issue resolved after inspection or repair.,advisory,advisory
1000471,DG052,DGU0338,1000416,air-conditioning failure,Generated advisory: partial equipment/comfort issue; space remained usable.,2023-09-24T08:30:00,2023-09-24T10:30:00,completed,Advisory issue resolved after inspection or repair.,advisory,advisory
1000472,DG059,DGU0260,,other,Generated advisory: partial equipment/comfort issue; space remained usable.,2024-02-25T14:30:00,2024-02-25T18:30:00,completed,Advisory issue resolved after inspection or repair.,advisory,advisory
1000473,DG038,DGU0095,1000286,air-conditioning failure,Generated advisory: partial equipment/comfort issue; space remained usable.,2023-06-24T09:30:00,2023-06-24T13:30:00,completed,Advisory issue resolved after inspection or repair.,advisory,advisory
1000474,DG012,DGL0006,1000088,air-conditioning failure,Generated advisory: partial equipment/comfort issue; space remained usable.,2022-11-19T10:30:00,2022-11-19T14:30:00,completed,Advisory issue resolved after inspection or repair.,advisory,advisory
1000475,DG012,DGDA0006,,network problem,Generated advisory: partial equipment/comfort issue; space remained usable.,2025-06-20T14:30:00,2025-06-20T18:30:00,completed,Advisory issue resolved after inspection or repair.,advisory,advisory
1000476,DG051,DGU0027,,network problem,Generated advisory: partial equipment/comfort issue; space remained usable.,2022-10-29T11:30:00,2022-10-29T14:30:00,completed,Advisory issue resolved after inspection or repair.,advisory,advisory
1000477,DG054,DGU0276,,network problem,Generated advisory: partial equipment/comfort issue; space remained usable.,2024-08-01T08:30:00,2024-08-01T10:30:00,completed,Advisory issue resolved after inspection or repair.,advisory,advisory
1000478,DG015,DGU0113,,damaged furniture,Generated advisory: partial equipment/comfort issue; space remained usable.,2025-04-01T12:00:00,2025-04-01T14:30:00,completed,Advisory issue resolved after inspection or repair.,advisory,advisory
1000479,DG051,DGU0209,1000397,air-conditioning failure,Generated advisory: partial equipment/comfort issue; space remained usable.,2022-11-23T08:00:00,2022-11-23T10:00:00,completed,Advisory issue resolved after inspection or repair.,advisory,advisory
1000480,DG026,DGU0198,,cleaning issue,Generated advisory: partial equipment/comfort issue; space remained usable.,2023-11-10T09:30:00,2023-11-10T12:30:00,completed,Advisory issue resolved after inspection or repair.,advisory,advisory
1000481,DG024,DGU0235,,cleaning issue,Generated advisory: partial equipment/comfort issue; space remained usable.,2025-08-16T12:30:00,2025-08-16T15:30:00,completed,Advisory issue resolved after inspection or repair.,advisory,advisory
1000482,DG021,DGU0290,,damaged furniture,Generated advisory: partial equipment/comfort issue; space remained usable.,2022-11-22T11:30:00,2022-11-22T13:30:00,completed,Advisory issue resolved after inspection or repair.,advisory,advisory
1000483,DG059,DGU0373,1000470,air-conditioning failure,Generated advisory: partial equipment/comfort issue; space remained usable.,2025-05-21T09:00:00,2025-05-21T11:30:00,completed,Advisory issue resolved after inspection or repair.,advisory,advisory
1000484,DG037,DGU0032,,cleaning issue,Generated advisory: partial equipment/comfort issue; space remained usable.,2024-02-03T12:30:00,2024-02-03T15:30:00,completed,Advisory issue resolved after inspection or repair.,advisory,advisory
1000485,DG034,DGU0371,,damaged furniture,Generated advisory: partial equipment/comfort issue; space remained usable.,2024-10-18T07:30:00,2024-10-18T11:30:00,completed,Advisory issue resolved after inspection or repair.,advisory,advisory
1000486,DG053,DGU0366,,other,Generated advisory: partial equipment/comfort issue; space remained usable.,2023-06-16T08:30:00,2023-06-16T11:30:00,completed,Advisory issue resolved after inspection or repair.,advisory,advisory
1000487,DG047,DGFS0024,,damaged furniture,Generated advisory: partial equipment/comfort issue; space remained usable.,2023-05-01T10:00:00,2023-05-01T12:00:00,completed,Advisory issue resolved after inspection or repair.,advisory,advisory
1000488,DG057,DGU0077,,other,Generated advisory: partial equipment/comfort issue; space remained usable.,2025-03-21T10:00:00,2025-03-21T12:00:00,completed,Advisory issue resolved after inspection or repair.,advisory,advisory
1000489,DG027,DGFS0008,1000212,broken projector,Generated advisory: partial equipment/comfort issue; space remained usable.,2025-08-07T16:30:00,2025-08-07T18:30:00,completed,Advisory issue resolved after inspection or repair.,advisory,advisory
1000490,DG006,DGFS0002,,network problem,Generated advisory: partial equipment/comfort issue; space remained usable.,2025-07-21T11:00:00,2025-07-21T13:30:00,completed,Advisory issue resolved after inspection or repair.,advisory,advisory
1000491,DG037,DGFS0012,,other,Generated advisory: partial equipment/comfort issue; space remained usable.,2024-08-16T12:30:00,2024-08-16T14:30:00,completed,Advisory issue resolved after inspection or repair.,advisory,advisory
1000492,DG059,DGL0009,,cleaning issue,Generated advisory: partial equipment/comfort issue; space remained usable.,2022-10-21T14:30:00,2022-10-21T16:30:00,completed,Advisory issue resolved after inspection or repair.,advisory,advisory
1000493,DG006,DGFS0001,1000040,air-conditioning failure,Generated advisory: partial equipment/comfort issue; space remained usable.,2024-11-11T10:30:00,2024-11-11T12:30:00,completed,Advisory issue resolved after inspection or repair.,advisory,advisory
1000494,DG042,DGU0261,,damaged furniture,Generated advisory: partial equipment/comfort issue; space remained usable.,2025-08-21T07:30:00,2025-08-21T10:30:00,completed,Advisory issue resolved after inspection or repair.,advisory,advisory
1000495,DG016,DGFS0024,,damaged furniture,Generated advisory: partial equipment/comfort issue; space remained usable.,2022-12-30T10:30:00,2022-12-30T12:30:00,completed,Advisory issue resolved after inspection or repair.,advisory,advisory
1000496,DG007,DGU0376,,damaged furniture,Generated advisory: partial equipment/comfort issue; space remained usable.,2024-11-17T12:30:00,2024-11-17T14:30:00,completed,Advisory issue resolved after inspection or repair.,advisory,advisory
1000497,DG003,DGU0398,1000021,broken projector,Generated advisory: partial equipment/comfort issue; space remained usable.,2022-11-04T13:00:00,2022-11-04T15:00:00,completed,Advisory issue resolved after inspection or repair.,advisory,advisory
1000498,DG051,DGU0389,,cleaning issue,Generated advisory: partial equipment/comfort issue; space remained usable.,2022-10-01T13:30:00,2022-10-01T15:30:00,completed,Advisory issue resolved after inspection or repair.,advisory,advisory
1000499,DG005,DGFS0020,,network problem,Generated advisory: partial equipment/comfort issue; space remained usable.,2024-02-03T10:00:00,2024-02-03T13:00:00,completed,Advisory issue resolved after inspection or repair.,advisory,advisory
1000500,DG011,DGFS0018,,cleaning issue,Generated escalation case: advisory later became out-of-service.,2024-06-11T13:40:00,2024-06-11T15:40:00,completed,Escalated issue resolved; room returned to service.,advisory,out-of-service
1000501,DG006,DGU0098,,damaged furniture,Generated escalation case: advisory later became out-of-service.,2025-01-03T09:40:00,2025-01-03T12:40:00,completed,Escalated issue resolved; room returned to service.,advisory,out-of-service
1000502,DG033,DGFS0009,,other,Generated escalation case: advisory later became out-of-service.,2023-12-01T14:40:00,2023-12-01T16:40:00,completed,Escalated issue resolved; room returned to service.,advisory,out-of-service
1000503,DG038,DGU0305,1000284,broken projector,Generated escalation case: advisory later became out-of-service.,2024-03-02T10:40:00,2024-03-02T12:40:00,completed,Escalated issue resolved; room returned to service.,advisory,out-of-service
1000504,DG027,DGU0254,1000213,air-conditioning failure,Generated escalation case: advisory later became out-of-service.,2023-02-02T08:40:00,2023-02-02T10:40:00,completed,Escalated issue resolved; room returned to service.,advisory,out-of-service
1000505,DG017,DGU0119,1000137,air-conditioning failure,Generated escalation case: advisory later became out-of-service.,2023-05-22T16:40:00,2023-05-22T18:40:00,completed,Escalated issue resolved; room returned to service.,advisory,out-of-service
1000506,DG027,DGU0119,1000212,broken projector,Generated escalation case: advisory later became out-of-service.,2022-11-29T15:40:00,2022-11-29T18:40:00,completed,Escalated issue resolved; room returned to service.,advisory,out-of-service
1000507,DG013,DGFS0012,1000091,broken projector,Generated escalation case: advisory later became out-of-service.,2023-05-10T12:40:00,2023-05-10T15:40:00,completed,Escalated issue resolved; room returned to service.,advisory,out-of-service
1000508,DG026,DGU0179,1000193,broken projector,Generated escalation case: advisory later became out-of-service.,2025-06-20T12:40:00,2025-06-20T15:40:00,completed,Escalated issue resolved; room returned to service.,advisory,out-of-service
1000509,DG019,DGU0130,1000145,air-conditioning failure,Generated escalation case: advisory later became out-of-service.,2022-12-20T09:40:00,2022-12-20T12:40:00,completed,Escalated issue resolved; room returned to service.,advisory,out-of-service
1000510,DG056,DGU0298,1000432,broken projector,Generated escalation case: advisory later became out-of-service.,2025-06-03T13:40:00,2025-06-03T15:40:00,completed,Escalated issue resolved; room returned to service.,advisory,out-of-service
1000511,DG036,DGU0043,,network problem,Generated escalation case: advisory later became out-of-service.,2025-03-17T10:40:00,2025-03-17T14:40:00,completed,Escalated issue resolved; room returned to service.,advisory,out-of-service
1000512,DG036,DGU0083,,network problem,Generated escalation case: advisory later became out-of-service.,2025-06-24T07:40:00,2025-06-24T09:40:00,completed,Escalated issue resolved; room returned to service.,advisory,out-of-service
1000513,DG017,DGFS0010,,cleaning issue,Generated escalation case: advisory later became out-of-service.,2025-05-21T10:40:00,2025-05-21T14:40:00,completed,Escalated issue resolved; room returned to service.,advisory,out-of-service
1000514,DG058,DGU0148,1000465,air-conditioning failure,Generated escalation case: advisory later became out-of-service.,2024-11-14T12:40:00,2024-11-14T14:40:00,completed,Escalated issue resolved; room returned to service.,advisory,out-of-service
1000515,DG018,DGTA0005,,other,Generated escalation case: advisory later became out-of-service.,2023-11-10T08:40:00,2023-11-10T11:40:00,completed,Escalated issue resolved; room returned to service.,advisory,out-of-service
1000516,DG035,DGU0061,1000274,air-conditioning failure,Generated escalation case: advisory later became out-of-service.,2025-05-12T09:40:00,2025-05-12T13:40:00,completed,Escalated issue resolved; room returned to service.,advisory,out-of-service
1000517,DG054,DGU0366,,cleaning issue,Generated escalation case: advisory later became out-of-service.,2023-09-07T11:40:00,2023-09-07T15:40:00,completed,Escalated issue resolved; room returned to service.,advisory,out-of-service
1000518,DG019,DGFS0020,1000145,air-conditioning failure,Generated escalation case: advisory later became out-of-service.,2024-03-12T08:40:00,2024-03-12T10:40:00,completed,Escalated issue resolved; room returned to service.,advisory,out-of-service
1000519,DG053,DGFS0023,,cleaning issue,Generated escalation case: advisory later became out-of-service.,2022-09-22T07:40:00,2022-09-22T09:40:00,completed,Escalated issue resolved; room returned to service.,advisory,out-of-service
1000520,DG010,DGTA0024,,other,Generated escalation case: advisory later became out-of-service.,2024-01-28T16:40:00,2024-01-28T18:40:00,completed,Escalated issue resolved; room returned to service.,advisory,out-of-service
1000521,DG045,DGU0334,,network problem,Generated escalation case: advisory later became out-of-service.,2022-11-11T16:40:00,2022-11-11T18:40:00,completed,Escalated issue resolved; room returned to service.,advisory,out-of-service
1000522,DG001,DGFS0024,,network problem,Generated escalation case: advisory later became out-of-service.,2024-05-12T16:40:00,2024-05-12T18:40:00,completed,Escalated issue resolved; room returned to service.,advisory,out-of-service
1000523,DG036,DGU0314,1000277,air-conditioning failure,Generated escalation case: advisory later became out-of-service.,2023-08-22T08:40:00,2023-08-22T10:40:00,completed,Escalated issue resolved; room returned to service.,advisory,out-of-service
1000524,DG011,DGU0104,,damaged furniture,Generated escalation case: advisory later became out-of-service.,2024-09-20T13:40:00,2024-09-20T15:40:00,completed,Escalated issue resolved; room returned to service.,advisory,out-of-service
1000525,DG056,DGFS0015,1000432,broken projector,Generated escalation case: advisory later became out-of-service.,2025-01-16T07:40:00,2025-01-16T10:40:00,completed,Escalated issue resolved; room returned to service.,advisory,out-of-service
1000526,DG017,DGU0128,,damaged furniture,Generated escalation case: advisory later became out-of-service.,2025-08-12T13:40:00,2025-08-12T15:40:00,completed,Escalated issue resolved; room returned to service.,advisory,out-of-service
1000527,DG020,DGU0059,,network problem,Generated escalation case: advisory later became out-of-service.,2023-01-19T09:40:00,2023-01-19T11:40:00,completed,Escalated issue resolved; room returned to service.,advisory,out-of-service
1000528,DG051,DGFS0008,,other,Generated escalation case: advisory later became out-of-service.,2024-02-03T13:40:00,2024-02-03T15:40:00,completed,Escalated issue resolved; room returned to service.,advisory,out-of-service
1000529,DG055,DGU0135,,other,Generated escalation case: advisory later became out-of-service.,2025-04-18T09:40:00,2025-04-18T11:40:00,completed,Escalated issue resolved; room returned to service.,advisory,out-of-service
1000530,DG007,DGU0295,1000047,air-conditioning failure,Generated escalation case: advisory later became out-of-service.,2023-12-23T13:40:00,2023-12-23T15:40:00,completed,Escalated issue resolved; room returned to service.,advisory,out-of-service
1000531,DG045,DGU0337,,damaged furniture,Generated escalation case: advisory later became out-of-service.,2024-10-13T10:40:00,2024-10-13T12:40:00,completed,Escalated issue resolved; room returned to service.,advisory,out-of-service
1000532,DG015,DGL0035,1000118,air-conditioning failure,Generated escalation case: advisory later became out-of-service.,2025-08-08T11:40:00,2025-08-08T13:40:00,completed,Escalated issue resolved; room returned to service.,advisory,out-of-service
1000533,DG053,DGU0339,,network problem,Generated escalation case: advisory later became out-of-service.,2022-09-19T16:40:00,2022-09-19T18:40:00,completed,Escalated issue resolved; room returned to service.,advisory,out-of-service
1000534,DG015,DGU0208,,damaged furniture,Generated escalation case: advisory later became out-of-service.,2023-09-07T07:40:00,2023-09-07T09:40:00,completed,Escalated issue resolved; room returned to service.,advisory,out-of-service
1000535,DG030,DGU0190,,cleaning issue,Generated escalation case: advisory later became out-of-service.,2024-12-30T13:40:00,2024-12-30T15:40:00,completed,Escalated issue resolved; room returned to service.,advisory,out-of-service
1000536,DG057,DGU0217,1000446,broken projector,Generated escalation case: advisory later became out-of-service.,2024-05-27T15:40:00,2024-05-27T17:40:00,completed,Escalated issue resolved; room returned to service.,advisory,out-of-service
1000537,DG060,DGFS0006,1000472,air-conditioning failure,Generated escalation case: advisory later became out-of-service.,2023-06-08T09:40:00,2023-06-08T12:40:00,completed,Escalated issue resolved; room returned to service.,advisory,out-of-service
1000538,DG012,DGFS0017,,other,Generated escalation case: advisory later became out-of-service.,2023-02-15T10:40:00,2023-02-15T12:40:00,completed,Escalated issue resolved; room returned to service.,advisory,out-of-service
1000539,DG036,DGU0065,,damaged furniture,Generated escalation case: advisory later became out-of-service.,2024-06-28T14:40:00,2024-06-28T16:40:00,completed,Escalated issue resolved; room returned to service.,advisory,out-of-service
1000540,DG014,DGU0257,1000098,broken projector,Generated escalation case: advisory later became out-of-service.,2025-05-22T09:40:00,2025-05-22T12:40:00,completed,Escalated issue resolved; room returned to service.,advisory,out-of-service
1000541,DG054,DGFS0004,,network problem,Generated escalation case: advisory later became out-of-service.,2024-01-29T13:40:00,2024-01-29T16:40:00,completed,Escalated issue resolved; room returned to service.,advisory,out-of-service
1000542,DG040,DGFS0014,,cleaning issue,Generated escalation case: advisory later became out-of-service.,2023-11-20T08:40:00,2023-11-20T12:40:00,completed,Escalated issue resolved; room returned to service.,advisory,out-of-service
1000543,DG048,DGU0100,,network problem,Generated escalation case: advisory later became out-of-service.,2025-06-10T09:40:00,2025-06-10T11:40:00,completed,Escalated issue resolved; room returned to service.,advisory,out-of-service
1000544,DG041,DGU0109,,damaged furniture,Generated escalation case: advisory later became out-of-service.,2024-06-15T13:40:00,2024-06-15T15:40:00,completed,Escalated issue resolved; room returned to service.,advisory,out-of-service
1000545,DG040,DGU0188,,damaged furniture,Generated escalation case: advisory later became out-of-service.,2023-11-07T09:40:00,2023-11-07T13:40:00,completed,Escalated issue resolved; room returned to service.,advisory,out-of-service
1000546,DG012,DGU0216,,damaged furniture,Generated escalation case: advisory later became out-of-service.,2025-04-07T16:40:00,2025-04-07T18:40:00,completed,Escalated issue resolved; room returned to service.,advisory,out-of-service
1000547,DG024,DGU0001,1000184,air-conditioning failure,Generated escalation case: advisory later became out-of-service.,2025-07-11T13:40:00,2025-07-11T16:40:00,completed,Escalated issue resolved; room returned to service.,advisory,out-of-service
1000548,DG045,DGU0271,,cleaning issue,Generated escalation case: advisory later became out-of-service.,2024-07-19T07:40:00,2024-07-19T09:40:00,completed,Escalated issue resolved; room returned to service.,advisory,out-of-service
1000549,DG054,DGFS0020,,cleaning issue,Generated escalation case: advisory later became out-of-service.,2024-08-19T12:40:00,2024-08-19T15:40:00,completed,Escalated issue resolved; room returned to service.,advisory,out-of-service
1000550,DG048,DGU0098,,cleaning issue,Generated escalation case: advisory later became out-of-service.,2024-07-29T14:40:00,2024-07-29T17:40:00,completed,Escalated issue resolved; room returned to service.,advisory,out-of-service
1000551,DG052,DGU0013,,other,Generated escalation case: advisory later became out-of-service.,2023-02-11T10:40:00,2023-02-11T12:40:00,completed,Escalated issue resolved; room returned to service.,advisory,out-of-service
1000552,DG005,DGDA0001,1000037,air-conditioning failure,Generated escalation case: advisory later became out-of-service.,2025-08-11T13:40:00,2025-08-11T16:40:00,completed,Escalated issue resolved; room returned to service.,advisory,out-of-service
1000553,DG024,DGU0294,,network problem,Generated escalation case: advisory later became out-of-service.,2025-05-05T11:40:00,2025-05-05T13:40:00,completed,Escalated issue resolved; room returned to service.,advisory,out-of-service
1000554,DG029,DGFS0024,,network problem,Generated escalation case: advisory later became out-of-service.,2023-07-31T12:40:00,2023-07-31T14:40:00,completed,Escalated issue resolved; room returned to service.,advisory,out-of-service
1000555,DG049,DGFS0016,,damaged furniture,Generated escalation case: advisory later became out-of-service.,2022-09-19T12:40:00,2022-09-19T15:40:00,completed,Escalated issue resolved; room returned to service.,advisory,out-of-service
1000556,DG051,DGFS0009,,other,Generated escalation case: advisory later became out-of-service.,2024-09-22T12:40:00,2024-09-22T16:40:00,completed,Escalated issue resolved; room returned to service.,advisory,out-of-service
1000557,DG052,DGFS0016,,other,Generated escalation case: advisory later became out-of-service.,2024-05-14T09:40:00,2024-05-14T13:40:00,completed,Escalated issue resolved; room returned to service.,advisory,out-of-service
1000558,DG017,DGU0126,,cleaning issue,Generated escalation case: advisory later became out-of-service.,2022-09-16T08:40:00,2022-09-16T10:40:00,completed,Escalated issue resolved; room returned to service.,advisory,out-of-service
1000559,DG013,DGU0379,1000091,broken projector,Generated escalation case: advisory later became out-of-service.,2023-01-11T11:40:00,2023-01-11T14:40:00,completed,Escalated issue resolved; room returned to service.,advisory,out-of-service
1000560,DG037,DGU0044,,other,Generated escalation case: advisory later became out-of-service.,2023-08-12T12:40:00,2023-08-12T16:40:00,completed,Escalated issue resolved; room returned to service.,advisory,out-of-service
1000561,DG013,DGU0081,1000091,broken projector,Generated escalation case: advisory later became out-of-service.,2022-12-02T07:40:00,2022-12-02T09:40:00,completed,Escalated issue resolved; room returned to service.,advisory,out-of-service
1000562,DG058,DGU0118,1000465,air-conditioning failure,Generated escalation case: advisory later became out-of-service.,2022-12-16T16:40:00,2022-12-16T18:40:00,completed,Escalated issue resolved; room returned to service.,advisory,out-of-service
1000563,DG056,DGU0084,,network problem,Generated escalation case: advisory later became out-of-service.,2023-10-04T09:40:00,2023-10-04T11:40:00,completed,Escalated issue resolved; room returned to service.,advisory,out-of-service
1000564,DG041,DGU0042,,cleaning issue,Generated escalation case: advisory later became out-of-service.,2023-02-18T14:40:00,2023-02-18T18:40:00,completed,Escalated issue resolved; room returned to service.,advisory,out-of-service
1000565,DG023,DGU0349,,network problem,Generated escalation case: advisory later became out-of-service.,2024-05-11T09:40:00,2024-05-11T11:40:00,completed,Escalated issue resolved; room returned to service.,advisory,out-of-service
1000566,DG055,DGU0059,,other,Generated escalation case: advisory later became out-of-service.,2024-04-25T13:40:00,2024-04-25T15:40:00,completed,Escalated issue resolved; room returned to service.,advisory,out-of-service
1000567,DG027,DGU0111,1000212,broken projector,Generated escalation case: advisory later became out-of-service.,2022-10-08T11:40:00,2022-10-08T13:40:00,completed,Escalated issue resolved; room returned to service.,advisory,out-of-service
1000568,DG044,DGU0103,,cleaning issue,Generated escalation case: advisory later became out-of-service.,2023-05-05T08:40:00,2023-05-05T11:40:00,completed,Escalated issue resolved; room returned to service.,advisory,out-of-service
1000569,DG046,DGU0079,,cleaning issue,Generated escalation case: advisory later became out-of-service.,2024-04-02T15:40:00,2024-04-02T18:40:00,completed,Escalated issue resolved; room returned to service.,advisory,out-of-service
1000570,DG030,DGU0038,,cleaning issue,Generated escalation case: advisory later became out-of-service.,2025-03-02T10:40:00,2025-03-02T14:40:00,completed,Escalated issue resolved; room returned to service.,advisory,out-of-service
1000571,DG007,DGU0179,,other,Generated escalation case: advisory later became out-of-service.,2023-09-27T07:40:00,2023-09-27T09:40:00,completed,Escalated issue resolved; room returned to service.,advisory,out-of-service
1000572,DG026,DGU0031,,cleaning issue,Generated escalation case: advisory later became out-of-service.,2024-04-22T14:40:00,2024-04-22T17:40:00,completed,Escalated issue resolved; room returned to service.,advisory,out-of-service
1000573,DG021,DGU0019,,cleaning issue,Generated escalation case: advisory later became out-of-service.,2024-11-26T14:40:00,2024-11-26T17:40:00,completed,Escalated issue resolved; room returned to service.,advisory,out-of-service
1000574,DG006,DGU0201,,other,Generated escalation case: advisory later became out-of-service.,2024-06-06T07:40:00,2024-06-06T09:40:00,completed,Escalated issue resolved; room returned to service.,advisory,out-of-service
1000575,DG019,DGU0316,,damaged furniture,Generated escalation case: advisory later became out-of-service.,2022-09-14T09:40:00,2022-09-14T12:40:00,completed,Escalated issue resolved; room returned to service.,advisory,out-of-service
1000576,DG047,DGU0142,1000370,broken projector,Generated escalation case: advisory later became out-of-service.,2025-04-08T09:40:00,2025-04-08T11:40:00,completed,Escalated issue resolved; room returned to service.,advisory,out-of-service
1000577,DG050,DGU0274,,cleaning issue,Generated escalation case: advisory later became out-of-service.,2023-08-24T13:40:00,2023-08-24T15:40:00,completed,Escalated issue resolved; room returned to service.,advisory,out-of-service
1000578,DG036,DGU0081,1000277,air-conditioning failure,Generated escalation case: advisory later became out-of-service.,2024-11-28T08:40:00,2024-11-28T11:40:00,completed,Escalated issue resolved; room returned to service.,advisory,out-of-service
1000579,DG011,DGU0062,,other,Generated escalation case: advisory later became out-of-service.,2024-07-21T16:40:00,2024-07-21T18:40:00,completed,Escalated issue resolved; room returned to service.,advisory,out-of-service
1000580,DG056,DGFS0020,1000434,air-conditioning failure,Generated escalation case: advisory later became out-of-service.,2024-08-18T07:40:00,2024-08-18T09:40:00,completed,Escalated issue resolved; room returned to service.,advisory,out-of-service
1000581,DG056,DGU0331,1000432,broken projector,Generated escalation case: advisory later became out-of-service.,2022-11-09T10:40:00,2022-11-09T12:40:00,completed,Escalated issue resolved; room returned to service.,advisory,out-of-service
1000582,DG029,DGU0154,,cleaning issue,Generated escalation case: advisory later became out-of-service.,2022-12-03T09:40:00,2022-12-03T12:40:00,completed,Escalated issue resolved; room returned to service.,advisory,out-of-service
1000583,DG020,DGU0265,1000146,broken projector,Generated escalation case: advisory later became out-of-service.,2024-11-23T09:40:00,2024-11-23T12:40:00,completed,Escalated issue resolved; room returned to service.,advisory,out-of-service
1000584,DG045,DGU0274,,network problem,Generated escalation case: advisory later became out-of-service.,2025-03-13T07:40:00,2025-03-13T09:40:00,completed,Escalated issue resolved; room returned to service.,advisory,out-of-service
1000585,DG015,DGU0207,1000117,broken projector,Generated escalation case: advisory later became out-of-service.,2025-03-22T09:40:00,2025-03-22T13:40:00,completed,Escalated issue resolved; room returned to service.,advisory,out-of-service
1000586,DG029,DGU0166,1000228,air-conditioning failure,Generated escalation case: advisory later became out-of-service.,2025-07-21T16:40:00,2025-07-21T18:40:00,completed,Escalated issue resolved; room returned to service.,advisory,out-of-service
1000587,DG043,DGFS0019,,damaged furniture,Generated escalation case: advisory later became out-of-service.,2023-07-22T15:40:00,2023-07-22T17:40:00,completed,Escalated issue resolved; room returned to service.,advisory,out-of-service
1000588,DG055,DGU0236,,damaged furniture,Generated escalation case: advisory later became out-of-service.,2024-01-31T08:40:00,2024-01-31T10:40:00,completed,Escalated issue resolved; room returned to service.,advisory,out-of-service
1000589,DG046,DGU0194,,network problem,Generated escalation case: advisory later became out-of-service.,2023-03-17T09:40:00,2023-03-17T11:40:00,completed,Escalated issue resolved; room returned to service.,advisory,out-of-service
1000590,DG052,DGU0230,,damaged furniture,Generated escalation case: advisory later became out-of-service.,2022-09-25T14:40:00,2022-09-25T17:40:00,completed,Escalated issue resolved; room returned to service.,advisory,out-of-service
1000591,DG050,DGU0274,,damaged furniture,Generated escalation case: advisory later became out-of-service.,2023-07-17T10:40:00,2023-07-17T12:40:00,completed,Escalated issue resolved; room returned to service.,advisory,out-of-service
1000592,DG017,DGL0006,,damaged furniture,Generated escalation case: advisory later became out-of-service.,2024-01-09T11:40:00,2024-01-09T13:40:00,completed,Escalated issue resolved; room returned to service.,advisory,out-of-service
1000593,DG021,DGU0291,1000160,broken projector,Generated escalation case: advisory later became out-of-service.,2025-01-03T12:40:00,2025-01-03T16:40:00,completed,Escalated issue resolved; room returned to service.,advisory,out-of-service
1000594,DG053,DGU0321,,network problem,Generated escalation case: advisory later became out-of-service.,2025-03-16T09:40:00,2025-03-16T11:40:00,completed,Escalated issue resolved; room returned to service.,advisory,out-of-service
1000595,DG031,DGFS0005,,damaged furniture,Generated escalation case: advisory later became out-of-service.,2024-01-31T10:40:00,2024-01-31T14:40:00,completed,Escalated issue resolved; room returned to service.,advisory,out-of-service
1000596,DG049,DGU0143,,damaged furniture,Generated escalation case: advisory later became out-of-service.,2022-12-30T09:40:00,2022-12-30T11:40:00,completed,Escalated issue resolved; room returned to service.,advisory,out-of-service
1000597,DG045,DGU0338,,other,Generated escalation case: advisory later became out-of-service.,2023-07-27T09:40:00,2023-07-27T12:40:00,completed,Escalated issue resolved; room returned to service.,advisory,out-of-service
1000598,DG047,DGU0170,,network problem,Generated escalation case: advisory later became out-of-service.,2024-09-30T13:40:00,2024-09-30T15:40:00,completed,Escalated issue resolved; room returned to service.,advisory,out-of-service
1000599,DG050,DGU0273,,network problem,Generated escalation case: advisory later became out-of-service.,2024-09-23T15:40:00,2024-09-23T17:40:00,completed,Escalated issue resolved; room returned to service.,advisory,out-of-service
1000600,DG050,DGFS0008,,cleaning issue,Generated out-of-service maintenance outside normal booking hours.,2024-05-26T19:00:00,2024-05-26T22:00:00,completed,Out-of-service maintenance completed successfully.,out-of-service,out-of-service
1000601,DG052,DGU0248,,other,Generated out-of-service maintenance outside normal booking hours.,2024-10-13T19:00:00,2024-10-13T21:00:00,cancelled,Maintenance request cancelled after reassessment.,out-of-service,out-of-service
1000602,DG034,DGDA0003,1000269,air-conditioning failure,Generated out-of-service maintenance outside normal booking hours.,2022-09-21T19:00:00,2022-09-21T22:00:00,completed,Out-of-service maintenance completed successfully.,out-of-service,out-of-service
1000603,DG044,DGU0070,,network problem,Generated out-of-service maintenance outside normal booking hours.,2023-04-16T19:00:00,2023-04-16T23:00:00,completed,Out-of-service maintenance completed successfully.,out-of-service,out-of-service
1000604,DG052,DGU0217,,other,Generated out-of-service maintenance outside normal booking hours.,2025-08-31T19:00:00,2025-08-31T22:00:00,completed,Out-of-service maintenance completed successfully.,out-of-service,out-of-service
1000605,DG043,DGU0146,1000324,broken projector,Generated out-of-service maintenance outside normal booking hours.,2025-07-04T19:00:00,2025-07-04T21:00:00,completed,Out-of-service maintenance completed successfully.,out-of-service,out-of-service
1000606,DG046,DGU0292,,other,Generated out-of-service maintenance outside normal booking hours.,2024-10-16T19:00:00,2024-10-16T22:00:00,completed,Out-of-service maintenance completed successfully.,out-of-service,out-of-service
1000607,DG043,DGU0126,,damaged furniture,Generated out-of-service maintenance outside normal booking hours.,2024-08-30T19:00:00,2024-08-30T21:00:00,completed,Out-of-service maintenance completed successfully.,out-of-service,out-of-service
1000608,DG003,DGU0395,,network problem,Generated out-of-service maintenance outside normal booking hours.,2023-04-02T19:00:00,2023-04-02T22:00:00,completed,Out-of-service maintenance completed successfully.,out-of-service,out-of-service
1000609,DG040,DGU0215,1000316,air-conditioning failure,Generated out-of-service maintenance outside normal booking hours.,2024-01-11T19:00:00,2024-01-11T23:00:00,completed,Out-of-service maintenance completed successfully.,out-of-service,out-of-service
1000610,DG012,DGU0185,,network problem,Generated out-of-service maintenance outside normal booking hours.,2025-06-11T19:00:00,2025-06-11T22:00:00,completed,Out-of-service maintenance completed successfully.,out-of-service,out-of-service
1000611,DG020,DGU0098,1000146,broken projector,Generated out-of-service maintenance outside normal booking hours.,2023-11-12T19:00:00,2023-11-12T23:00:00,completed,Out-of-service maintenance completed successfully.,out-of-service,out-of-service
1000612,DG009,DGFS0022,1000069,air-conditioning failure,Generated out-of-service maintenance outside normal booking hours.,2022-11-13T19:00:00,2022-11-13T23:00:00,completed,Out-of-service maintenance completed successfully.,out-of-service,out-of-service
1000613,DG051,DGFS0025,,damaged furniture,Generated out-of-service maintenance outside normal booking hours.,2025-06-13T19:00:00,2025-06-13T22:00:00,completed,Out-of-service maintenance completed successfully.,out-of-service,out-of-service
1000614,DG024,DGFS0004,,damaged furniture,Generated out-of-service maintenance outside normal booking hours.,2025-08-03T19:00:00,2025-08-03T21:00:00,completed,Out-of-service maintenance completed successfully.,out-of-service,out-of-service
1000615,DG006,DGU0220,1000040,air-conditioning failure,Generated out-of-service maintenance outside normal booking hours.,2023-10-25T19:00:00,2023-10-25T23:00:00,completed,Out-of-service maintenance completed successfully.,out-of-service,out-of-service
1000616,DG006,DGL0030,,network problem,Generated out-of-service maintenance outside normal booking hours.,2024-03-04T19:00:00,2024-03-04T22:00:00,completed,Out-of-service maintenance completed successfully.,out-of-service,out-of-service
1000617,DG007,DGU0128,,other,Generated out-of-service maintenance outside normal booking hours.,2024-06-22T19:00:00,2024-06-22T22:00:00,completed,Out-of-service maintenance completed successfully.,out-of-service,out-of-service
1000618,DG010,DGFS0020,,cleaning issue,Generated out-of-service maintenance outside normal booking hours.,2023-02-16T19:00:00,2023-02-16T22:00:00,completed,Out-of-service maintenance completed successfully.,out-of-service,out-of-service
1000619,DG027,DGU0229,1000212,broken projector,Generated out-of-service maintenance outside normal booking hours.,2024-06-14T19:00:00,2024-06-14T23:00:00,completed,Out-of-service maintenance completed successfully.,out-of-service,out-of-service
1000620,DG019,DGU0352,1000141,broken projector,Generated out-of-service maintenance outside normal booking hours.,2025-03-09T19:00:00,2025-03-09T21:00:00,cancelled,Maintenance request cancelled after reassessment.,out-of-service,out-of-service
1000621,DG044,DGU0308,,cleaning issue,Generated out-of-service maintenance outside normal booking hours.,2025-08-22T19:00:00,2025-08-22T23:00:00,completed,Out-of-service maintenance completed successfully.,out-of-service,out-of-service
1000622,DG033,DGFM0002,,network problem,Generated out-of-service maintenance outside normal booking hours.,2024-08-09T19:00:00,2024-08-09T22:00:00,completed,Out-of-service maintenance completed successfully.,out-of-service,out-of-service
1000623,DG037,DGU0214,,other,Generated out-of-service maintenance outside normal booking hours.,2024-11-04T19:00:00,2024-11-04T21:00:00,completed,Out-of-service maintenance completed successfully.,out-of-service,out-of-service
1000624,DG003,DGU0257,,damaged furniture,Generated out-of-service maintenance outside normal booking hours.,2023-04-25T19:00:00,2023-04-25T22:00:00,completed,Out-of-service maintenance completed successfully.,out-of-service,out-of-service
1000625,DG019,DGU0275,,other,Generated out-of-service maintenance outside normal booking hours.,2024-03-19T19:00:00,2024-03-19T22:00:00,completed,Out-of-service maintenance completed successfully.,out-of-service,out-of-service
1000626,DG033,DGU0026,,other,Generated out-of-service maintenance outside normal booking hours.,2025-03-31T19:00:00,2025-03-31T22:00:00,completed,Out-of-service maintenance completed successfully.,out-of-service,out-of-service
1000627,DG036,DGFM0005,,other,Generated out-of-service maintenance outside normal booking hours.,2023-06-08T19:00:00,2023-06-08T21:00:00,completed,Out-of-service maintenance completed successfully.,out-of-service,out-of-service
1000628,DG043,DGU0062,1000324,broken projector,Generated out-of-service maintenance outside normal booking hours.,2022-11-22T19:00:00,2022-11-22T23:00:00,completed,Out-of-service maintenance completed successfully.,out-of-service,out-of-service
1000629,DG018,DGDA0009,,cleaning issue,Generated out-of-service maintenance outside normal booking hours.,2025-06-29T19:00:00,2025-06-29T23:00:00,completed,Out-of-service maintenance completed successfully.,out-of-service,out-of-service
1000630,DG022,DGU0118,,cleaning issue,Generated out-of-service maintenance outside normal booking hours.,2024-02-12T19:00:00,2024-02-12T23:00:00,completed,Out-of-service maintenance completed successfully.,out-of-service,out-of-service
1000631,DG040,DGU0240,,network problem,Generated out-of-service maintenance outside normal booking hours.,2023-05-02T19:00:00,2023-05-02T21:00:00,completed,Out-of-service maintenance completed successfully.,out-of-service,out-of-service
1000632,DG032,DGU0221,1000242,air-conditioning failure,Generated out-of-service maintenance outside normal booking hours.,2024-07-30T19:00:00,2024-07-30T23:00:00,completed,Out-of-service maintenance completed successfully.,out-of-service,out-of-service
1000633,DG025,DGU0136,,damaged furniture,Generated out-of-service maintenance outside normal booking hours.,2022-09-02T19:00:00,2022-09-02T23:00:00,completed,Out-of-service maintenance completed successfully.,out-of-service,out-of-service
1000634,DG019,DGU0390,,other,Generated out-of-service maintenance outside normal booking hours.,2025-08-08T19:00:00,2025-08-08T23:00:00,completed,Out-of-service maintenance completed successfully.,out-of-service,out-of-service
1000635,DG027,DGFS0019,1000213,air-conditioning failure,Generated out-of-service maintenance outside normal booking hours.,2024-03-21T19:00:00,2024-03-21T22:00:00,completed,Out-of-service maintenance completed successfully.,out-of-service,out-of-service
1000636,DG056,DGU0323,1000432,broken projector,Generated out-of-service maintenance outside normal booking hours.,2024-01-08T19:00:00,2024-01-08T23:00:00,completed,Out-of-service maintenance completed successfully.,out-of-service,out-of-service
1000637,DG019,DGU0170,,damaged furniture,Generated out-of-service maintenance outside normal booking hours.,2023-12-30T19:00:00,2023-12-30T23:00:00,completed,Out-of-service maintenance completed successfully.,out-of-service,out-of-service
1000638,DG009,DGU0369,,other,Generated out-of-service maintenance outside normal booking hours.,2024-02-29T19:00:00,2024-02-29T21:00:00,completed,Out-of-service maintenance completed successfully.,out-of-service,out-of-service
1000639,DG050,DGU0104,,network problem,Generated out-of-service maintenance outside normal booking hours.,2025-05-02T19:00:00,2025-05-02T21:00:00,completed,Out-of-service maintenance completed successfully.,out-of-service,out-of-service
1000640,DG034,DGU0157,,network problem,Generated out-of-service maintenance outside normal booking hours.,2024-09-14T19:00:00,2024-09-14T23:00:00,completed,Out-of-service maintenance completed successfully.,out-of-service,out-of-service
1000641,DG060,DGFS0016,1000472,air-conditioning failure,Generated out-of-service maintenance outside normal booking hours.,2022-10-05T19:00:00,2022-10-05T22:00:00,completed,Out-of-service maintenance completed successfully.,out-of-service,out-of-service
1000642,DG032,DGU0334,,other,Generated out-of-service maintenance outside normal booking hours.,2024-08-07T19:00:00,2024-08-07T22:00:00,completed,Out-of-service maintenance completed successfully.,out-of-service,out-of-service
1000643,DG001,DGTA0023,,damaged furniture,Generated out-of-service maintenance outside normal booking hours.,2023-07-24T19:00:00,2023-07-24T21:00:00,completed,Out-of-service maintenance completed successfully.,out-of-service,out-of-service
1000644,DG016,DGU0067,,cleaning issue,Generated out-of-service maintenance outside normal booking hours.,2024-06-30T19:00:00,2024-06-30T21:00:00,completed,Out-of-service maintenance completed successfully.,out-of-service,out-of-service
1000645,DG056,DGU0314,1000432,broken projector,Generated out-of-service maintenance outside normal booking hours.,2025-07-01T19:00:00,2025-07-01T23:00:00,completed,Out-of-service maintenance completed successfully.,out-of-service,out-of-service
1000646,DG058,DGFS0017,1000465,air-conditioning failure,Generated out-of-service maintenance outside normal booking hours.,2025-05-13T19:00:00,2025-05-13T21:00:00,completed,Out-of-service maintenance completed successfully.,out-of-service,out-of-service
1000647,DG036,DGU0115,,cleaning issue,Generated out-of-service maintenance outside normal booking hours.,2025-03-13T19:00:00,2025-03-13T23:00:00,completed,Out-of-service maintenance completed successfully.,out-of-service,out-of-service
1000648,DG057,DGL0027,,damaged furniture,Generated out-of-service maintenance outside normal booking hours.,2022-10-15T19:00:00,2022-10-15T23:00:00,cancelled,Maintenance request cancelled after reassessment.,out-of-service,out-of-service
1000649,DG044,DGFM0005,1000333,air-conditioning failure,Generated out-of-service maintenance outside normal booking hours.,2023-10-31T19:00:00,2023-10-31T23:00:00,completed,Out-of-service maintenance completed successfully.,out-of-service,out-of-service
1000650,DG054,DGU0089,1000423,air-conditioning failure,Generated out-of-service maintenance outside normal booking hours.,2025-07-28T19:00:00,2025-07-28T21:00:00,completed,Out-of-service maintenance completed successfully.,out-of-service,out-of-service
1000651,DG060,DGU0034,,other,Generated out-of-service maintenance outside normal booking hours.,2023-11-21T19:00:00,2023-11-21T23:00:00,cancelled,Maintenance request cancelled after reassessment.,out-of-service,out-of-service
1000652,DG020,DGU0203,,damaged furniture,Generated out-of-service maintenance outside normal booking hours.,2025-03-18T19:00:00,2025-03-18T21:00:00,completed,Out-of-service maintenance completed successfully.,out-of-service,out-of-service
1000653,DG040,DGL0005,,cleaning issue,Generated out-of-service maintenance outside normal booking hours.,2025-04-29T19:00:00,2025-04-29T23:00:00,completed,Out-of-service maintenance completed successfully.,out-of-service,out-of-service
1000654,DG013,DGU0284,,damaged furniture,Generated out-of-service maintenance outside normal booking hours.,2024-07-05T19:00:00,2024-07-05T21:00:00,completed,Out-of-service maintenance completed successfully.,out-of-service,out-of-service
1000655,DG037,DGU0246,,network problem,Generated out-of-service maintenance outside normal booking hours.,2025-02-16T19:00:00,2025-02-16T22:00:00,completed,Out-of-service maintenance completed successfully.,out-of-service,out-of-service
1000656,DG053,DGFS0004,,cleaning issue,Generated out-of-service maintenance outside normal booking hours.,2022-11-12T19:00:00,2022-11-12T21:00:00,completed,Out-of-service maintenance completed successfully.,out-of-service,out-of-service
1000657,DG028,DGFS0023,,damaged furniture,Generated out-of-service maintenance outside normal booking hours.,2025-08-25T19:00:00,2025-08-25T23:00:00,completed,Out-of-service maintenance completed successfully.,out-of-service,out-of-service
1000658,DG041,DGU0301,,network problem,Generated out-of-service maintenance outside normal booking hours.,2023-03-23T19:00:00,2023-03-23T22:00:00,completed,Out-of-service maintenance completed successfully.,out-of-service,out-of-service
1000659,DG055,DGU0332,,cleaning issue,Generated out-of-service maintenance outside normal booking hours.,2024-04-25T19:00:00,2024-04-25T23:00:00,completed,Out-of-service maintenance completed successfully.,out-of-service,out-of-service
1000660,DG015,DGU0044,1000117,broken projector,Generated out-of-service maintenance outside normal booking hours.,2023-06-08T19:00:00,2023-06-08T22:00:00,completed,Out-of-service maintenance completed successfully.,out-of-service,out-of-service
1000661,DG047,DGU0083,,damaged furniture,Generated out-of-service maintenance outside normal booking hours.,2024-09-23T19:00:00,2024-09-23T23:00:00,completed,Out-of-service maintenance completed successfully.,out-of-service,out-of-service
1000662,DG057,DGFM0004,,damaged furniture,Generated out-of-service maintenance outside normal booking hours.,2024-09-05T19:00:00,2024-09-05T22:00:00,completed,Out-of-service maintenance completed successfully.,out-of-service,out-of-service
1000663,DG013,DGTA0014,,damaged furniture,Generated out-of-service maintenance outside normal booking hours.,2023-01-14T19:00:00,2023-01-14T23:00:00,completed,Out-of-service maintenance completed successfully.,out-of-service,out-of-service
1000664,DG006,DGU0144,1000040,air-conditioning failure,Generated out-of-service maintenance outside normal booking hours.,2024-02-29T19:00:00,2024-02-29T21:00:00,completed,Out-of-service maintenance completed successfully.,out-of-service,out-of-service
1000665,DG007,DGFS0011,,other,Generated out-of-service maintenance outside normal booking hours.,2024-08-13T19:00:00,2024-08-13T22:00:00,completed,Out-of-service maintenance completed successfully.,out-of-service,out-of-service
1000666,DG048,DGU0106,,network problem,Generated out-of-service maintenance outside normal booking hours.,2025-01-02T19:00:00,2025-01-02T22:00:00,completed,Out-of-service maintenance completed successfully.,out-of-service,out-of-service
1000667,DG039,DGL0018,,cleaning issue,Generated out-of-service maintenance outside normal booking hours.,2024-08-26T19:00:00,2024-08-26T22:00:00,completed,Out-of-service maintenance completed successfully.,out-of-service,out-of-service
1000668,DG034,DGU0180,,network problem,Generated out-of-service maintenance outside normal booking hours.,2023-03-16T19:00:00,2023-03-16T23:00:00,completed,Out-of-service maintenance completed successfully.,out-of-service,out-of-service
1000669,DG020,DGU0329,1000148,air-conditioning failure,Generated out-of-service maintenance outside normal booking hours.,2022-10-14T19:00:00,2022-10-14T23:00:00,completed,Out-of-service maintenance completed successfully.,out-of-service,out-of-service
1000670,DG009,DGU0283,,network problem,Generated out-of-service maintenance outside normal booking hours.,2024-07-26T19:00:00,2024-07-26T23:00:00,completed,Out-of-service maintenance completed successfully.,out-of-service,out-of-service
1000671,DG018,DGU0296,,network problem,Generated out-of-service maintenance outside normal booking hours.,2023-09-04T19:00:00,2023-09-04T22:00:00,completed,Out-of-service maintenance completed successfully.,out-of-service,out-of-service
1000672,DG023,DGU0299,1000181,air-conditioning failure,Generated out-of-service maintenance outside normal booking hours.,2024-12-21T19:00:00,2024-12-21T22:00:00,completed,Out-of-service maintenance completed successfully.,out-of-service,out-of-service
1000673,DG024,DGU0154,,network problem,Generated out-of-service maintenance outside normal booking hours.,2024-02-06T19:00:00,2024-02-06T21:00:00,completed,Out-of-service maintenance completed successfully.,out-of-service,out-of-service
1000674,DG050,DGU0155,,damaged furniture,Generated out-of-service maintenance outside normal booking hours.,2022-09-09T19:00:00,2022-09-09T21:00:00,completed,Out-of-service maintenance completed successfully.,out-of-service,out-of-service
1000675,DG050,DGU0153,,network problem,Generated out-of-service maintenance outside normal booking hours.,2024-03-19T19:00:00,2024-03-19T23:00:00,completed,Out-of-service maintenance completed successfully.,out-of-service,out-of-service
1000676,DG025,DGL0021,,damaged furniture,Generated out-of-service maintenance outside normal booking hours.,2024-03-05T19:00:00,2024-03-05T23:00:00,completed,Out-of-service maintenance completed successfully.,out-of-service,out-of-service
1000677,DG028,DGU0141,,other,Generated out-of-service maintenance outside normal booking hours.,2023-07-18T19:00:00,2023-07-18T23:00:00,completed,Out-of-service maintenance completed successfully.,out-of-service,out-of-service
1000678,DG030,DGU0334,,other,Generated out-of-service maintenance outside normal booking hours.,2024-05-12T19:00:00,2024-05-12T23:00:00,completed,Out-of-service maintenance completed successfully.,out-of-service,out-of-service
1000679,DG052,DGU0244,,damaged furniture,Generated out-of-service maintenance outside normal booking hours.,2024-06-14T19:00:00,2024-06-14T23:00:00,completed,Out-of-service maintenance completed successfully.,out-of-service,out-of-service
1000680,DG023,DGTA0006,,network problem,Generated out-of-service maintenance outside normal booking hours.,2025-03-31T19:00:00,2025-03-31T23:00:00,cancelled,Maintenance request cancelled after reassessment.,out-of-service,out-of-service
1000681,DG020,DGU0106,,cleaning issue,Generated out-of-service maintenance outside normal booking hours.,2022-10-19T19:00:00,2022-10-19T21:00:00,completed,Out-of-service maintenance completed successfully.,out-of-service,out-of-service
1000682,DG003,DGU0014,,network problem,Generated out-of-service maintenance outside normal booking hours.,2022-12-29T19:00:00,2022-12-29T23:00:00,completed,Out-of-service maintenance completed successfully.,out-of-service,out-of-service
1000683,DG028,DGU0204,,damaged furniture,Generated out-of-service maintenance outside normal booking hours.,2023-12-07T19:00:00,2023-12-07T23:00:00,completed,Out-of-service maintenance completed successfully.,out-of-service,out-of-service
1000684,DG015,DGU0365,,network problem,Generated out-of-service maintenance outside normal booking hours.,2024-03-06T19:00:00,2024-03-06T22:00:00,completed,Out-of-service maintenance completed successfully.,out-of-service,out-of-service
1000685,DG056,DGL0006,1000434,air-conditioning failure,Generated out-of-service maintenance outside normal booking hours.,2023-02-21T19:00:00,2023-02-21T23:00:00,completed,Out-of-service maintenance completed successfully.,out-of-service,out-of-service
1000686,DG043,DGU0059,,cleaning issue,Generated out-of-service maintenance outside normal booking hours.,2024-01-22T19:00:00,2024-01-22T23:00:00,cancelled,Maintenance request cancelled after reassessment.,out-of-service,out-of-service
1000687,DG014,DGL0024,1000098,broken projector,Generated out-of-service maintenance outside normal booking hours.,2025-04-05T19:00:00,2025-04-05T21:00:00,completed,Out-of-service maintenance completed successfully.,out-of-service,out-of-service
1000688,DG031,DGU0170,,cleaning issue,Generated out-of-service maintenance outside normal booking hours.,2025-05-17T19:00:00,2025-05-17T23:00:00,completed,Out-of-service maintenance completed successfully.,out-of-service,out-of-service
1000689,DG059,DGFS0009,,damaged furniture,Generated out-of-service maintenance outside normal booking hours.,2024-07-07T19:00:00,2024-07-07T23:00:00,completed,Out-of-service maintenance completed successfully.,out-of-service,out-of-service
1000690,DG047,DGFM0001,,other,Generated out-of-service maintenance outside normal booking hours.,2024-12-01T19:00:00,2024-12-01T23:00:00,completed,Out-of-service maintenance completed successfully.,out-of-service,out-of-service
1000691,DG010,DGU0040,1000083,air-conditioning failure,Generated out-of-service maintenance outside normal booking hours.,2025-05-08T19:00:00,2025-05-08T22:00:00,completed,Out-of-service maintenance completed successfully.,out-of-service,out-of-service
1000692,DG035,DGU0394,,cleaning issue,Generated out-of-service maintenance outside normal booking hours.,2024-01-17T19:00:00,2024-01-17T22:00:00,completed,Out-of-service maintenance completed successfully.,out-of-service,out-of-service
1000693,DG059,DGU0008,,damaged furniture,Generated out-of-service maintenance outside normal booking hours.,2024-02-07T19:00:00,2024-02-07T23:00:00,completed,Out-of-service maintenance completed successfully.,out-of-service,out-of-service
1000694,DG004,DGU0327,1000034,air-conditioning failure,Generated out-of-service maintenance outside normal booking hours.,2025-02-09T19:00:00,2025-02-09T22:00:00,completed,Out-of-service maintenance completed successfully.,out-of-service,out-of-service
1000695,DG028,DGU0071,,network problem,Generated out-of-service maintenance outside normal booking hours.,2023-09-20T19:00:00,2023-09-20T23:00:00,completed,Out-of-service maintenance completed successfully.,out-of-service,out-of-service
1000696,DG054,DGTA0002,,other,Generated out-of-service maintenance outside normal booking hours.,2025-05-12T19:00:00,2025-05-12T21:00:00,completed,Out-of-service maintenance completed successfully.,out-of-service,out-of-service
1000697,DG039,DGL0002,,damaged furniture,Generated out-of-service maintenance outside normal booking hours.,2024-11-08T19:00:00,2024-11-08T21:00:00,completed,Out-of-service maintenance completed successfully.,out-of-service,out-of-service
1000698,DG011,DGU0290,,other,Generated out-of-service maintenance outside normal booking hours.,2023-04-14T19:00:00,2023-04-14T21:00:00,completed,Out-of-service maintenance completed successfully.,out-of-service,out-of-service
1000699,DG039,DGU0382,1000301,air-conditioning failure,Generated out-of-service maintenance outside normal booking hours.,2025-05-05T19:00:00,2025-05-05T22:00:00,completed,Out-of-service maintenance completed successfully.,out-of-service,out-of-service
1000700,DG052,DGU0226,1000416,air-conditioning failure,Generated out-of-service maintenance outside normal booking hours.,2024-12-12T19:00:00,2024-12-12T21:00:00,completed,Out-of-service maintenance completed successfully.,out-of-service,out-of-service
1000701,DG054,DGU0149,,cleaning issue,Generated out-of-service maintenance outside normal booking hours.,2025-04-01T19:00:00,2025-04-01T21:00:00,completed,Out-of-service maintenance completed successfully.,out-of-service,out-of-service
1000702,DG005,DGFS0017,,network problem,Generated out-of-service maintenance outside normal booking hours.,2024-12-05T19:00:00,2024-12-05T22:00:00,completed,Out-of-service maintenance completed successfully.,out-of-service,out-of-service
1000703,DG014,DGU0124,,damaged furniture,Generated out-of-service maintenance outside normal booking hours.,2023-10-08T19:00:00,2023-10-08T21:00:00,completed,Out-of-service maintenance completed successfully.,out-of-service,out-of-service
1000704,DG051,DGU0116,,cleaning issue,Generated out-of-service maintenance outside normal booking hours.,2022-09-09T19:00:00,2022-09-09T21:00:00,completed,Out-of-service maintenance completed successfully.,out-of-service,out-of-service
1000705,DG014,DGFS0003,,network problem,Generated out-of-service maintenance outside normal booking hours.,2023-08-30T19:00:00,2023-08-30T23:00:00,completed,Out-of-service maintenance completed successfully.,out-of-service,out-of-service
1000706,DG037,DGL0032,,network problem,Generated out-of-service maintenance outside normal booking hours.,2025-01-24T19:00:00,2025-01-24T22:00:00,completed,Out-of-service maintenance completed successfully.,out-of-service,out-of-service
1000707,DG047,DGU0072,,other,Generated out-of-service maintenance outside normal booking hours.,2022-10-28T19:00:00,2022-10-28T23:00:00,completed,Out-of-service maintenance completed successfully.,out-of-service,out-of-service
1000708,DG053,DGL0002,,other,Generated out-of-service maintenance outside normal booking hours.,2023-09-07T19:00:00,2023-09-07T23:00:00,completed,Out-of-service maintenance completed successfully.,out-of-service,out-of-service
1000709,DG055,DGFS0008,1000425,broken projector,Generated out-of-service maintenance outside normal booking hours.,2022-12-05T19:00:00,2022-12-05T22:00:00,completed,Out-of-service maintenance completed successfully.,out-of-service,out-of-service
1000710,DG007,DGFS0015,1000047,air-conditioning failure,Generated out-of-service maintenance outside normal booking hours.,2024-06-24T19:00:00,2024-06-24T21:00:00,completed,Out-of-service maintenance completed successfully.,out-of-service,out-of-service
1000711,DG029,DGU0040,,damaged furniture,Generated out-of-service maintenance outside normal booking hours.,2023-01-23T19:00:00,2023-01-23T23:00:00,completed,Out-of-service maintenance completed successfully.,out-of-service,out-of-service
1000712,DG051,DGFS0012,,other,Generated out-of-service maintenance outside normal booking hours.,2024-01-06T19:00:00,2024-01-06T22:00:00,completed,Out-of-service maintenance completed successfully.,out-of-service,out-of-service
1000713,DG025,DGU0101,,network problem,Generated out-of-service maintenance outside normal booking hours.,2023-04-02T19:00:00,2023-04-02T22:00:00,completed,Out-of-service maintenance completed successfully.,out-of-service,out-of-service
1000714,DG060,DGL0007,1000472,air-conditioning failure,Generated out-of-service maintenance outside normal booking hours.,2024-12-21T19:00:00,2024-12-21T23:00:00,completed,Out-of-service maintenance completed successfully.,out-of-service,out-of-service
1000715,DG060,DGTA0001,1000472,air-conditioning failure,Generated out-of-service maintenance outside normal booking hours.,2023-04-11T19:00:00,2023-04-11T22:00:00,completed,Out-of-service maintenance completed successfully.,out-of-service,out-of-service
1000716,DG055,DGU0373,1000425,broken projector,Generated out-of-service maintenance outside normal booking hours.,2023-11-06T19:00:00,2023-11-06T21:00:00,completed,Out-of-service maintenance completed successfully.,out-of-service,out-of-service
1000717,DG001,DGL0021,1000005,air-conditioning failure,Generated out-of-service maintenance outside normal booking hours.,2023-01-19T19:00:00,2023-01-19T22:00:00,completed,Out-of-service maintenance completed successfully.,out-of-service,out-of-service
1000718,DG016,DGTA0020,,cleaning issue,Generated out-of-service maintenance outside normal booking hours.,2024-08-04T19:00:00,2024-08-04T21:00:00,completed,Out-of-service maintenance completed successfully.,out-of-service,out-of-service
1000719,DG019,DGU0032,,network problem,Generated out-of-service maintenance outside normal booking hours.,2024-05-18T19:00:00,2024-05-18T22:00:00,completed,Out-of-service maintenance completed successfully.,out-of-service,out-of-service
1000720,DG021,DGU0354,,network problem,Generated out-of-service maintenance outside normal booking hours.,2023-09-11T19:00:00,2023-09-11T23:00:00,completed,Out-of-service maintenance completed successfully.,out-of-service,out-of-service
1000721,DG039,DGFM0004,1000300,broken projector,Generated out-of-service maintenance outside normal booking hours.,2022-12-16T19:00:00,2022-12-16T23:00:00,completed,Out-of-service maintenance completed successfully.,out-of-service,out-of-service
1000722,DG014,DGFS0014,1000100,air-conditioning failure,Generated out-of-service maintenance outside normal booking hours.,2023-12-25T19:00:00,2023-12-25T23:00:00,completed,Out-of-service maintenance completed successfully.,out-of-service,out-of-service
1000723,DG040,DGU0172,,damaged furniture,Generated out-of-service maintenance outside normal booking hours.,2024-10-12T19:00:00,2024-10-12T23:00:00,completed,Out-of-service maintenance completed successfully.,out-of-service,out-of-service
1000724,DG046,DGU0274,1000365,air-conditioning failure,Generated out-of-service maintenance outside normal booking hours.,2024-11-01T19:00:00,2024-11-01T22:00:00,completed,Out-of-service maintenance completed successfully.,out-of-service,out-of-service
1000725,DG011,DGU0328,,cleaning issue,Generated out-of-service maintenance outside normal booking hours.,2023-12-29T19:00:00,2023-12-29T21:00:00,completed,Out-of-service maintenance completed successfully.,out-of-service,out-of-service
1000726,DG058,DGFS0004,,damaged furniture,Generated out-of-service maintenance outside normal booking hours.,2025-05-28T19:00:00,2025-05-28T23:00:00,cancelled,Maintenance request cancelled after reassessment.,out-of-service,out-of-service
1000727,DG025,DGU0225,,cleaning issue,Generated out-of-service maintenance outside normal booking hours.,2022-12-07T19:00:00,2022-12-07T23:00:00,completed,Out-of-service maintenance completed successfully.,out-of-service,out-of-service
1000728,DG049,DGFS0019,1000379,air-conditioning failure,Generated out-of-service maintenance outside normal booking hours.,2025-01-09T19:00:00,2025-01-09T21:00:00,completed,Out-of-service maintenance completed successfully.,out-of-service,out-of-service
1000729,DG018,DGU0337,,network problem,Generated out-of-service maintenance outside normal booking hours.,2023-01-08T19:00:00,2023-01-08T22:00:00,completed,Out-of-service maintenance completed successfully.,out-of-service,out-of-service
1000730,DG005,DGU0251,,other,Generated out-of-service maintenance outside normal booking hours.,2024-02-27T19:00:00,2024-02-27T22:00:00,completed,Out-of-service maintenance completed successfully.,out-of-service,out-of-service
1000731,DG034,DGFS0016,,other,Generated out-of-service maintenance outside normal booking hours.,2023-09-15T19:00:00,2023-09-15T22:00:00,completed,Out-of-service maintenance completed successfully.,out-of-service,out-of-service
1000732,DG054,DGTA0019,1000423,air-conditioning failure,Generated out-of-service maintenance outside normal booking hours.,2023-08-13T19:00:00,2023-08-13T23:00:00,completed,Out-of-service maintenance completed successfully.,out-of-service,out-of-service
1000733,DG039,DGU0353,1000300,broken projector,Generated out-of-service maintenance outside normal booking hours.,2022-12-14T19:00:00,2022-12-14T22:00:00,completed,Out-of-service maintenance completed successfully.,out-of-service,out-of-service
1000734,DG013,DGU0333,,cleaning issue,Generated out-of-service maintenance outside normal booking hours.,2024-08-18T19:00:00,2024-08-18T21:00:00,completed,Out-of-service maintenance completed successfully.,out-of-service,out-of-service
1000735,DG039,DGU0149,,other,Generated out-of-service maintenance outside normal booking hours.,2024-04-14T19:00:00,2024-04-14T23:00:00,completed,Out-of-service maintenance completed successfully.,out-of-service,out-of-service
1000736,DG027,DGL0006,1000212,broken projector,Generated out-of-service maintenance outside normal booking hours.,2024-10-25T19:00:00,2024-10-25T23:00:00,completed,Out-of-service maintenance completed successfully.,out-of-service,out-of-service
1000737,DG014,DGU0066,,damaged furniture,Generated out-of-service maintenance outside normal booking hours.,2025-02-25T19:00:00,2025-02-25T23:00:00,completed,Out-of-service maintenance completed successfully.,out-of-service,out-of-service
1000738,DG054,DGU0237,1000423,air-conditioning failure,Generated out-of-service maintenance outside normal booking hours.,2025-04-16T19:00:00,2025-04-16T22:00:00,completed,Out-of-service maintenance completed successfully.,out-of-service,out-of-service
1000739,DG046,DGU0083,,other,Generated out-of-service maintenance outside normal booking hours.,2024-11-29T19:00:00,2024-11-29T22:00:00,completed,Out-of-service maintenance completed successfully.,out-of-service,out-of-service
1000740,DG055,DGU0388,,damaged furniture,Generated out-of-service maintenance outside normal booking hours.,2022-10-03T19:00:00,2022-10-03T22:00:00,completed,Out-of-service maintenance completed successfully.,out-of-service,out-of-service
1000741,DG036,DGU0058,1000277,air-conditioning failure,Generated out-of-service maintenance outside normal booking hours.,2024-06-03T19:00:00,2024-06-03T22:00:00,completed,Out-of-service maintenance completed successfully.,out-of-service,out-of-service
1000742,DG001,DGU0330,,cleaning issue,Generated out-of-service maintenance outside normal booking hours.,2023-09-13T19:00:00,2023-09-13T21:00:00,completed,Out-of-service maintenance completed successfully.,out-of-service,out-of-service
1000743,DG032,DGU0327,,cleaning issue,Generated out-of-service maintenance outside normal booking hours.,2024-10-24T19:00:00,2024-10-24T21:00:00,cancelled,Maintenance request cancelled after reassessment.,out-of-service,out-of-service
1000744,DG059,DGU0389,1000470,air-conditioning failure,Generated out-of-service maintenance outside normal booking hours.,2024-03-28T19:00:00,2024-03-28T22:00:00,completed,Out-of-service maintenance completed successfully.,out-of-service,out-of-service
1000745,DG018,DGU0236,1000140,air-conditioning failure,Generated out-of-service maintenance outside normal booking hours.,2025-02-20T19:00:00,2025-02-20T21:00:00,completed,Out-of-service maintenance completed successfully.,out-of-service,out-of-service
1000746,DG047,DGU0302,1000368,air-conditioning failure,Generated out-of-service maintenance outside normal booking hours.,2024-10-05T19:00:00,2024-10-05T23:00:00,completed,Out-of-service maintenance completed successfully.,out-of-service,out-of-service
1000747,DG040,DGU0135,,network problem,Generated out-of-service maintenance outside normal booking hours.,2024-06-16T19:00:00,2024-06-16T22:00:00,completed,Out-of-service maintenance completed successfully.,out-of-service,out-of-service
1000748,DG026,DGL0031,,other,Generated out-of-service maintenance outside normal booking hours.,2023-08-20T19:00:00,2023-08-20T23:00:00,completed,Out-of-service maintenance completed successfully.,out-of-service,out-of-service
1000749,DG028,DGU0198,1000224,air-conditioning failure,Generated out-of-service maintenance outside normal booking hours.,2022-10-10T19:00:00,2022-10-10T22:00:00,completed,Out-of-service maintenance completed successfully.,out-of-service,out-of-service
1000750,DG032,DGU0393,,other,Generated out-of-service maintenance outside normal booking hours.,2023-11-06T19:00:00,2023-11-06T23:00:00,cancelled,Maintenance request cancelled after reassessment.,out-of-service,out-of-service
1000751,DG015,DGU0302,,network problem,Generated out-of-service maintenance outside normal booking hours.,2024-12-06T19:00:00,2024-12-06T21:00:00,completed,Out-of-service maintenance completed successfully.,out-of-service,out-of-service
1000752,DG038,DGFM0002,1000286,air-conditioning failure,Generated out-of-service maintenance outside normal booking hours.,2023-01-19T19:00:00,2023-01-19T23:00:00,completed,Out-of-service maintenance completed successfully.,out-of-service,out-of-service
1000753,DG027,DGU0263,1000213,air-conditioning failure,Generated out-of-service maintenance outside normal booking hours.,2023-05-10T19:00:00,2023-05-10T23:00:00,completed,Out-of-service maintenance completed successfully.,out-of-service,out-of-service
1000754,DG002,DGTA0014,,network problem,Generated out-of-service maintenance outside normal booking hours.,2023-10-07T19:00:00,2023-10-07T22:00:00,completed,Out-of-service maintenance completed successfully.,out-of-service,out-of-service
1000755,DG006,DGU0151,,network problem,Generated out-of-service maintenance outside normal booking hours.,2024-10-14T19:00:00,2024-10-14T23:00:00,completed,Out-of-service maintenance completed successfully.,out-of-service,out-of-service
1000756,DG018,DGU0134,1000140,air-conditioning failure,Generated out-of-service maintenance outside normal booking hours.,2024-10-25T19:00:00,2024-10-25T22:00:00,completed,Out-of-service maintenance completed successfully.,out-of-service,out-of-service
1000757,DG039,DGU0048,,damaged furniture,Generated out-of-service maintenance outside normal booking hours.,2025-01-13T19:00:00,2025-01-13T22:00:00,completed,Out-of-service maintenance completed successfully.,out-of-service,out-of-service
1000758,DG037,DGU0181,1000283,air-conditioning failure,Generated out-of-service maintenance outside normal booking hours.,2024-07-11T19:00:00,2024-07-11T22:00:00,cancelled,Maintenance request cancelled after reassessment.,out-of-service,out-of-service
1000759,DG057,DGU0235,,other,Generated out-of-service maintenance outside normal booking hours.,2024-01-02T19:00:00,2024-01-02T22:00:00,completed,Out-of-service maintenance completed successfully.,out-of-service,out-of-service
1000760,DG060,DGU0067,1000472,air-conditioning failure,Generated out-of-service maintenance outside normal booking hours.,2024-05-07T19:00:00,2024-05-07T23:00:00,completed,Out-of-service maintenance completed successfully.,out-of-service,out-of-service
1000761,DG053,DGFS0011,1000420,air-conditioning failure,Generated out-of-service maintenance outside normal booking hours.,2025-01-20T19:00:00,2025-01-20T23:00:00,completed,Out-of-service maintenance completed successfully.,out-of-service,out-of-service
1000762,DG036,DGU0029,,other,Generated out-of-service maintenance outside normal booking hours.,2023-03-21T19:00:00,2023-03-21T23:00:00,completed,Out-of-service maintenance completed successfully.,out-of-service,out-of-service
1000763,DG013,DGTA0004,,cleaning issue,Generated out-of-service maintenance outside normal booking hours.,2023-02-14T19:00:00,2023-02-14T21:00:00,completed,Out-of-service maintenance completed successfully.,out-of-service,out-of-service
1000764,DG023,DGTA0025,,cleaning issue,Generated out-of-service maintenance outside normal booking hours.,2024-03-17T19:00:00,2024-03-17T21:00:00,completed,Out-of-service maintenance completed successfully.,out-of-service,out-of-service
1000765,DG002,DGFS0004,,damaged furniture,Generated out-of-service maintenance outside normal booking hours.,2025-05-29T19:00:00,2025-05-29T22:00:00,completed,Out-of-service maintenance completed successfully.,out-of-service,out-of-service
1000766,DG036,DGU0030,,cleaning issue,Generated out-of-service maintenance outside normal booking hours.,2023-05-29T19:00:00,2023-05-29T21:00:00,completed,Out-of-service maintenance completed successfully.,out-of-service,out-of-service
1000767,DG056,DGU0040,,other,Generated out-of-service maintenance outside normal booking hours.,2024-02-16T19:00:00,2024-02-16T21:00:00,completed,Out-of-service maintenance completed successfully.,out-of-service,out-of-service
1000768,DG051,DGFS0015,1000396,broken projector,Generated out-of-service maintenance outside normal booking hours.,2023-04-14T19:00:00,2023-04-14T23:00:00,completed,Out-of-service maintenance completed successfully.,out-of-service,out-of-service
1000769,DG019,DGU0352,,other,Generated out-of-service maintenance outside normal booking hours.,2022-10-18T19:00:00,2022-10-18T21:00:00,completed,Out-of-service maintenance completed successfully.,out-of-service,out-of-service
1000770,DG012,DGU0166,,network problem,Generated out-of-service maintenance outside normal booking hours.,2023-06-14T19:00:00,2023-06-14T23:00:00,completed,Out-of-service maintenance completed successfully.,out-of-service,out-of-service
1000771,DG034,DGTA0012,,damaged furniture,Generated out-of-service maintenance outside normal booking hours.,2023-06-25T19:00:00,2023-06-25T22:00:00,completed,Out-of-service maintenance completed successfully.,out-of-service,out-of-service
1000772,DG031,DGU0392,,other,Generated out-of-service maintenance outside normal booking hours.,2025-05-23T19:00:00,2025-05-23T22:00:00,completed,Out-of-service maintenance completed successfully.,out-of-service,out-of-service
1000773,DG050,DGFS0023,1000383,air-conditioning failure,Generated out-of-service maintenance outside normal booking hours.,2025-04-19T19:00:00,2025-04-19T21:00:00,completed,Out-of-service maintenance completed successfully.,out-of-service,out-of-service
1000774,DG009,DGL0017,,network problem,Generated out-of-service maintenance outside normal booking hours.,2025-02-27T19:00:00,2025-02-27T23:00:00,completed,Out-of-service maintenance completed successfully.,out-of-service,out-of-service
1000775,DG060,DGU0306,,other,Generated out-of-service maintenance outside normal booking hours.,2023-10-31T19:00:00,2023-10-31T23:00:00,completed,Out-of-service maintenance completed successfully.,out-of-service,out-of-service
1000776,DG008,DGFS0016,,network problem,Generated out-of-service maintenance outside normal booking hours.,2024-02-13T19:00:00,2024-02-13T23:00:00,completed,Out-of-service maintenance completed successfully.,out-of-service,out-of-service
1000777,DG032,DGU0262,1000240,broken projector,Generated out-of-service maintenance outside normal booking hours.,2024-03-19T19:00:00,2024-03-19T21:00:00,completed,Out-of-service maintenance completed successfully.,out-of-service,out-of-service
1000778,DG028,DGFS0013,1000224,air-conditioning failure,Generated out-of-service maintenance outside normal booking hours.,2025-07-19T19:00:00,2025-07-19T21:00:00,completed,Out-of-service maintenance completed successfully.,out-of-service,out-of-service
1000779,DG031,DGU0361,,cleaning issue,Generated out-of-service maintenance outside normal booking hours.,2022-12-30T19:00:00,2022-12-30T21:00:00,completed,Out-of-service maintenance completed successfully.,out-of-service,out-of-service
1000780,DG017,DGU0233,,cleaning issue,Generated out-of-service maintenance outside normal booking hours.,2024-03-03T19:00:00,2024-03-03T21:00:00,completed,Out-of-service maintenance completed successfully.,out-of-service,out-of-service
1000781,DG006,DGU0365,1000042,broken projector,Generated out-of-service maintenance outside normal booking hours.,2024-05-06T19:00:00,2024-05-06T22:00:00,completed,Out-of-service maintenance completed successfully.,out-of-service,out-of-service
1000782,DG045,DGL0011,1000347,broken projector,Generated out-of-service maintenance outside normal booking hours.,2023-09-06T19:00:00,2023-09-06T21:00:00,completed,Out-of-service maintenance completed successfully.,out-of-service,out-of-service
1000783,DG020,DGU0241,1000146,broken projector,Generated out-of-service maintenance outside normal booking hours.,2025-07-24T19:00:00,2025-07-24T21:00:00,completed,Out-of-service maintenance completed successfully.,out-of-service,out-of-service
1000784,DG001,DGU0302,,cleaning issue,Generated out-of-service maintenance outside normal booking hours.,2023-04-13T19:00:00,2023-04-13T22:00:00,completed,Out-of-service maintenance completed successfully.,out-of-service,out-of-service
1000785,DG013,DGU0001,1000095,air-conditioning failure,Generated out-of-service maintenance outside normal booking hours.,2023-02-15T19:00:00,2023-02-15T23:00:00,completed,Out-of-service maintenance completed successfully.,out-of-service,out-of-service
1000786,DG022,DGU0050,,network problem,Generated out-of-service maintenance outside normal booking hours.,2024-04-16T19:00:00,2024-04-16T21:00:00,completed,Out-of-service maintenance completed successfully.,out-of-service,out-of-service
1000787,DG030,DGU0002,,other,Generated out-of-service maintenance outside normal booking hours.,2025-05-13T19:00:00,2025-05-13T22:00:00,completed,Out-of-service maintenance completed successfully.,out-of-service,out-of-service
1000788,DG004,DGU0294,,cleaning issue,Generated out-of-service maintenance outside normal booking hours.,2023-04-16T19:00:00,2023-04-16T22:00:00,completed,Out-of-service maintenance completed successfully.,out-of-service,out-of-service
1000789,DG053,DGU0207,,network problem,Generated out-of-service maintenance outside normal booking hours.,2025-02-16T19:00:00,2025-02-16T21:00:00,completed,Out-of-service maintenance completed successfully.,out-of-service,out-of-service
1000790,DG039,DGU0194,,network problem,Generated out-of-service maintenance outside normal booking hours.,2025-08-29T19:00:00,2025-08-29T22:00:00,completed,Out-of-service maintenance completed successfully.,out-of-service,out-of-service
1000791,DG047,DGU0122,,cleaning issue,Generated out-of-service maintenance outside normal booking hours.,2023-08-31T19:00:00,2023-08-31T21:00:00,completed,Out-of-service maintenance completed successfully.,out-of-service,out-of-service
1000792,DG012,DGFS0020,,other,Generated out-of-service maintenance outside normal booking hours.,2024-03-15T19:00:00,2024-03-15T21:00:00,completed,Out-of-service maintenance completed successfully.,out-of-service,out-of-service
1000793,DG042,DGU0331,,other,Generated out-of-service maintenance outside normal booking hours.,2024-07-13T19:00:00,2024-07-13T23:00:00,cancelled,Maintenance request cancelled after reassessment.,out-of-service,out-of-service
1000794,DG003,DGU0375,,cleaning issue,Generated out-of-service maintenance outside normal booking hours.,2025-03-13T19:00:00,2025-03-13T22:00:00,completed,Out-of-service maintenance completed successfully.,out-of-service,out-of-service
1000795,DG023,DGU0178,,other,Generated out-of-service maintenance outside normal booking hours.,2023-11-10T19:00:00,2023-11-10T21:00:00,completed,Out-of-service maintenance completed successfully.,out-of-service,out-of-service
1000796,DG027,DGTA0010,,damaged furniture,Generated out-of-service maintenance outside normal booking hours.,2024-12-20T19:00:00,2024-12-20T21:00:00,completed,Out-of-service maintenance completed successfully.,out-of-service,out-of-service
1000797,DG043,DGL0006,1000330,air-conditioning failure,Generated out-of-service maintenance outside normal booking hours.,2022-09-15T19:00:00,2022-09-15T22:00:00,completed,Out-of-service maintenance completed successfully.,out-of-service,out-of-service
1000798,DG027,DGFS0010,1000212,broken projector,Generated out-of-service maintenance outside normal booking hours.,2025-06-29T19:00:00,2025-06-29T22:00:00,completed,Out-of-service maintenance completed successfully.,out-of-service,out-of-service
1000799,DG003,DGU0341,1000022,air-conditioning failure,Generated out-of-service maintenance outside normal booking hours.,2024-08-25T19:00:00,2024-08-25T21:00:00,completed,Out-of-service maintenance completed successfully.,out-of-service,out-of-service
1000800,DG052,DGU0386,,cleaning issue,Generated out-of-service maintenance outside normal booking hours.,2025-02-16T19:00:00,2025-02-16T21:00:00,completed,Out-of-service maintenance completed successfully.,out-of-service,out-of-service
1000801,DG026,DGFS0009,,network problem,Generated out-of-service maintenance outside normal booking hours.,2024-10-21T19:00:00,2024-10-21T22:00:00,completed,Out-of-service maintenance completed successfully.,out-of-service,out-of-service
1000802,DG033,DGFS0016,,network problem,Generated out-of-service maintenance outside normal booking hours.,2023-02-02T19:00:00,2023-02-02T21:00:00,completed,Out-of-service maintenance completed successfully.,out-of-service,out-of-service
1000803,DG001,DGU0150,,network problem,Generated out-of-service maintenance outside normal booking hours.,2024-01-29T19:00:00,2024-01-29T23:00:00,completed,Out-of-service maintenance completed successfully.,out-of-service,out-of-service
1000804,DG060,DGU0315,1000472,air-conditioning failure,Generated out-of-service maintenance outside normal booking hours.,2025-05-20T19:00:00,2025-05-20T21:00:00,completed,Out-of-service maintenance completed successfully.,out-of-service,out-of-service
1000805,DG005,DGU0278,,damaged furniture,Generated out-of-service maintenance outside normal booking hours.,2024-06-16T19:00:00,2024-06-16T23:00:00,completed,Out-of-service maintenance completed successfully.,out-of-service,out-of-service
1000806,DG005,DGU0012,,damaged furniture,Generated out-of-service maintenance outside normal booking hours.,2025-01-11T19:00:00,2025-01-11T21:00:00,completed,Out-of-service maintenance completed successfully.,out-of-service,out-of-service
1000807,DG005,DGU0231,1000037,air-conditioning failure,Generated out-of-service maintenance outside normal booking hours.,2024-04-04T19:00:00,2024-04-04T23:00:00,completed,Out-of-service maintenance completed successfully.,out-of-service,out-of-service
1000808,DG039,DGU0305,1000301,air-conditioning failure,Generated out-of-service maintenance outside normal booking hours.,2024-01-27T19:00:00,2024-01-27T21:00:00,completed,Out-of-service maintenance completed successfully.,out-of-service,out-of-service
1000809,DG022,DGU0080,,cleaning issue,Generated out-of-service maintenance outside normal booking hours.,2023-07-30T19:00:00,2023-07-30T22:00:00,completed,Out-of-service maintenance completed successfully.,out-of-service,out-of-service
1000810,DG041,DGU0231,,other,Generated out-of-service maintenance outside normal booking hours.,2023-10-20T19:00:00,2023-10-20T23:00:00,completed,Out-of-service maintenance completed successfully.,out-of-service,out-of-service
1000811,DG056,DGFM0002,1000432,broken projector,Generated out-of-service maintenance outside normal booking hours.,2024-04-24T19:00:00,2024-04-24T23:00:00,completed,Out-of-service maintenance completed successfully.,out-of-service,out-of-service
1000812,DG045,DGFM0004,,network problem,Generated out-of-service maintenance outside normal booking hours.,2022-11-04T19:00:00,2022-11-04T23:00:00,completed,Out-of-service maintenance completed successfully.,out-of-service,out-of-service
1000813,DG031,DGU0159,1000239,air-conditioning failure,Generated out-of-service maintenance outside normal booking hours.,2023-05-30T19:00:00,2023-05-30T21:00:00,completed,Out-of-service maintenance completed successfully.,out-of-service,out-of-service
1000814,DG031,DGFS0010,,damaged furniture,Generated out-of-service maintenance outside normal booking hours.,2023-02-09T19:00:00,2023-02-09T22:00:00,completed,Out-of-service maintenance completed successfully.,out-of-service,out-of-service
1000815,DG032,DGU0186,,network problem,Generated out-of-service maintenance outside normal booking hours.,2024-01-16T19:00:00,2024-01-16T22:00:00,completed,Out-of-service maintenance completed successfully.,out-of-service,out-of-service
1000816,DG036,DGL0006,,cleaning issue,Generated out-of-service maintenance outside normal booking hours.,2023-03-18T19:00:00,2023-03-18T23:00:00,completed,Out-of-service maintenance completed successfully.,out-of-service,out-of-service
1000817,DG008,DGU0137,,damaged furniture,Generated out-of-service maintenance outside normal booking hours.,2025-06-29T19:00:00,2025-06-29T21:00:00,completed,Out-of-service maintenance completed successfully.,out-of-service,out-of-service
1000818,DG013,DGL0032,,cleaning issue,Generated out-of-service maintenance outside normal booking hours.,2023-10-28T19:00:00,2023-10-28T23:00:00,completed,Out-of-service maintenance completed successfully.,out-of-service,out-of-service
1000819,DG001,DGFS0007,1000005,air-conditioning failure,Generated out-of-service maintenance outside normal booking hours.,2024-01-04T19:00:00,2024-01-04T23:00:00,completed,Out-of-service maintenance completed successfully.,out-of-service,out-of-service
1000820,DG030,DGTA0017,,network problem,Generated out-of-service maintenance outside normal booking hours.,2024-07-19T19:00:00,2024-07-19T23:00:00,completed,Out-of-service maintenance completed successfully.,out-of-service,out-of-service
1000821,DG032,DGU0012,,cleaning issue,Generated out-of-service maintenance outside normal booking hours.,2023-02-04T19:00:00,2023-02-04T21:00:00,completed,Out-of-service maintenance completed successfully.,out-of-service,out-of-service
1000822,DG002,DGU0170,,damaged furniture,Generated out-of-service maintenance outside normal booking hours.,2023-07-27T19:00:00,2023-07-27T21:00:00,completed,Out-of-service maintenance completed successfully.,out-of-service,out-of-service
1000823,DG056,DGU0153,1000432,broken projector,Generated out-of-service maintenance outside normal booking hours.,2023-07-06T19:00:00,2023-07-06T22:00:00,completed,Out-of-service maintenance completed successfully.,out-of-service,out-of-service
1000824,DG022,DGU0110,,cleaning issue,Generated out-of-service maintenance outside normal booking hours.,2022-09-24T19:00:00,2022-09-24T22:00:00,completed,Out-of-service maintenance completed successfully.,out-of-service,out-of-service
1000825,DG056,DGU0287,,other,Generated out-of-service maintenance outside normal booking hours.,2025-05-06T19:00:00,2025-05-06T23:00:00,completed,Out-of-service maintenance completed successfully.,out-of-service,out-of-service
1000826,DG053,DGU0100,1000420,air-conditioning failure,Generated out-of-service maintenance outside normal booking hours.,2024-04-08T19:00:00,2024-04-08T23:00:00,completed,Out-of-service maintenance completed successfully.,out-of-service,out-of-service
1000827,DG033,DGU0076,,damaged furniture,Generated out-of-service maintenance outside normal booking hours.,2023-05-25T19:00:00,2023-05-25T21:00:00,completed,Out-of-service maintenance completed successfully.,out-of-service,out-of-service
1000828,DG057,DGU0298,,damaged furniture,Generated out-of-service maintenance outside normal booking hours.,2025-05-03T19:00:00,2025-05-03T21:00:00,completed,Out-of-service maintenance completed successfully.,out-of-service,out-of-service
1000829,DG060,DGU0127,,cleaning issue,Generated out-of-service maintenance outside normal booking hours.,2024-01-25T19:00:00,2024-01-25T21:00:00,completed,Out-of-service maintenance completed successfully.,out-of-service,out-of-service
1000830,DG056,DGU0261,1000432,broken projector,Generated out-of-service maintenance outside normal booking hours.,2025-03-02T19:00:00,2025-03-02T22:00:00,completed,Out-of-service maintenance completed successfully.,out-of-service,out-of-service
1000831,DG057,DGU0177,1000446,broken projector,Generated out-of-service maintenance outside normal booking hours.,2025-03-18T19:00:00,2025-03-18T21:00:00,completed,Out-of-service maintenance completed successfully.,out-of-service,out-of-service
1000832,DG004,DGU0210,1000034,air-conditioning failure,Generated out-of-service maintenance outside normal booking hours.,2025-03-10T19:00:00,2025-03-10T21:00:00,completed,Out-of-service maintenance completed successfully.,out-of-service,out-of-service
1000833,DG022,DGU0376,1000177,air-conditioning failure,Generated out-of-service maintenance outside normal booking hours.,2024-01-10T19:00:00,2024-01-10T23:00:00,completed,Out-of-service maintenance completed successfully.,out-of-service,out-of-service
1000834,DG005,DGFS0017,,cleaning issue,Generated out-of-service maintenance outside normal booking hours.,2024-10-16T19:00:00,2024-10-16T23:00:00,completed,Out-of-service maintenance completed successfully.,out-of-service,out-of-service
1000835,DG035,DGU0242,,damaged furniture,Generated out-of-service maintenance outside normal booking hours.,2024-12-11T19:00:00,2024-12-11T21:00:00,completed,Out-of-service maintenance completed successfully.,out-of-service,out-of-service
1000836,DG019,DGFS0014,,network problem,Generated out-of-service maintenance outside normal booking hours.,2024-05-15T19:00:00,2024-05-15T22:00:00,cancelled,Maintenance request cancelled after reassessment.,out-of-service,out-of-service
1000837,DG023,DGU0341,,other,Generated out-of-service maintenance outside normal booking hours.,2023-11-06T19:00:00,2023-11-06T23:00:00,completed,Out-of-service maintenance completed successfully.,out-of-service,out-of-service
1000838,DG013,DGU0009,,network problem,Generated out-of-service maintenance outside normal booking hours.,2023-11-13T19:00:00,2023-11-13T23:00:00,completed,Out-of-service maintenance completed successfully.,out-of-service,out-of-service
1000839,DG058,DGFM0003,,cleaning issue,Generated out-of-service maintenance outside normal booking hours.,2024-05-08T19:00:00,2024-05-08T23:00:00,completed,Out-of-service maintenance completed successfully.,out-of-service,out-of-service
1000840,DG044,DGU0154,,other,Generated out-of-service maintenance outside normal booking hours.,2023-05-17T19:00:00,2023-05-17T21:00:00,completed,Out-of-service maintenance completed successfully.,out-of-service,out-of-service
1000841,DG029,DGU0231,,cleaning issue,Generated out-of-service maintenance outside normal booking hours.,2023-10-07T19:00:00,2023-10-07T22:00:00,completed,Out-of-service maintenance completed successfully.,out-of-service,out-of-service
1000842,DG021,DGU0255,,cleaning issue,Generated out-of-service maintenance outside normal booking hours.,2023-10-09T19:00:00,2023-10-09T23:00:00,completed,Out-of-service maintenance completed successfully.,out-of-service,out-of-service
1000843,DG025,DGU0064,1000187,broken projector,Generated out-of-service maintenance outside normal booking hours.,2025-08-28T19:00:00,2025-08-28T22:00:00,completed,Out-of-service maintenance completed successfully.,out-of-service,out-of-service
1000844,DG059,DGFS0006,,damaged furniture,Generated out-of-service maintenance outside normal booking hours.,2025-06-01T19:00:00,2025-06-01T21:00:00,completed,Out-of-service maintenance completed successfully.,out-of-service,out-of-service
1000845,DG049,DGU0302,1000373,broken projector,Generated out-of-service maintenance outside normal booking hours.,2025-08-04T19:00:00,2025-08-04T21:00:00,completed,Out-of-service maintenance completed successfully.,out-of-service,out-of-service
1000846,DG029,DGU0181,,other,Generated out-of-service maintenance outside normal booking hours.,2023-06-23T19:00:00,2023-06-23T23:00:00,cancelled,Maintenance request cancelled after reassessment.,out-of-service,out-of-service
1000847,DG047,DGU0166,,network problem,Generated out-of-service maintenance outside normal booking hours.,2024-03-19T19:00:00,2024-03-19T23:00:00,completed,Out-of-service maintenance completed successfully.,out-of-service,out-of-service
1000848,DG030,DGTA0010,,damaged furniture,Generated out-of-service maintenance outside normal booking hours.,2023-05-09T19:00:00,2023-05-09T23:00:00,completed,Out-of-service maintenance completed successfully.,out-of-service,out-of-service
1000849,DG017,DGDA0002,1000137,air-conditioning failure,Generated out-of-service maintenance outside normal booking hours.,2025-06-08T19:00:00,2025-06-08T21:00:00,completed,Out-of-service maintenance completed successfully.,out-of-service,out-of-service
1000850,DG046,DGU0165,,network problem,Generated out-of-service maintenance outside normal booking hours.,2024-12-06T19:00:00,2024-12-06T23:00:00,completed,Out-of-service maintenance completed successfully.,out-of-service,out-of-service
1000851,DG036,DGU0165,1000277,air-conditioning failure,Generated out-of-service maintenance outside normal booking hours.,2023-08-26T19:00:00,2023-08-26T22:00:00,completed,Out-of-service maintenance completed successfully.,out-of-service,out-of-service
1000852,DG009,DGL0024,1000068,broken projector,Generated out-of-service maintenance outside normal booking hours.,2023-10-01T19:00:00,2023-10-01T23:00:00,completed,Out-of-service maintenance completed successfully.,out-of-service,out-of-service
1000853,DG011,DGFM0004,,network problem,Generated out-of-service maintenance outside normal booking hours.,2023-07-29T19:00:00,2023-07-29T21:00:00,completed,Out-of-service maintenance completed successfully.,out-of-service,out-of-service
1000854,DG019,DGU0230,,network problem,Generated out-of-service maintenance outside normal booking hours.,2024-04-18T19:00:00,2024-04-18T23:00:00,cancelled,Maintenance request cancelled after reassessment.,out-of-service,out-of-service
1000855,DG026,DGU0285,1000195,air-conditioning failure,Generated out-of-service maintenance outside normal booking hours.,2023-06-01T19:00:00,2023-06-01T23:00:00,completed,Out-of-service maintenance completed successfully.,out-of-service,out-of-service
1000856,DG043,DGL0018,,damaged furniture,Generated out-of-service maintenance outside normal booking hours.,2023-10-08T19:00:00,2023-10-08T22:00:00,completed,Out-of-service maintenance completed successfully.,out-of-service,out-of-service
1000857,DG014,DGU0345,,cleaning issue,Generated out-of-service maintenance outside normal booking hours.,2024-12-01T19:00:00,2024-12-01T21:00:00,completed,Out-of-service maintenance completed successfully.,out-of-service,out-of-service
1000858,DG052,DGFS0002,,network problem,Generated out-of-service maintenance outside normal booking hours.,2023-02-06T19:00:00,2023-02-06T22:00:00,completed,Out-of-service maintenance completed successfully.,out-of-service,out-of-service
1000859,DG015,DGFS0007,,network problem,Generated out-of-service maintenance outside normal booking hours.,2023-05-19T19:00:00,2023-05-19T23:00:00,completed,Out-of-service maintenance completed successfully.,out-of-service,out-of-service
1000860,DG009,DGTA0016,,other,Generated out-of-service maintenance outside normal booking hours.,2025-05-25T19:00:00,2025-05-25T21:00:00,completed,Out-of-service maintenance completed successfully.,out-of-service,out-of-service
1000861,DG021,DGU0133,1000160,broken projector,Generated out-of-service maintenance outside normal booking hours.,2024-08-11T19:00:00,2024-08-11T21:00:00,completed,Out-of-service maintenance completed successfully.,out-of-service,out-of-service
1000862,DG007,DGU0344,,other,Generated out-of-service maintenance outside normal booking hours.,2025-08-20T19:00:00,2025-08-20T22:00:00,completed,Out-of-service maintenance completed successfully.,out-of-service,out-of-service
1000863,DG057,DGU0238,1000447,air-conditioning failure,Generated out-of-service maintenance outside normal booking hours.,2023-08-24T19:00:00,2023-08-24T22:00:00,completed,Out-of-service maintenance completed successfully.,out-of-service,out-of-service
1000864,DG051,DGU0368,,damaged furniture,Generated out-of-service maintenance outside normal booking hours.,2025-08-05T19:00:00,2025-08-05T22:00:00,completed,Out-of-service maintenance completed successfully.,out-of-service,out-of-service
1000865,DG006,DGFS0016,1000042,broken projector,Generated out-of-service maintenance outside normal booking hours.,2024-02-05T19:00:00,2024-02-05T22:00:00,completed,Out-of-service maintenance completed successfully.,out-of-service,out-of-service
1000866,DG051,DGU0247,,cleaning issue,Generated out-of-service maintenance outside normal booking hours.,2022-11-15T19:00:00,2022-11-15T22:00:00,completed,Out-of-service maintenance completed successfully.,out-of-service,out-of-service
1000867,DG025,DGFS0006,1000187,broken projector,Generated out-of-service maintenance outside normal booking hours.,2023-02-06T19:00:00,2023-02-06T23:00:00,cancelled,Maintenance request cancelled after reassessment.,out-of-service,out-of-service
1000868,DG042,DGU0271,,network problem,Generated out-of-service maintenance outside normal booking hours.,2022-10-07T19:00:00,2022-10-07T23:00:00,completed,Out-of-service maintenance completed successfully.,out-of-service,out-of-service
1000869,DG044,DGU0002,,other,Generated out-of-service maintenance outside normal booking hours.,2025-05-23T19:00:00,2025-05-23T21:00:00,completed,Out-of-service maintenance completed successfully.,out-of-service,out-of-service
1000870,DG052,DGU0334,1000416,air-conditioning failure,Generated out-of-service maintenance outside normal booking hours.,2023-03-19T19:00:00,2023-03-19T23:00:00,completed,Out-of-service maintenance completed successfully.,out-of-service,out-of-service
1000871,DG057,DGU0374,1000446,broken projector,Generated out-of-service maintenance outside normal booking hours.,2023-09-12T19:00:00,2023-09-12T23:00:00,completed,Out-of-service maintenance completed successfully.,out-of-service,out-of-service
1000872,DG029,DGFS0002,,network problem,Generated out-of-service maintenance outside normal booking hours.,2024-10-22T19:00:00,2024-10-22T21:00:00,completed,Out-of-service maintenance completed successfully.,out-of-service,out-of-service
1000873,DG032,DGU0033,1000240,broken projector,Generated out-of-service maintenance outside normal booking hours.,2024-12-04T19:00:00,2024-12-04T23:00:00,completed,Out-of-service maintenance completed successfully.,out-of-service,out-of-service
1000874,DG043,DGDA0008,,other,Generated out-of-service maintenance outside normal booking hours.,2023-01-16T19:00:00,2023-01-16T21:00:00,completed,Out-of-service maintenance completed successfully.,out-of-service,out-of-service
1000875,DG035,DGU0187,1000274,air-conditioning failure,Generated out-of-service maintenance outside normal booking hours.,2023-05-20T19:00:00,2023-05-20T23:00:00,completed,Out-of-service maintenance completed successfully.,out-of-service,out-of-service
1000876,DG053,DGU0129,,network problem,Generated out-of-service maintenance outside normal booking hours.,2023-08-26T19:00:00,2023-08-26T21:00:00,completed,Out-of-service maintenance completed successfully.,out-of-service,out-of-service
1000877,DG001,DGTA0022,,cleaning issue,Generated out-of-service maintenance outside normal booking hours.,2025-06-20T19:00:00,2025-06-20T22:00:00,completed,Out-of-service maintenance completed successfully.,out-of-service,out-of-service
1000878,DG028,DGU0259,,network problem,Generated out-of-service maintenance outside normal booking hours.,2024-03-31T19:00:00,2024-03-31T22:00:00,completed,Out-of-service maintenance completed successfully.,out-of-service,out-of-service
1000879,DG013,DGL0025,1000091,broken projector,Generated out-of-service maintenance outside normal booking hours.,2024-11-13T19:00:00,2024-11-13T22:00:00,completed,Out-of-service maintenance completed successfully.,out-of-service,out-of-service
1000880,DG010,DGU0348,,cleaning issue,Generated out-of-service maintenance outside normal booking hours.,2023-05-22T19:00:00,2023-05-22T23:00:00,cancelled,Maintenance request cancelled after reassessment.,out-of-service,out-of-service
1000881,DG040,DGU0065,1000316,air-conditioning failure,Generated out-of-service maintenance outside normal booking hours.,2024-12-09T19:00:00,2024-12-09T22:00:00,completed,Out-of-service maintenance completed successfully.,out-of-service,out-of-service
1000882,DG023,DGU0106,,cleaning issue,Generated out-of-service maintenance outside normal booking hours.,2023-02-23T19:00:00,2023-02-23T21:00:00,completed,Out-of-service maintenance completed successfully.,out-of-service,out-of-service
1000883,DG020,DGTA0023,1000148,air-conditioning failure,Generated out-of-service maintenance outside normal booking hours.,2022-10-06T19:00:00,2022-10-06T22:00:00,completed,Out-of-service maintenance completed successfully.,out-of-service,out-of-service
1000884,DG032,DGU0019,1000240,broken projector,Generated out-of-service maintenance outside normal booking hours.,2024-04-22T19:00:00,2024-04-22T21:00:00,completed,Out-of-service maintenance completed successfully.,out-of-service,out-of-service
1000885,DG055,DGU0178,,cleaning issue,Generated out-of-service maintenance outside normal booking hours.,2023-02-14T19:00:00,2023-02-14T22:00:00,completed,Out-of-service maintenance completed successfully.,out-of-service,out-of-service
1000886,DG014,DGFS0015,,damaged furniture,Generated out-of-service maintenance outside normal booking hours.,2022-12-21T19:00:00,2022-12-21T22:00:00,completed,Out-of-service maintenance completed successfully.,out-of-service,out-of-service
1000887,DG053,DGU0193,,cleaning issue,Generated out-of-service maintenance outside normal booking hours.,2023-01-06T19:00:00,2023-01-06T22:00:00,cancelled,Maintenance request cancelled after reassessment.,out-of-service,out-of-service
1000888,DG039,DGU0392,,other,Generated out-of-service maintenance outside normal booking hours.,2023-06-12T19:00:00,2023-06-12T21:00:00,completed,Out-of-service maintenance completed successfully.,out-of-service,out-of-service
1000889,DG060,DGU0082,,network problem,Generated out-of-service maintenance outside normal booking hours.,2024-04-23T19:00:00,2024-04-23T22:00:00,completed,Out-of-service maintenance completed successfully.,out-of-service,out-of-service
1000890,DG021,DGU0400,,cleaning issue,Generated out-of-service maintenance outside normal booking hours.,2023-04-01T19:00:00,2023-04-01T22:00:00,completed,Out-of-service maintenance completed successfully.,out-of-service,out-of-service
1000891,DG029,DGU0070,,damaged furniture,Generated out-of-service maintenance outside normal booking hours.,2023-09-22T19:00:00,2023-09-22T21:00:00,cancelled,Maintenance request cancelled after reassessment.,out-of-service,out-of-service
1000892,DG026,DGFS0002,1000193,broken projector,Generated out-of-service maintenance outside normal booking hours.,2024-10-20T19:00:00,2024-10-20T23:00:00,completed,Out-of-service maintenance completed successfully.,out-of-service,out-of-service
1000893,DG024,DGU0316,,other,Generated out-of-service maintenance outside normal booking hours.,2023-11-18T19:00:00,2023-11-18T21:00:00,completed,Out-of-service maintenance completed successfully.,out-of-service,out-of-service
1000894,DG053,DGU0092,,cleaning issue,Generated out-of-service maintenance outside normal booking hours.,2023-07-27T19:00:00,2023-07-27T22:00:00,completed,Out-of-service maintenance completed successfully.,out-of-service,out-of-service
1000895,DG002,DGU0005,,damaged furniture,Generated out-of-service maintenance outside normal booking hours.,2024-03-29T19:00:00,2024-03-29T21:00:00,completed,Out-of-service maintenance completed successfully.,out-of-service,out-of-service
1000896,DG055,DGU0237,1000425,broken projector,Generated out-of-service maintenance outside normal booking hours.,2024-09-06T19:00:00,2024-09-06T21:00:00,completed,Out-of-service maintenance completed successfully.,out-of-service,out-of-service
1000897,DG021,DGU0285,1000161,air-conditioning failure,Generated out-of-service maintenance outside normal booking hours.,2022-10-04T19:00:00,2022-10-04T23:00:00,cancelled,Maintenance request cancelled after reassessment.,out-of-service,out-of-service
1000898,DG045,DGTA0001,1000348,air-conditioning failure,Generated out-of-service maintenance outside normal booking hours.,2023-02-11T19:00:00,2023-02-11T23:00:00,completed,Out-of-service maintenance completed successfully.,out-of-service,out-of-service
1000899,DG015,DGU0088,,damaged furniture,Generated out-of-service maintenance outside normal booking hours.,2023-02-08T19:00:00,2023-02-08T21:00:00,completed,Out-of-service maintenance completed successfully.,out-of-service,out-of-service
1000900,DG024,DGU0369,,damaged furniture,Generated out-of-service maintenance outside normal booking hours.,2023-04-25T19:00:00,2023-04-25T21:00:00,completed,Out-of-service maintenance completed successfully.,out-of-service,out-of-service
1000901,DG054,DGFM0002,,network problem,Generated out-of-service maintenance outside normal booking hours.,2023-06-25T19:00:00,2023-06-25T21:00:00,completed,Out-of-service maintenance completed successfully.,out-of-service,out-of-service
1000902,DG039,DGDA0005,,other,Generated out-of-service maintenance outside normal booking hours.,2025-08-18T19:00:00,2025-08-18T21:00:00,completed,Out-of-service maintenance completed successfully.,out-of-service,out-of-service
1000903,DG020,DGU0005,,cleaning issue,Generated out-of-service maintenance outside normal booking hours.,2024-12-25T19:00:00,2024-12-25T22:00:00,completed,Out-of-service maintenance completed successfully.,out-of-service,out-of-service
1000904,DG040,DGU0195,,cleaning issue,Generated out-of-service maintenance outside normal booking hours.,2023-12-29T19:00:00,2023-12-29T22:00:00,completed,Out-of-service maintenance completed successfully.,out-of-service,out-of-service
1000905,DG018,DGU0155,,network problem,Generated out-of-service maintenance outside normal booking hours.,2024-12-10T19:00:00,2024-12-10T22:00:00,completed,Out-of-service maintenance completed successfully.,out-of-service,out-of-service
1000906,DG054,DGU0096,,network problem,Generated out-of-service maintenance outside normal booking hours.,2024-05-28T19:00:00,2024-05-28T21:00:00,completed,Out-of-service maintenance completed successfully.,out-of-service,out-of-service
1000907,DG014,DGFS0009,,other,Generated out-of-service maintenance outside normal booking hours.,2024-12-28T19:00:00,2024-12-28T21:00:00,completed,Out-of-service maintenance completed successfully.,out-of-service,out-of-service
1000908,DG048,DGU0206,1000372,air-conditioning failure,Generated out-of-service maintenance outside normal booking hours.,2024-09-17T19:00:00,2024-09-17T21:00:00,completed,Out-of-service maintenance completed successfully.,out-of-service,out-of-service
1000909,DG044,DGFS0008,,damaged furniture,Generated out-of-service maintenance outside normal booking hours.,2024-04-06T19:00:00,2024-04-06T21:00:00,completed,Out-of-service maintenance completed successfully.,out-of-service,out-of-service
1000910,DG018,DGU0221,,network problem,Generated out-of-service maintenance outside normal booking hours.,2025-02-10T19:00:00,2025-02-10T23:00:00,completed,Out-of-service maintenance completed successfully.,out-of-service,out-of-service
1000911,DG036,DGFS0017,,damaged furniture,Generated out-of-service maintenance outside normal booking hours.,2023-07-18T19:00:00,2023-07-18T21:00:00,completed,Out-of-service maintenance completed successfully.,out-of-service,out-of-service
1000912,DG013,DGU0170,,damaged furniture,Generated out-of-service maintenance outside normal booking hours.,2023-01-13T19:00:00,2023-01-13T22:00:00,completed,Out-of-service maintenance completed successfully.,out-of-service,out-of-service
1000913,DG007,DGU0005,1000043,broken projector,Generated out-of-service maintenance outside normal booking hours.,2023-05-23T19:00:00,2023-05-23T22:00:00,completed,Out-of-service maintenance completed successfully.,out-of-service,out-of-service
1000914,DG018,DGTA0010,,damaged furniture,Generated out-of-service maintenance outside normal booking hours.,2024-08-15T19:00:00,2024-08-15T22:00:00,completed,Out-of-service maintenance completed successfully.,out-of-service,out-of-service
1000915,DG054,DGU0374,,cleaning issue,Generated out-of-service maintenance outside normal booking hours.,2024-05-14T19:00:00,2024-05-14T21:00:00,completed,Out-of-service maintenance completed successfully.,out-of-service,out-of-service
1000916,DG044,DGFM0004,1000333,air-conditioning failure,Generated out-of-service maintenance outside normal booking hours.,2022-11-25T19:00:00,2022-11-25T22:00:00,completed,Out-of-service maintenance completed successfully.,out-of-service,out-of-service
1000917,DG059,DGFS0019,,network problem,Generated out-of-service maintenance outside normal booking hours.,2023-07-24T19:00:00,2023-07-24T23:00:00,completed,Out-of-service maintenance completed successfully.,out-of-service,out-of-service
1000918,DG003,DGU0086,,damaged furniture,Generated out-of-service maintenance outside normal booking hours.,2023-05-14T19:00:00,2023-05-14T23:00:00,completed,Out-of-service maintenance completed successfully.,out-of-service,out-of-service
1000919,DG039,DGFS0009,,cleaning issue,Generated out-of-service maintenance outside normal booking hours.,2025-07-26T19:00:00,2025-07-26T21:00:00,cancelled,Maintenance request cancelled after reassessment.,out-of-service,out-of-service
1000920,DG011,DGU0272,,damaged furniture,Generated out-of-service maintenance outside normal booking hours.,2023-11-10T19:00:00,2023-11-10T21:00:00,completed,Out-of-service maintenance completed successfully.,out-of-service,out-of-service
1000921,DG020,DGU0095,,other,Generated out-of-service maintenance outside normal booking hours.,2024-08-19T19:00:00,2024-08-19T21:00:00,completed,Out-of-service maintenance completed successfully.,out-of-service,out-of-service
1000922,DG052,DGU0181,1000416,air-conditioning failure,Generated out-of-service maintenance outside normal booking hours.,2024-02-04T19:00:00,2024-02-04T22:00:00,completed,Out-of-service maintenance completed successfully.,out-of-service,out-of-service
1000923,DG022,DGU0255,,cleaning issue,Generated out-of-service maintenance outside normal booking hours.,2023-12-25T19:00:00,2023-12-25T21:00:00,completed,Out-of-service maintenance completed successfully.,out-of-service,out-of-service
1000924,DG014,DGU0293,,damaged furniture,Generated out-of-service maintenance outside normal booking hours.,2025-06-11T19:00:00,2025-06-11T22:00:00,completed,Out-of-service maintenance completed successfully.,out-of-service,out-of-service
1000925,DG032,DGU0027,,network problem,Generated out-of-service maintenance outside normal booking hours.,2023-09-01T19:00:00,2023-09-01T21:00:00,completed,Out-of-service maintenance completed successfully.,out-of-service,out-of-service
1000926,DG007,DGFS0022,,network problem,Generated out-of-service maintenance outside normal booking hours.,2024-11-25T19:00:00,2024-11-25T22:00:00,completed,Out-of-service maintenance completed successfully.,out-of-service,out-of-service
1000927,DG043,DGU0031,,damaged furniture,Generated out-of-service maintenance outside normal booking hours.,2023-12-23T19:00:00,2023-12-23T23:00:00,completed,Out-of-service maintenance completed successfully.,out-of-service,out-of-service
1000928,DG024,DGTA0020,1000184,air-conditioning failure,Generated out-of-service maintenance outside normal booking hours.,2023-06-07T19:00:00,2023-06-07T22:00:00,completed,Out-of-service maintenance completed successfully.,out-of-service,out-of-service
1000929,DG060,DGU0022,1000472,air-conditioning failure,Generated out-of-service maintenance outside normal booking hours.,2025-03-07T19:00:00,2025-03-07T23:00:00,completed,Out-of-service maintenance completed successfully.,out-of-service,out-of-service
1000930,DG012,DGU0233,,other,Generated out-of-service maintenance outside normal booking hours.,2024-05-16T19:00:00,2024-05-16T23:00:00,completed,Out-of-service maintenance completed successfully.,out-of-service,out-of-service
1000931,DG057,DGU0309,,other,Generated out-of-service maintenance outside normal booking hours.,2023-12-13T19:00:00,2023-12-13T21:00:00,completed,Out-of-service maintenance completed successfully.,out-of-service,out-of-service
1000932,DG047,DGU0351,1000368,air-conditioning failure,Generated out-of-service maintenance outside normal booking hours.,2025-01-17T19:00:00,2025-01-17T22:00:00,cancelled,Maintenance request cancelled after reassessment.,out-of-service,out-of-service
1000933,DG031,DGU0036,1000239,air-conditioning failure,Generated out-of-service maintenance outside normal booking hours.,2025-03-17T19:00:00,2025-03-17T21:00:00,completed,Out-of-service maintenance completed successfully.,out-of-service,out-of-service
1000934,DG029,DGU0313,,network problem,Generated out-of-service maintenance outside normal booking hours.,2025-04-19T19:00:00,2025-04-19T22:00:00,completed,Out-of-service maintenance completed successfully.,out-of-service,out-of-service
1000935,DG045,DGL0025,,network problem,Generated out-of-service maintenance outside normal booking hours.,2024-05-22T19:00:00,2024-05-22T22:00:00,completed,Out-of-service maintenance completed successfully.,out-of-service,out-of-service
1000936,DG031,DGU0252,1000239,air-conditioning failure,Generated out-of-service maintenance outside normal booking hours.,2024-07-09T19:00:00,2024-07-09T21:00:00,completed,Out-of-service maintenance completed successfully.,out-of-service,out-of-service
1000937,DG032,DGU0316,,damaged furniture,Generated out-of-service maintenance outside normal booking hours.,2023-06-06T19:00:00,2023-06-06T21:00:00,completed,Out-of-service maintenance completed successfully.,out-of-service,out-of-service
1000938,DG033,DGFS0014,1000254,air-conditioning failure,Generated out-of-service maintenance outside normal booking hours.,2024-02-03T19:00:00,2024-02-03T23:00:00,completed,Out-of-service maintenance completed successfully.,out-of-service,out-of-service
1000939,DG009,DGFM0001,,other,Generated out-of-service maintenance outside normal booking hours.,2023-11-07T19:00:00,2023-11-07T23:00:00,completed,Out-of-service maintenance completed successfully.,out-of-service,out-of-service
1000940,DG051,DGTA0009,,network problem,Generated out-of-service maintenance outside normal booking hours.,2023-01-14T19:00:00,2023-01-14T21:00:00,completed,Out-of-service maintenance completed successfully.,out-of-service,out-of-service
1000941,DG013,DGU0061,1000091,broken projector,Generated out-of-service maintenance outside normal booking hours.,2025-02-08T19:00:00,2025-02-08T23:00:00,completed,Out-of-service maintenance completed successfully.,out-of-service,out-of-service
1000942,DG060,DGU0383,,network problem,Generated out-of-service maintenance outside normal booking hours.,2023-12-02T19:00:00,2023-12-02T23:00:00,completed,Out-of-service maintenance completed successfully.,out-of-service,out-of-service
1000943,DG060,DGFM0001,,cleaning issue,Generated out-of-service maintenance outside normal booking hours.,2024-11-23T19:00:00,2024-11-23T22:00:00,completed,Out-of-service maintenance completed successfully.,out-of-service,out-of-service
1000944,DG053,DGU0158,,cleaning issue,Generated out-of-service maintenance outside normal booking hours.,2023-06-20T19:00:00,2023-06-20T23:00:00,completed,Out-of-service maintenance completed successfully.,out-of-service,out-of-service
1000945,DG015,DGU0136,,network problem,Generated out-of-service maintenance outside normal booking hours.,2025-04-08T19:00:00,2025-04-08T22:00:00,completed,Out-of-service maintenance completed successfully.,out-of-service,out-of-service
1000946,DG033,DGFS0017,1000253,broken projector,Generated out-of-service maintenance outside normal booking hours.,2025-03-14T19:00:00,2025-03-14T22:00:00,completed,Out-of-service maintenance completed successfully.,out-of-service,out-of-service
1000947,DG059,DGFS0010,,other,Generated out-of-service maintenance outside normal booking hours.,2024-01-15T19:00:00,2024-01-15T22:00:00,completed,Out-of-service maintenance completed successfully.,out-of-service,out-of-service
1000948,DG054,DGU0234,,other,Generated out-of-service maintenance outside normal booking hours.,2025-04-06T19:00:00,2025-04-06T21:00:00,completed,Out-of-service maintenance completed successfully.,out-of-service,out-of-service
1000949,DG013,DGU0322,,other,Generated out-of-service maintenance outside normal booking hours.,2025-04-15T19:00:00,2025-04-15T23:00:00,completed,Out-of-service maintenance completed successfully.,out-of-service,out-of-service
1000950,DG043,DGFS0008,1000330,air-conditioning failure,Generated out-of-service maintenance outside normal booking hours.,2023-05-29T19:00:00,2023-05-29T21:00:00,completed,Out-of-service maintenance completed successfully.,out-of-service,out-of-service
1000951,DG045,DGU0056,1000347,broken projector,Generated out-of-service maintenance outside normal booking hours.,2024-09-18T19:00:00,2024-09-18T22:00:00,completed,Out-of-service maintenance completed successfully.,out-of-service,out-of-service
1000952,DG035,DGU0119,,cleaning issue,Generated out-of-service maintenance outside normal booking hours.,2023-04-06T19:00:00,2023-04-06T23:00:00,completed,Out-of-service maintenance completed successfully.,out-of-service,out-of-service
1000953,DG021,DGU0238,,cleaning issue,Generated out-of-service maintenance outside normal booking hours.,2022-12-26T19:00:00,2022-12-26T21:00:00,completed,Out-of-service maintenance completed successfully.,out-of-service,out-of-service
1000954,DG047,DGU0303,,damaged furniture,Generated out-of-service maintenance outside normal booking hours.,2025-05-26T19:00:00,2025-05-26T22:00:00,completed,Out-of-service maintenance completed successfully.,out-of-service,out-of-service
1000955,DG032,DGU0289,1000242,air-conditioning failure,Generated out-of-service maintenance outside normal booking hours.,2025-06-26T19:00:00,2025-06-26T23:00:00,completed,Out-of-service maintenance completed successfully.,out-of-service,out-of-service
1000956,DG008,DGL0005,1000050,broken projector,Generated out-of-service maintenance outside normal booking hours.,2025-05-25T19:00:00,2025-05-25T21:00:00,completed,Out-of-service maintenance completed successfully.,out-of-service,out-of-service
1000957,DG031,DGU0282,,other,Generated out-of-service maintenance outside normal booking hours.,2024-12-17T19:00:00,2024-12-17T21:00:00,completed,Out-of-service maintenance completed successfully.,out-of-service,out-of-service
1000958,DG052,DGFS0007,,cleaning issue,Generated out-of-service maintenance outside normal booking hours.,2024-03-12T19:00:00,2024-03-12T22:00:00,completed,Out-of-service maintenance completed successfully.,out-of-service,out-of-service
1000959,DG041,DGFS0025,1000321,air-conditioning failure,Generated out-of-service maintenance outside normal booking hours.,2024-06-08T19:00:00,2024-06-08T22:00:00,completed,Out-of-service maintenance completed successfully.,out-of-service,out-of-service
1000960,DG006,DGU0074,,other,Generated out-of-service maintenance outside normal booking hours.,2023-04-11T19:00:00,2023-04-11T22:00:00,completed,Out-of-service maintenance completed successfully.,out-of-service,out-of-service
1000961,DG011,DGFM0002,,damaged furniture,Generated out-of-service maintenance outside normal booking hours.,2024-01-07T19:00:00,2024-01-07T21:00:00,completed,Out-of-service maintenance completed successfully.,out-of-service,out-of-service
1000962,DG043,DGU0089,,cleaning issue,Generated out-of-service maintenance outside normal booking hours.,2025-01-02T19:00:00,2025-01-02T21:00:00,completed,Out-of-service maintenance completed successfully.,out-of-service,out-of-service
1000963,DG015,DGL0003,,damaged furniture,Generated out-of-service maintenance outside normal booking hours.,2024-03-04T19:00:00,2024-03-04T23:00:00,completed,Out-of-service maintenance completed successfully.,out-of-service,out-of-service
1000964,DG016,DGU0082,,network problem,Generated out-of-service maintenance outside normal booking hours.,2022-09-02T19:00:00,2022-09-02T21:00:00,cancelled,Maintenance request cancelled after reassessment.,out-of-service,out-of-service
1000965,DG022,DGL0004,,network problem,Generated out-of-service maintenance outside normal booking hours.,2022-12-11T19:00:00,2022-12-11T23:00:00,completed,Out-of-service maintenance completed successfully.,out-of-service,out-of-service
1000966,DG026,DGU0180,,damaged furniture,Generated out-of-service maintenance outside normal booking hours.,2023-10-13T19:00:00,2023-10-13T23:00:00,completed,Out-of-service maintenance completed successfully.,out-of-service,out-of-service
1000967,DG032,DGFS0010,,damaged furniture,Generated out-of-service maintenance outside normal booking hours.,2024-01-12T19:00:00,2024-01-12T23:00:00,completed,Out-of-service maintenance completed successfully.,out-of-service,out-of-service
1000968,DG026,DGU0251,1000193,broken projector,Generated out-of-service maintenance outside normal booking hours.,2025-05-20T19:00:00,2025-05-20T21:00:00,completed,Out-of-service maintenance completed successfully.,out-of-service,out-of-service
1000969,DG055,DGU0187,1000429,air-conditioning failure,Generated out-of-service maintenance outside normal booking hours.,2025-07-27T19:00:00,2025-07-27T23:00:00,completed,Out-of-service maintenance completed successfully.,out-of-service,out-of-service
1000970,DG059,DGU0123,,damaged furniture,Generated out-of-service maintenance outside normal booking hours.,2024-11-29T19:00:00,2024-11-29T23:00:00,completed,Out-of-service maintenance completed successfully.,out-of-service,out-of-service
1000971,DG049,DGU0270,,cleaning issue,Generated out-of-service maintenance outside normal booking hours.,2023-04-07T19:00:00,2023-04-07T22:00:00,completed,Out-of-service maintenance completed successfully.,out-of-service,out-of-service
1000972,DG025,DGU0396,,network problem,Generated out-of-service maintenance outside normal booking hours.,2023-10-08T19:00:00,2023-10-08T23:00:00,completed,Out-of-service maintenance completed successfully.,out-of-service,out-of-service
1000973,DG047,DGU0142,,cleaning issue,Generated out-of-service maintenance outside normal booking hours.,2025-05-28T19:00:00,2025-05-28T23:00:00,completed,Out-of-service maintenance completed successfully.,out-of-service,out-of-service
1000974,DG036,DGTA0018,,cleaning issue,Generated out-of-service maintenance outside normal booking hours.,2024-02-18T19:00:00,2024-02-18T23:00:00,completed,Out-of-service maintenance completed successfully.,out-of-service,out-of-service
1000975,DG057,DGU0328,,network problem,Generated out-of-service maintenance outside normal booking hours.,2025-07-20T19:00:00,2025-07-20T23:00:00,completed,Out-of-service maintenance completed successfully.,out-of-service,out-of-service
1000976,DG021,DGU0089,,damaged furniture,Generated out-of-service maintenance outside normal booking hours.,2024-03-19T19:00:00,2024-03-19T21:00:00,completed,Out-of-service maintenance completed successfully.,out-of-service,out-of-service
1000977,DG033,DGU0254,1000253,broken projector,Generated out-of-service maintenance outside normal booking hours.,2024-12-27T19:00:00,2024-12-27T22:00:00,completed,Out-of-service maintenance completed successfully.,out-of-service,out-of-service
1000978,DG020,DGU0062,,damaged furniture,Generated out-of-service maintenance outside normal booking hours.,2024-08-18T19:00:00,2024-08-18T22:00:00,completed,Out-of-service maintenance completed successfully.,out-of-service,out-of-service
1000979,DG030,DGU0302,,network problem,Generated out-of-service maintenance outside normal booking hours.,2023-10-02T19:00:00,2023-10-02T23:00:00,completed,Out-of-service maintenance completed successfully.,out-of-service,out-of-service
1000980,DG047,DGU0234,,damaged furniture,Generated out-of-service maintenance outside normal booking hours.,2024-03-14T19:00:00,2024-03-14T23:00:00,completed,Out-of-service maintenance completed successfully.,out-of-service,out-of-service
1000981,DG002,DGU0177,,other,Generated out-of-service maintenance outside normal booking hours.,2025-05-15T19:00:00,2025-05-15T21:00:00,cancelled,Maintenance request cancelled after reassessment.,out-of-service,out-of-service
1000982,DG032,DGL0030,,cleaning issue,Generated out-of-service maintenance outside normal booking hours.,2025-06-17T19:00:00,2025-06-17T21:00:00,completed,Out-of-service maintenance completed successfully.,out-of-service,out-of-service
1000983,DG025,DGFS0009,,cleaning issue,Generated out-of-service maintenance outside normal booking hours.,2025-05-31T19:00:00,2025-05-31T21:00:00,completed,Out-of-service maintenance completed successfully.,out-of-service,out-of-service
1000984,DG035,DGU0020,,cleaning issue,Generated out-of-service maintenance outside normal booking hours.,2022-11-21T19:00:00,2022-11-21T22:00:00,completed,Out-of-service maintenance completed successfully.,out-of-service,out-of-service
1000985,DG001,DGFS0006,,other,Generated out-of-service maintenance outside normal booking hours.,2024-04-11T19:00:00,2024-04-11T23:00:00,completed,Out-of-service maintenance completed successfully.,out-of-service,out-of-service
1000986,DG016,DGTA0015,,other,Generated out-of-service maintenance outside normal booking hours.,2022-10-14T19:00:00,2022-10-14T22:00:00,completed,Out-of-service maintenance completed successfully.,out-of-service,out-of-service
1000987,DG002,DGFM0004,1000009,air-conditioning failure,Generated out-of-service maintenance outside normal booking hours.,2024-10-27T19:00:00,2024-10-27T23:00:00,completed,Out-of-service maintenance completed successfully.,out-of-service,out-of-service
1000988,DG060,DGL0029,,damaged furniture,Generated out-of-service maintenance outside normal booking hours.,2024-09-08T19:00:00,2024-09-08T21:00:00,completed,Out-of-service maintenance completed successfully.,out-of-service,out-of-service
1000989,DG049,DGU0247,,damaged furniture,Generated out-of-service maintenance outside normal booking hours.,2023-10-04T19:00:00,2023-10-04T21:00:00,completed,Out-of-service maintenance completed successfully.,out-of-service,out-of-service
1000990,DG034,DGTA0019,1000269,air-conditioning failure,Generated out-of-service maintenance outside normal booking hours.,2022-11-02T19:00:00,2022-11-02T23:00:00,completed,Out-of-service maintenance completed successfully.,out-of-service,out-of-service
1000991,DG005,DGU0374,,cleaning issue,Generated out-of-service maintenance outside normal booking hours.,2024-09-21T19:00:00,2024-09-21T22:00:00,completed,Out-of-service maintenance completed successfully.,out-of-service,out-of-service
1000992,DG040,DGU0178,,network problem,Generated out-of-service maintenance outside normal booking hours.,2023-04-10T19:00:00,2023-04-10T23:00:00,completed,Out-of-service maintenance completed successfully.,out-of-service,out-of-service
1000993,DG047,DGFS0013,1000370,broken projector,Generated out-of-service maintenance outside normal booking hours.,2025-02-16T19:00:00,2025-02-16T21:00:00,completed,Out-of-service maintenance completed successfully.,out-of-service,out-of-service
1000994,DG008,DGU0263,,damaged furniture,Generated out-of-service maintenance outside normal booking hours.,2024-09-01T19:00:00,2024-09-01T23:00:00,completed,Out-of-service maintenance completed successfully.,out-of-service,out-of-service
1000995,DG019,DGU0335,1000145,air-conditioning failure,Generated out-of-service maintenance outside normal booking hours.,2025-04-16T19:00:00,2025-04-16T22:00:00,completed,Out-of-service maintenance completed successfully.,out-of-service,out-of-service
1000996,DG053,DGFM0003,,network problem,Generated out-of-service maintenance outside normal booking hours.,2023-11-29T19:00:00,2023-11-29T23:00:00,completed,Out-of-service maintenance completed successfully.,out-of-service,out-of-service
1000997,DG007,DGU0131,1000047,air-conditioning failure,Generated out-of-service maintenance outside normal booking hours.,2024-11-06T19:00:00,2024-11-06T23:00:00,completed,Out-of-service maintenance completed successfully.,out-of-service,out-of-service
1000998,DG039,DGU0161,,other,Generated out-of-service maintenance outside normal booking hours.,2024-01-08T19:00:00,2024-01-08T21:00:00,completed,Out-of-service maintenance completed successfully.,out-of-service,out-of-service
1000999,DG055,DGU0135,,network problem,Generated out-of-service maintenance outside normal booking hours.,2025-06-28T19:00:00,2025-06-28T22:00:00,completed,Out-of-service maintenance completed successfully.,out-of-service,out-of-service
1001000,DG058,DGFS0015,,network problem,Generated out-of-service maintenance outside normal booking hours.,2023-07-30T19:00:00,2023-07-30T21:00:00,cancelled,Maintenance request cancelled after reassessment.,out-of-service,out-of-service
1001001,DG032,DGU0180,,cleaning issue,Generated out-of-service maintenance outside normal booking hours.,2023-09-20T19:00:00,2023-09-20T21:00:00,completed,Out-of-service maintenance completed successfully.,out-of-service,out-of-service
1001002,DG029,DGU0013,,cleaning issue,Generated out-of-service maintenance outside normal booking hours.,2024-04-29T19:00:00,2024-04-29T21:00:00,completed,Out-of-service maintenance completed successfully.,out-of-service,out-of-service
1001003,DG030,DGU0036,1000232,broken projector,Generated out-of-service maintenance outside normal booking hours.,2024-02-14T19:00:00,2024-02-14T22:00:00,completed,Out-of-service maintenance completed successfully.,out-of-service,out-of-service
1001004,DG052,DGU0025,1000416,air-conditioning failure,Generated out-of-service maintenance outside normal booking hours.,2023-04-13T19:00:00,2023-04-13T21:00:00,cancelled,Maintenance request cancelled after reassessment.,out-of-service,out-of-service
1001005,DG056,DGU0128,,cleaning issue,Generated out-of-service maintenance outside normal booking hours.,2025-07-10T19:00:00,2025-07-10T21:00:00,completed,Out-of-service maintenance completed successfully.,out-of-service,out-of-service
1001006,DG041,DGFM0002,1000321,air-conditioning failure,Generated out-of-service maintenance outside normal booking hours.,2024-06-09T19:00:00,2024-06-09T21:00:00,completed,Out-of-service maintenance completed successfully.,out-of-service,out-of-service
1001007,DG013,DGU0161,,cleaning issue,Generated out-of-service maintenance outside normal booking hours.,2024-01-03T19:00:00,2024-01-03T21:00:00,cancelled,Maintenance request cancelled after reassessment.,out-of-service,out-of-service
1001008,DG031,DGU0317,1000239,air-conditioning failure,Generated out-of-service maintenance outside normal booking hours.,2023-11-16T19:00:00,2023-11-16T23:00:00,completed,Out-of-service maintenance completed successfully.,out-of-service,out-of-service
1001009,DG028,DGU0206,,damaged furniture,Generated out-of-service maintenance outside normal booking hours.,2023-08-27T19:00:00,2023-08-27T21:00:00,completed,Out-of-service maintenance completed successfully.,out-of-service,out-of-service
1001010,DG007,DGFS0012,,cleaning issue,Generated out-of-service maintenance outside normal booking hours.,2024-01-28T19:00:00,2024-01-28T22:00:00,completed,Out-of-service maintenance completed successfully.,out-of-service,out-of-service
1001011,DG060,DGU0338,,cleaning issue,Generated out-of-service maintenance outside normal booking hours.,2025-02-03T19:00:00,2025-02-03T21:00:00,completed,Out-of-service maintenance completed successfully.,out-of-service,out-of-service
1001012,DG009,DGU0329,,cleaning issue,Generated out-of-service maintenance outside normal booking hours.,2025-07-15T19:00:00,2025-07-15T23:00:00,completed,Out-of-service maintenance completed successfully.,out-of-service,out-of-service
1001013,DG057,DGFS0009,,network problem,Generated out-of-service maintenance outside normal booking hours.,2024-08-15T19:00:00,2024-08-15T21:00:00,completed,Out-of-service maintenance completed successfully.,out-of-service,out-of-service
1001014,DG048,DGU0092,,network problem,Generated out-of-service maintenance outside normal booking hours.,2023-10-10T19:00:00,2023-10-10T22:00:00,completed,Out-of-service maintenance completed successfully.,out-of-service,out-of-service
1001015,DG024,DGFS0012,,cleaning issue,Generated out-of-service maintenance outside normal booking hours.,2022-12-06T19:00:00,2022-12-06T21:00:00,completed,Out-of-service maintenance completed successfully.,out-of-service,out-of-service
1001016,DG043,DGU0100,,other,Generated out-of-service maintenance outside normal booking hours.,2025-07-05T19:00:00,2025-07-05T21:00:00,completed,Out-of-service maintenance completed successfully.,out-of-service,out-of-service
1001017,DG047,DGU0246,,damaged furniture,Generated out-of-service maintenance outside normal booking hours.,2023-06-26T19:00:00,2023-06-26T23:00:00,completed,Out-of-service maintenance completed successfully.,out-of-service,out-of-service
1001018,DG059,DGU0135,,network problem,Generated out-of-service maintenance outside normal booking hours.,2024-01-30T19:00:00,2024-01-30T22:00:00,completed,Out-of-service maintenance completed successfully.,out-of-service,out-of-service
1001019,DG034,DGU0299,,network problem,Generated out-of-service maintenance outside normal booking hours.,2024-03-25T19:00:00,2024-03-25T23:00:00,cancelled,Maintenance request cancelled after reassessment.,out-of-service,out-of-service
1001020,DG045,DGFS0019,,cleaning issue,Generated out-of-service maintenance outside normal booking hours.,2025-01-08T19:00:00,2025-01-08T22:00:00,completed,Out-of-service maintenance completed successfully.,out-of-service,out-of-service
1001021,DG031,DGU0021,1000239,air-conditioning failure,Generated out-of-service maintenance outside normal booking hours.,2023-11-21T19:00:00,2023-11-21T23:00:00,completed,Out-of-service maintenance completed successfully.,out-of-service,out-of-service
1001022,DG060,DGFS0023,,damaged furniture,Generated out-of-service maintenance outside normal booking hours.,2024-12-25T19:00:00,2024-12-25T23:00:00,completed,Out-of-service maintenance completed successfully.,out-of-service,out-of-service
1001023,DG033,DGU0140,,cleaning issue,Generated out-of-service maintenance outside normal booking hours.,2024-10-12T19:00:00,2024-10-12T21:00:00,completed,Out-of-service maintenance completed successfully.,out-of-service,out-of-service
1001024,DG015,DGU0188,,cleaning issue,Generated out-of-service maintenance outside normal booking hours.,2025-06-02T19:00:00,2025-06-02T23:00:00,completed,Out-of-service maintenance completed successfully.,out-of-service,out-of-service
1001025,DG052,DGU0391,,cleaning issue,Generated out-of-service maintenance outside normal booking hours.,2025-02-07T19:00:00,2025-02-07T23:00:00,completed,Out-of-service maintenance completed successfully.,out-of-service,out-of-service
1001026,DG035,DGL0022,,damaged furniture,Generated out-of-service maintenance outside normal booking hours.,2023-10-19T19:00:00,2023-10-19T23:00:00,completed,Out-of-service maintenance completed successfully.,out-of-service,out-of-service
1001027,DG054,DGFS0024,,cleaning issue,Generated out-of-service maintenance outside normal booking hours.,2022-12-04T19:00:00,2022-12-04T23:00:00,completed,Out-of-service maintenance completed successfully.,out-of-service,out-of-service
1001028,DG009,DGU0118,,network problem,Generated out-of-service maintenance outside normal booking hours.,2023-01-31T19:00:00,2023-01-31T22:00:00,completed,Out-of-service maintenance completed successfully.,out-of-service,out-of-service
1001029,DG031,DGU0222,,other,Generated out-of-service maintenance outside normal booking hours.,2023-11-26T19:00:00,2023-11-26T23:00:00,completed,Out-of-service maintenance completed successfully.,out-of-service,out-of-service
1001030,DG005,DGU0345,1000037,air-conditioning failure,Generated out-of-service maintenance outside normal booking hours.,2024-02-25T19:00:00,2024-02-25T21:00:00,completed,Out-of-service maintenance completed successfully.,out-of-service,out-of-service
1001031,DG048,DGU0285,,cleaning issue,Generated out-of-service maintenance outside normal booking hours.,2023-09-10T19:00:00,2023-09-10T23:00:00,completed,Out-of-service maintenance completed successfully.,out-of-service,out-of-service
1001032,DG021,DGFS0022,,network problem,Generated out-of-service maintenance outside normal booking hours.,2024-07-24T19:00:00,2024-07-24T23:00:00,completed,Out-of-service maintenance completed successfully.,out-of-service,out-of-service
1001033,DG015,DGU0282,,other,Generated out-of-service maintenance outside normal booking hours.,2023-01-03T19:00:00,2023-01-03T21:00:00,completed,Out-of-service maintenance completed successfully.,out-of-service,out-of-service
1001034,DG017,DGU0202,,cleaning issue,Generated out-of-service maintenance outside normal booking hours.,2025-02-04T19:00:00,2025-02-04T23:00:00,completed,Out-of-service maintenance completed successfully.,out-of-service,out-of-service
1001035,DG046,DGU0073,,other,Generated out-of-service maintenance outside normal booking hours.,2025-07-05T19:00:00,2025-07-05T22:00:00,completed,Out-of-service maintenance completed successfully.,out-of-service,out-of-service
1001036,DG015,DGU0290,,other,Generated out-of-service maintenance outside normal booking hours.,2025-02-13T19:00:00,2025-02-13T23:00:00,completed,Out-of-service maintenance completed successfully.,out-of-service,out-of-service
1001037,DG011,DGU0269,,cleaning issue,Generated out-of-service maintenance outside normal booking hours.,2025-08-29T19:00:00,2025-08-29T22:00:00,completed,Out-of-service maintenance completed successfully.,out-of-service,out-of-service
1001038,DG050,DGFS0009,1000383,air-conditioning failure,Generated out-of-service maintenance outside normal booking hours.,2025-07-01T19:00:00,2025-07-01T23:00:00,completed,Out-of-service maintenance completed successfully.,out-of-service,out-of-service
1001039,DG016,DGU0387,1000134,broken projector,Generated out-of-service maintenance outside normal booking hours.,2023-02-15T19:00:00,2023-02-15T21:00:00,completed,Out-of-service maintenance completed successfully.,out-of-service,out-of-service
1001040,DG051,DGU0220,,cleaning issue,Generated out-of-service maintenance outside normal booking hours.,2024-04-13T19:00:00,2024-04-13T23:00:00,completed,Out-of-service maintenance completed successfully.,out-of-service,out-of-service
1001041,DG037,DGU0382,,network problem,Generated out-of-service maintenance outside normal booking hours.,2025-05-10T19:00:00,2025-05-10T22:00:00,completed,Out-of-service maintenance completed successfully.,out-of-service,out-of-service
1001042,DG051,DGU0120,,damaged furniture,Generated out-of-service maintenance outside normal booking hours.,2023-05-09T19:00:00,2023-05-09T22:00:00,cancelled,Maintenance request cancelled after reassessment.,out-of-service,out-of-service
1001043,DG041,DGL0005,,cleaning issue,Generated out-of-service maintenance outside normal booking hours.,2024-04-10T19:00:00,2024-04-10T21:00:00,completed,Out-of-service maintenance completed successfully.,out-of-service,out-of-service
1001044,DG031,DGU0068,,other,Generated out-of-service maintenance outside normal booking hours.,2024-03-12T19:00:00,2024-03-12T23:00:00,completed,Out-of-service maintenance completed successfully.,out-of-service,out-of-service
1001045,DG011,DGL0002,,damaged furniture,Generated out-of-service maintenance outside normal booking hours.,2024-12-04T19:00:00,2024-12-04T23:00:00,completed,Out-of-service maintenance completed successfully.,out-of-service,out-of-service
1001046,DG003,DGFM0001,,cleaning issue,Generated out-of-service maintenance outside normal booking hours.,2022-11-21T19:00:00,2022-11-21T22:00:00,cancelled,Maintenance request cancelled after reassessment.,out-of-service,out-of-service
1001047,DG036,DGU0204,,damaged furniture,Generated out-of-service maintenance outside normal booking hours.,2023-08-31T19:00:00,2023-08-31T21:00:00,completed,Out-of-service maintenance completed successfully.,out-of-service,out-of-service
1001048,DG014,DGU0137,,damaged furniture,Generated out-of-service maintenance outside normal booking hours.,2024-06-27T19:00:00,2024-06-27T22:00:00,completed,Out-of-service maintenance completed successfully.,out-of-service,out-of-service
1001049,DG053,DGU0243,,damaged furniture,Generated out-of-service maintenance outside normal booking hours.,2023-10-27T19:00:00,2023-10-27T21:00:00,completed,Out-of-service maintenance completed successfully.,out-of-service,out-of-service
1001050,DG039,DGL0010,1000301,air-conditioning failure,Generated out-of-service maintenance outside normal booking hours.,2023-04-06T19:00:00,2023-04-06T23:00:00,completed,Out-of-service maintenance completed successfully.,out-of-service,out-of-service
1001051,DG036,DGU0058,,network problem,Generated out-of-service maintenance outside normal booking hours.,2024-02-03T19:00:00,2024-02-03T21:00:00,completed,Out-of-service maintenance completed successfully.,out-of-service,out-of-service
1001052,DG032,DGU0150,,damaged furniture,Generated out-of-service maintenance outside normal booking hours.,2025-03-05T19:00:00,2025-03-05T21:00:00,completed,Out-of-service maintenance completed successfully.,out-of-service,out-of-service
1001053,DG055,DGFM0005,1000425,broken projector,Generated out-of-service maintenance outside normal booking hours.,2023-02-22T19:00:00,2023-02-22T23:00:00,completed,Out-of-service maintenance completed successfully.,out-of-service,out-of-service
1001054,DG027,DGFM0003,,damaged furniture,Generated out-of-service maintenance outside normal booking hours.,2025-03-23T19:00:00,2025-03-23T22:00:00,completed,Out-of-service maintenance completed successfully.,out-of-service,out-of-service
1001055,DG006,DGU0363,1000040,air-conditioning failure,Generated out-of-service maintenance outside normal booking hours.,2023-03-05T19:00:00,2023-03-05T21:00:00,completed,Out-of-service maintenance completed successfully.,out-of-service,out-of-service
1001056,DG002,DGU0117,,cleaning issue,Generated out-of-service maintenance outside normal booking hours.,2024-01-02T19:00:00,2024-01-02T21:00:00,cancelled,Maintenance request cancelled after reassessment.,out-of-service,out-of-service
1001057,DG046,DGFS0015,,damaged furniture,Generated out-of-service maintenance outside normal booking hours.,2025-01-31T19:00:00,2025-01-31T23:00:00,completed,Out-of-service maintenance completed successfully.,out-of-service,out-of-service
1001058,DG054,DGU0174,,network problem,Generated out-of-service maintenance outside normal booking hours.,2023-07-17T19:00:00,2023-07-17T21:00:00,completed,Out-of-service maintenance completed successfully.,out-of-service,out-of-service
1001059,DG004,DGL0002,,cleaning issue,Generated out-of-service maintenance outside normal booking hours.,2023-11-04T19:00:00,2023-11-04T22:00:00,completed,Out-of-service maintenance completed successfully.,out-of-service,out-of-service
1001060,DG060,DGU0328,,network problem,Generated out-of-service maintenance outside normal booking hours.,2023-09-16T19:00:00,2023-09-16T22:00:00,completed,Out-of-service maintenance completed successfully.,out-of-service,out-of-service
1001061,DG030,DGTA0023,,cleaning issue,Generated out-of-service maintenance outside normal booking hours.,2023-04-21T19:00:00,2023-04-21T23:00:00,completed,Out-of-service maintenance completed successfully.,out-of-service,out-of-service
1001062,DG035,DGL0008,1000274,air-conditioning failure,Generated out-of-service maintenance outside normal booking hours.,2024-10-18T19:00:00,2024-10-18T22:00:00,completed,Out-of-service maintenance completed successfully.,out-of-service,out-of-service
1001063,DG028,DGL0020,,cleaning issue,Generated out-of-service maintenance outside normal booking hours.,2024-07-10T19:00:00,2024-07-10T22:00:00,completed,Out-of-service maintenance completed successfully.,out-of-service,out-of-service
1001064,DG039,DGU0198,,damaged furniture,Generated out-of-service maintenance outside normal booking hours.,2024-03-05T19:00:00,2024-03-05T22:00:00,completed,Out-of-service maintenance completed successfully.,out-of-service,out-of-service
1001065,DG014,DGTA0016,,other,Generated out-of-service maintenance outside normal booking hours.,2023-09-06T19:00:00,2023-09-06T23:00:00,cancelled,Maintenance request cancelled after reassessment.,out-of-service,out-of-service
1001066,DG048,DGU0235,,damaged furniture,Generated out-of-service maintenance outside normal booking hours.,2025-05-04T19:00:00,2025-05-04T21:00:00,completed,Out-of-service maintenance completed successfully.,out-of-service,out-of-service
1001067,DG016,DGU0100,,network problem,Generated out-of-service maintenance outside normal booking hours.,2024-10-21T19:00:00,2024-10-21T21:00:00,completed,Out-of-service maintenance completed successfully.,out-of-service,out-of-service
1001068,DG022,DGFS0006,,cleaning issue,Generated out-of-service maintenance outside normal booking hours.,2025-04-12T19:00:00,2025-04-12T21:00:00,completed,Out-of-service maintenance completed successfully.,out-of-service,out-of-service
1001069,DG023,DGU0243,,other,Generated out-of-service maintenance outside normal booking hours.,2023-11-14T19:00:00,2023-11-14T22:00:00,completed,Out-of-service maintenance completed successfully.,out-of-service,out-of-service
1001070,DG053,DGU0100,,other,Generated out-of-service maintenance outside normal booking hours.,2023-12-08T19:00:00,2023-12-08T23:00:00,completed,Out-of-service maintenance completed successfully.,out-of-service,out-of-service
1001071,DG041,DGL0002,,cleaning issue,Generated out-of-service maintenance outside normal booking hours.,2023-02-12T19:00:00,2023-02-12T23:00:00,completed,Out-of-service maintenance completed successfully.,out-of-service,out-of-service
1001072,DG014,DGTA0005,,damaged furniture,Generated out-of-service maintenance outside normal booking hours.,2024-11-15T19:00:00,2024-11-15T22:00:00,completed,Out-of-service maintenance completed successfully.,out-of-service,out-of-service
1001073,DG002,DGU0133,1000009,air-conditioning failure,Generated out-of-service maintenance outside normal booking hours.,2024-07-08T19:00:00,2024-07-08T21:00:00,cancelled,Maintenance request cancelled after reassessment.,out-of-service,out-of-service
1001074,DG012,DGFS0015,,damaged furniture,Generated out-of-service maintenance outside normal booking hours.,2023-12-05T19:00:00,2023-12-05T21:00:00,completed,Out-of-service maintenance completed successfully.,out-of-service,out-of-service
1001075,DG031,DGU0053,,network problem,Generated out-of-service maintenance outside normal booking hours.,2024-11-26T19:00:00,2024-11-26T22:00:00,completed,Out-of-service maintenance completed successfully.,out-of-service,out-of-service
1001076,DG023,DGTA0008,,damaged furniture,Generated out-of-service maintenance outside normal booking hours.,2023-01-17T19:00:00,2023-01-17T21:00:00,completed,Out-of-service maintenance completed successfully.,out-of-service,out-of-service
1001077,DG013,DGU0279,,damaged furniture,Generated out-of-service maintenance outside normal booking hours.,2023-08-16T19:00:00,2023-08-16T21:00:00,completed,Out-of-service maintenance completed successfully.,out-of-service,out-of-service
1001078,DG007,DGU0201,,damaged furniture,Generated out-of-service maintenance outside normal booking hours.,2024-12-07T19:00:00,2024-12-07T21:00:00,completed,Out-of-service maintenance completed successfully.,out-of-service,out-of-service
1001079,DG013,DGU0086,,network problem,Generated out-of-service maintenance outside normal booking hours.,2024-02-24T19:00:00,2024-02-24T22:00:00,completed,Out-of-service maintenance completed successfully.,out-of-service,out-of-service
1001080,DG058,DGU0350,,damaged furniture,Generated out-of-service maintenance outside normal booking hours.,2022-10-06T19:00:00,2022-10-06T23:00:00,completed,Out-of-service maintenance completed successfully.,out-of-service,out-of-service
1001081,DG026,DGFM0004,,network problem,Generated out-of-service maintenance outside normal booking hours.,2024-06-28T19:00:00,2024-06-28T22:00:00,completed,Out-of-service maintenance completed successfully.,out-of-service,out-of-service
1001082,DG034,DGU0314,1000271,broken projector,Generated out-of-service maintenance outside normal booking hours.,2024-07-21T19:00:00,2024-07-21T21:00:00,completed,Out-of-service maintenance completed successfully.,out-of-service,out-of-service
1001083,DG037,DGU0133,,damaged furniture,Generated out-of-service maintenance outside normal booking hours.,2024-11-25T19:00:00,2024-11-25T23:00:00,completed,Out-of-service maintenance completed successfully.,out-of-service,out-of-service
1001084,DG040,DGU0173,,network problem,Generated out-of-service maintenance outside normal booking hours.,2024-10-29T19:00:00,2024-10-29T22:00:00,completed,Out-of-service maintenance completed successfully.,out-of-service,out-of-service
1001085,DG012,DGFS0021,,other,Generated out-of-service maintenance outside normal booking hours.,2024-05-07T19:00:00,2024-05-07T22:00:00,completed,Out-of-service maintenance completed successfully.,out-of-service,out-of-service
1001086,DG029,DGU0303,,other,Generated out-of-service maintenance outside normal booking hours.,2023-12-08T19:00:00,2023-12-08T23:00:00,completed,Out-of-service maintenance completed successfully.,out-of-service,out-of-service
1001087,DG016,DGTA0011,1000132,air-conditioning failure,Generated out-of-service maintenance outside normal booking hours.,2024-09-16T19:00:00,2024-09-16T22:00:00,completed,Out-of-service maintenance completed successfully.,out-of-service,out-of-service
1001088,DG032,DGU0246,,other,Generated out-of-service maintenance outside normal booking hours.,2023-02-14T19:00:00,2023-02-14T22:00:00,completed,Out-of-service maintenance completed successfully.,out-of-service,out-of-service
1001089,DG020,DGU0158,1000146,broken projector,Generated out-of-service maintenance outside normal booking hours.,2024-09-01T19:00:00,2024-09-01T21:00:00,completed,Out-of-service maintenance completed successfully.,out-of-service,out-of-service
1001090,DG023,DGFS0023,,damaged furniture,Generated out-of-service maintenance outside normal booking hours.,2023-05-28T19:00:00,2023-05-28T23:00:00,completed,Out-of-service maintenance completed successfully.,out-of-service,out-of-service
1001091,DG022,DGU0025,,damaged furniture,Generated out-of-service maintenance outside normal booking hours.,2022-09-23T19:00:00,2022-09-23T23:00:00,completed,Out-of-service maintenance completed successfully.,out-of-service,out-of-service
1001092,DG016,DGFS0010,1000134,broken projector,Generated out-of-service maintenance outside normal booking hours.,2023-01-01T19:00:00,2023-01-01T23:00:00,completed,Out-of-service maintenance completed successfully.,out-of-service,out-of-service
1001093,DG008,DGU0358,1000050,broken projector,Generated out-of-service maintenance outside normal booking hours.,2023-08-09T19:00:00,2023-08-09T21:00:00,completed,Out-of-service maintenance completed successfully.,out-of-service,out-of-service
1001094,DG021,DGU0250,1000161,air-conditioning failure,Generated out-of-service maintenance outside normal booking hours.,2022-09-24T19:00:00,2022-09-24T23:00:00,completed,Out-of-service maintenance completed successfully.,out-of-service,out-of-service
1001095,DG054,DGFS0017,1000423,air-conditioning failure,Generated out-of-service maintenance outside normal booking hours.,2023-12-24T19:00:00,2023-12-24T21:00:00,completed,Out-of-service maintenance completed successfully.,out-of-service,out-of-service
1001096,DG024,DGU0139,,network problem,Generated out-of-service maintenance outside normal booking hours.,2025-05-17T19:00:00,2025-05-17T21:00:00,completed,Out-of-service maintenance completed successfully.,out-of-service,out-of-service
1001097,DG049,DGU0376,,other,Generated out-of-service maintenance outside normal booking hours.,2025-07-03T19:00:00,2025-07-03T23:00:00,completed,Out-of-service maintenance completed successfully.,out-of-service,out-of-service
1001098,DG036,DGU0222,,network problem,Generated out-of-service maintenance outside normal booking hours.,2023-08-23T19:00:00,2023-08-23T22:00:00,completed,Out-of-service maintenance completed successfully.,out-of-service,out-of-service
1001099,DG012,DGU0355,,cleaning issue,Generated out-of-service maintenance outside normal booking hours.,2023-09-14T19:00:00,2023-09-14T21:00:00,completed,Out-of-service maintenance completed successfully.,out-of-service,out-of-service
1001100,DG052,DGU0299,,network problem,Generated active advisory for late academic-year room-finder testing.,2025-08-07T00:00:00,,in progress,,advisory,advisory
1001101,DG036,DGU0331,1000277,air-conditioning failure,Generated active advisory for late academic-year room-finder testing.,2025-08-12T03:00:00,,in progress,,advisory,advisory
1001102,DG042,DGTA0021,,network problem,Generated active advisory for late academic-year room-finder testing.,2025-08-16T13:00:00,,in progress,,advisory,advisory
1001103,DG002,DGU0263,,cleaning issue,Generated active advisory for late academic-year room-finder testing.,2025-08-14T23:00:00,,in progress,,advisory,advisory
1001104,DG047,DGTA0003,,other,Generated active advisory for late academic-year room-finder testing.,2025-08-06T02:00:00,,in progress,,advisory,advisory
1001105,DG025,DGU0010,1000187,broken projector,Generated active advisory for late academic-year room-finder testing.,2025-08-20T09:00:00,,in progress,,advisory,advisory
1001106,DG055,DGU0280,,damaged furniture,Generated active advisory for late academic-year room-finder testing.,2025-08-17T17:00:00,,in progress,,advisory,advisory
1001107,DG050,DGTA0021,1000383,air-conditioning failure,Generated active advisory for late academic-year room-finder testing.,2025-08-11T21:00:00,,in progress,,advisory,advisory
1001108,DG005,DGU0011,,other,Generated active advisory for late academic-year room-finder testing.,2025-08-09T05:00:00,,in progress,,advisory,advisory
1001109,DG001,DGL0029,1000000,broken projector,Generated active advisory for late academic-year room-finder testing.,2025-08-13T07:00:00,,in progress,,advisory,advisory
1001110,DG039,DGFS0008,,other,Generated active advisory for late academic-year room-finder testing.,2025-08-14T11:00:00,,in progress,,advisory,advisory
1001111,DG025,DGTA0011,1000191,air-conditioning failure,Generated active advisory for late academic-year room-finder testing.,2025-08-10T06:00:00,,in progress,,advisory,advisory
1001112,DG035,DGU0231,,damaged furniture,Generated active advisory for late academic-year room-finder testing.,2025-08-07T07:00:00,,in progress,,advisory,advisory
1001113,DG003,DGU0160,1000022,air-conditioning failure,Generated active advisory for late academic-year room-finder testing.,2025-08-01T23:00:00,,in progress,,advisory,advisory
1001114,DG040,DGU0369,,damaged furniture,Generated active advisory for late academic-year room-finder testing.,2025-08-06T06:00:00,,in progress,,advisory,advisory
1001115,DG013,DGU0206,,other,Generated active advisory for late academic-year room-finder testing.,2025-08-15T02:00:00,,in progress,,advisory,advisory
1001116,DG027,DGU0033,1000212,broken projector,Generated active advisory for late academic-year room-finder testing.,2025-08-03T20:00:00,,in progress,,advisory,advisory
1001117,DG009,DGU0159,1000069,air-conditioning failure,Generated active advisory for late academic-year room-finder testing.,2025-08-07T18:00:00,,in progress,,advisory,advisory
1001118,DG009,DGU0307,,cleaning issue,Generated active advisory for late academic-year room-finder testing.,2025-08-19T06:00:00,,in progress,,advisory,advisory
1001119,DG059,DGTA0006,,damaged furniture,Generated active advisory for late academic-year room-finder testing.,2025-08-06T18:00:00,,in progress,,advisory,advisory
1001120,DG019,DGU0152,,damaged furniture,Generated active advisory for late academic-year room-finder testing.,2025-08-12T12:00:00,,in progress,,advisory,advisory
1001121,DG004,DGU0084,,damaged furniture,Generated active advisory for late academic-year room-finder testing.,2025-08-12T07:00:00,,in progress,,advisory,advisory
1001122,DG032,DGU0055,,damaged furniture,Generated active advisory for late academic-year room-finder testing.,2025-08-11T04:00:00,,in progress,,advisory,advisory
1001123,DG018,DGU0239,,damaged furniture,Generated active advisory for late academic-year room-finder testing.,2025-08-19T12:00:00,,in progress,,advisory,advisory
1001124,DG044,DGU0391,,other,Generated active advisory for late academic-year room-finder testing.,2025-08-14T07:00:00,,in progress,,advisory,advisory
1001125,DG024,DGU0349,1000184,air-conditioning failure,Generated active advisory for late academic-year room-finder testing.,2025-08-05T00:00:00,,in progress,,advisory,advisory
1001126,DG037,DGU0096,,damaged furniture,Generated active advisory for late academic-year room-finder testing.,2025-08-12T15:00:00,,in progress,,advisory,advisory
1001127,DG033,DGU0227,,cleaning issue,Generated active advisory for late academic-year room-finder testing.,2025-08-06T04:00:00,,in progress,,advisory,advisory
1001128,DG029,DGU0069,,network problem,Generated active advisory for late academic-year room-finder testing.,2025-08-07T11:00:00,,in progress,,advisory,advisory
1001129,DG021,DGFS0022,,network problem,Generated active advisory for late academic-year room-finder testing.,2025-08-18T19:00:00,,in progress,,advisory,advisory
1001130,DG039,DGU0193,,other,Generated active advisory for late academic-year room-finder testing.,2025-08-04T18:00:00,,in progress,,advisory,advisory
1001131,DG012,DGU0040,,cleaning issue,Generated active advisory for late academic-year room-finder testing.,2025-08-13T16:00:00,,in progress,,advisory,advisory
1001132,DG010,DGU0059,,network problem,Generated active advisory for late academic-year room-finder testing.,2025-08-13T17:00:00,,in progress,,advisory,advisory
1001133,DG050,DGU0078,1000383,air-conditioning failure,Generated active advisory for late academic-year room-finder testing.,2025-08-02T21:00:00,,in progress,,advisory,advisory
1001134,DG035,DGU0168,,cleaning issue,Generated active advisory for late academic-year room-finder testing.,2025-08-04T22:00:00,,in progress,,advisory,advisory
1001135,DG033,DGFS0003,,damaged furniture,Generated active advisory for late academic-year room-finder testing.,2025-08-04T00:00:00,,in progress,,advisory,advisory
1001136,DG052,DGU0011,,cleaning issue,Generated active advisory for late academic-year room-finder testing.,2025-08-17T18:00:00,,in progress,,advisory,advisory
1001137,DG015,DGU0271,,other,Generated active advisory for late academic-year room-finder testing.,2025-08-19T06:00:00,,in progress,,advisory,advisory
1001138,DG036,DGFS0019,,cleaning issue,Generated active advisory for late academic-year room-finder testing.,2025-08-15T16:00:00,,in progress,,advisory,advisory
1001139,DG007,DGL0004,1000047,air-conditioning failure,Generated active advisory for late academic-year room-finder testing.,2025-08-15T05:00:00,,in progress,,advisory,advisory
1001140,DG053,DGFS0002,,cleaning issue,Generated active advisory for late academic-year room-finder testing.,2025-08-05T08:00:00,,in progress,,advisory,advisory
1001141,DG049,DGU0166,,network problem,Generated active advisory for late academic-year room-finder testing.,2025-08-15T15:00:00,,in progress,,advisory,advisory
1001142,DG059,DGU0206,,cleaning issue,Generated active advisory for late academic-year room-finder testing.,2025-08-04T04:00:00,,in progress,,advisory,advisory
1001143,DG040,DGU0288,,network problem,Generated active advisory for late academic-year room-finder testing.,2025-08-05T20:00:00,,in progress,,advisory,advisory
1001144,DG050,DGU0300,,other,Generated active advisory for late academic-year room-finder testing.,2025-08-14T08:00:00,,in progress,,advisory,advisory
1001145,DG057,DGU0306,,damaged furniture,Generated active advisory for late academic-year room-finder testing.,2025-08-18T11:00:00,,in progress,,advisory,advisory
1001146,DG012,DGU0351,,cleaning issue,Generated active advisory for late academic-year room-finder testing.,2025-08-16T18:00:00,,in progress,,advisory,advisory
1001147,DG057,DGU0163,,network problem,Generated active advisory for late academic-year room-finder testing.,2025-08-03T08:00:00,,in progress,,advisory,advisory
1001148,DG060,DGFS0025,,cleaning issue,Generated active advisory for late academic-year room-finder testing.,2025-08-07T17:00:00,,in progress,,advisory,advisory
1001149,DG011,DGFS0001,,cleaning issue,Generated active advisory for late academic-year room-finder testing.,2025-08-07T23:00:00,,in progress,,advisory,advisory
1001150,DG044,DGU0167,,network problem,Generated active advisory for late academic-year room-finder testing.,2025-08-12T00:00:00,,in progress,,advisory,advisory
1001151,DG014,DGU0074,,cleaning issue,Generated active advisory for late academic-year room-finder testing.,2025-08-03T15:00:00,,in progress,,advisory,advisory
1001152,DG016,DGU0268,1000132,air-conditioning failure,Generated active advisory for late academic-year room-finder testing.,2025-08-01T21:00:00,,in progress,,advisory,advisory
1001153,DG043,DGU0280,,other,Generated active advisory for late academic-year room-finder testing.,2025-08-02T10:00:00,,in progress,,advisory,advisory
1001154,DG030,DGL0004,,network problem,Generated active advisory for late academic-year room-finder testing.,2025-08-10T07:00:00,,in progress,,advisory,advisory
1001155,DG019,DGU0262,,cleaning issue,Generated active advisory for late academic-year room-finder testing.,2025-08-02T14:00:00,,in progress,,advisory,advisory
1001156,DG018,DGU0329,,cleaning issue,Generated active advisory for late academic-year room-finder testing.,2025-08-06T13:00:00,,in progress,,advisory,advisory
1001157,DG053,DGU0131,,damaged furniture,Generated active advisory for late academic-year room-finder testing.,2025-08-03T10:00:00,,in progress,,advisory,advisory
1001158,DG020,DGFS0010,,network problem,Generated active advisory for late academic-year room-finder testing.,2025-08-16T23:00:00,,in progress,,advisory,advisory
1001159,DG019,DGU0060,1000145,air-conditioning failure,Generated active advisory for late academic-year room-finder testing.,2025-08-10T15:00:00,,in progress,,advisory,advisory
1001160,DG056,DGU0197,,other,Generated active advisory for late academic-year room-finder testing.,2025-08-03T01:00:00,,in progress,,advisory,advisory
1001161,DG059,DGU0276,1000470,air-conditioning failure,Generated active advisory for late academic-year room-finder testing.,2025-08-18T13:00:00,,in progress,,advisory,advisory
1001162,DG002,DGU0160,,cleaning issue,Generated active advisory for late academic-year room-finder testing.,2025-08-01T11:00:00,,in progress,,advisory,advisory
1001163,DG026,DGFS0025,,network problem,Generated active advisory for late academic-year room-finder testing.,2025-08-03T14:00:00,,in progress,,advisory,advisory
1001164,DG026,DGU0321,,cleaning issue,Generated active advisory for late academic-year room-finder testing.,2025-08-11T20:00:00,,in progress,,advisory,advisory
1001165,DG029,DGFS0011,,damaged furniture,Generated active advisory for late academic-year room-finder testing.,2025-08-03T09:00:00,,in progress,,advisory,advisory
1001166,DG026,DGTA0004,,cleaning issue,Generated active advisory for late academic-year room-finder testing.,2025-08-02T00:00:00,,in progress,,advisory,advisory
1001167,DG024,DGFS0023,,other,Generated active advisory for late academic-year room-finder testing.,2025-08-18T15:00:00,,in progress,,advisory,advisory
1001168,DG029,DGFS0019,,damaged furniture,Generated active advisory for late academic-year room-finder testing.,2025-08-19T15:00:00,,in progress,,advisory,advisory
1001169,DG012,DGFS0020,,damaged furniture,Generated active advisory for late academic-year room-finder testing.,2025-08-19T14:00:00,,in progress,,advisory,advisory
1001170,DG004,DGFS0013,,other,Generated active advisory for late academic-year room-finder testing.,2025-08-07T15:00:00,,in progress,,advisory,advisory
1001171,DG048,DGFS0024,1000372,air-conditioning failure,Generated active advisory for late academic-year room-finder testing.,2025-08-03T06:00:00,,in progress,,advisory,advisory
1001172,DG023,DGU0068,,other,Generated active advisory for late academic-year room-finder testing.,2025-08-17T14:00:00,,in progress,,advisory,advisory
1001173,DG039,DGU0310,1000301,air-conditioning failure,Generated active advisory for late academic-year room-finder testing.,2025-08-01T09:00:00,,in progress,,advisory,advisory
1001174,DG055,DGU0224,1000425,broken projector,Generated active advisory for late academic-year room-finder testing.,2025-08-13T09:00:00,,in progress,,advisory,advisory
1001175,DG022,DGFS0008,,damaged furniture,Generated active advisory for late academic-year room-finder testing.,2025-08-02T02:00:00,,in progress,,advisory,advisory
1001176,DG027,DGU0022,1000213,air-conditioning failure,Generated active advisory for late academic-year room-finder testing.,2025-08-07T09:00:00,,in progress,,advisory,advisory
1001177,DG037,DGDA0006,,network problem,Generated active advisory for late academic-year room-finder testing.,2025-08-13T22:00:00,,in progress,,advisory,advisory
1001178,DG020,DGU0382,,network problem,Generated active advisory for late academic-year room-finder testing.,2025-08-15T06:00:00,,in progress,,advisory,advisory
1001179,DG008,DGU0035,,network problem,Generated active advisory for late academic-year room-finder testing.,2025-08-13T11:00:00,,in progress,,advisory,advisory
1001180,DG002,DGU0237,,network problem,Generated active advisory for late academic-year room-finder testing.,2025-08-04T19:00:00,,in progress,,advisory,advisory
1001181,DG039,DGFM0004,1000301,air-conditioning failure,Generated active advisory for late academic-year room-finder testing.,2025-08-16T06:00:00,,in progress,,advisory,advisory
1001182,DG054,DGL0018,,damaged furniture,Generated active advisory for late academic-year room-finder testing.,2025-08-06T23:00:00,,in progress,,advisory,advisory
1001183,DG047,DGU0373,,other,Generated active advisory for late academic-year room-finder testing.,2025-08-18T04:00:00,,in progress,,advisory,advisory
1001184,DG044,DGU0281,1000333,air-conditioning failure,Generated active advisory for late academic-year room-finder testing.,2025-08-15T11:00:00,,in progress,,advisory,advisory
1001185,DG010,DGU0254,1000083,air-conditioning failure,Generated active advisory for late academic-year room-finder testing.,2025-08-15T14:00:00,,in progress,,advisory,advisory
1001186,DG013,DGU0066,1000091,broken projector,Generated active advisory for late academic-year room-finder testing.,2025-08-02T08:00:00,,in progress,,advisory,advisory
1001187,DG046,DGU0249,,network problem,Generated active advisory for late academic-year room-finder testing.,2025-08-15T20:00:00,,in progress,,advisory,advisory
1001188,DG033,DGU0200,,network problem,Generated active advisory for late academic-year room-finder testing.,2025-08-17T02:00:00,,in progress,,advisory,advisory
1001189,DG033,DGU0232,,damaged furniture,Generated active advisory for late academic-year room-finder testing.,2025-08-16T19:00:00,,in progress,,advisory,advisory
1001190,DG051,DGU0140,,network problem,Generated active advisory for late academic-year room-finder testing.,2025-08-16T17:00:00,,in progress,,advisory,advisory
1001191,DG024,DGTA0024,,network problem,Generated active advisory for late academic-year room-finder testing.,2025-08-03T18:00:00,,in progress,,advisory,advisory
1001192,DG015,DGL0019,,damaged furniture,Generated active advisory for late academic-year room-finder testing.,2025-08-13T09:00:00,,in progress,,advisory,advisory
1001193,DG040,DGU0301,,other,Generated active advisory for late academic-year room-finder testing.,2025-08-10T00:00:00,,in progress,,advisory,advisory
1001194,DG050,DGU0242,,network problem,Generated active advisory for late academic-year room-finder testing.,2025-08-14T05:00:00,,in progress,,advisory,advisory
1001195,DG037,DGFS0014,,cleaning issue,Generated active advisory for late academic-year room-finder testing.,2025-08-19T06:00:00,,in progress,,advisory,advisory
1001196,DG039,DGU0021,,cleaning issue,Generated active advisory for late academic-year room-finder testing.,2025-08-03T06:00:00,,in progress,,advisory,advisory
1001197,DG054,DGU0220,,network problem,Generated active advisory for late academic-year room-finder testing.,2025-08-20T12:00:00,,in progress,,advisory,advisory
1001198,DG003,DGU0004,,damaged furniture,Generated active advisory for late academic-year room-finder testing.,2025-08-15T17:00:00,,in progress,,advisory,advisory
1001199,DG045,DGU0099,1000347,broken projector,Generated active advisory for late academic-year room-finder testing.,2025-08-17T02:00:00,,in progress,,advisory,advisory
